user_id,month,salary_income,bonus_income,total_income,total_debits,variable_spending,essential_spending,discretionary_spending,recurring_spending,transaction_count,debit_transaction_count,credit_transaction_count,transactions_per_day,debit_transactions_per_day,average_transaction,median_transaction,transaction_amount_std,starting_balance,ending_balance,minimum_balance,maximum_balance,average_balance,net_cash_flow,savings_rate,income_to_expense_ratio,essential_spending_ratio,discretionary_spending_ratio,minimum_balance_ratio,average_balance_ratio,balance_change,financial_state,previous_financial_state,state_changed,state_transition,state_duration,recent_state_change,historical_spending_mean,historical_spending_std,spending_baseline_deviation,spending_baseline_ratio,transaction_count_change,savings_rate_change,rolling_spending_mean,rolling_spending_std,rolling_spending_min,rolling_spending_max,rolling_income_mean,income_volatility,rolling_average_balance,rolling_minimum_balance,rolling_savings_rate,rolling_transaction_count,rolling_net_cash_flow,spending_growth,discretionary_spending_growth,income_growth,balance_growth,spending_acceleration,cash_buffer,cash_buffer_ratio,expense_pressure,discretionary_pressure,negative_cash_flow,category_shift,has_full_history,prediction_date,prediction_balance,horizon_end,minimum_future_balance,ending_future_balance,future_net_cash_flow,future_income,future_expenses,negative_cashflow_days,required_obligations,obligation_coverage,future_transaction_count,future_discretionary_spending,future_essential_spending,critical_liquidity,obligation_failure,severe_liquidity_drawdown,liquidity_ratio,financial_stress_30d,risk_probability,liquidity_pressure_score,spending_pressure_score,obligation_pressure_score,max_pressure_score,pressure_state,pressure_severity,eligibility_threshold,eligible,intervention_category,treatment,control,randomization_stratum,randomization_balance_score,synthetic_financial_stress_30d,synthetic_cash_buffer_change,synthetic_savings_rate_change,synthetic_discretionary_spending_change,predicted_outcome_control,predicted_outcome_treatment,cate,absolute_effect,cate_estimation_type
4,2026-09-01,58557.49,0.0,58557.49,51943.81,31822.75,13637.83,18184.92,20121.06,131,130,1,4.366666666666666,4.333333333333333,843.5213740458014,205.27,5333.325946286997,149879.95,156493.63,99779.01,158336.5,116802.61259541984,6613.68,0.1129433655711677,1.127323736938049,0.4285559858905971,0.5714440141094029,1.703949571609029,1.9946656285202773,6613.679999999993,RECOVERY,SPENDING_PRESSURE,True,SPENDING_PRESSURE->RECOVERY,1,1,30650.16375,3431.6393242794425,1172.5862500000003,1.0382570957716335,-41.0,0.0679254188945178,32096.369999999995,2680.325196165564,29563.35,34903.009999999995,58156.420000000006,484.63384044038656,113899.24468643396,91488.02,0.1018839412452161,160.66666666666666,5938.9900000000025,-0.0882519874360404,-0.1881710397438563,0.0163070822943767,0.0441265159215757,-0.2688695426183861,99779.01,1.703949571609029,0.8870566344288322,0.3105481467870293,0,0.15149016783145,True,2026-09-30,156493.63,2026-10-30,108145.95000000006,165981.19000000006,9487.560000000003,58674.48,49186.92,29,20121.06,10.693676675085706,162,16064.449999999995,33122.47,False,False,False,0.6910565624939498,0,0.0002117875167229,0.7605999999999999,0.6313,0.7214499999999999,0.7605999999999999,LIQUIDITY_PRESSURE,0.7605999999999999,0.7522249999999999,True,LIQUIDITY_PROTECTION,0,1,LIQUIDITY_PROTECTION_LOW,0.2079107090207266,0,-0.041158099090404,0.0126152763149872,0.0385051085300089,0.3362995381190299,0.2556641692824971,-0.08063536883653283,0.08063536883653283,in_sample
32,2026-09-01,42321.15,0.0,42321.15,43034.19000000001,15271.53,7987.96,7283.570000000001,27762.660000000003,102,101,1,3.4,3.3666666666666667,836.8170588235294,83.33500000000001,4524.206747542391,56379.2,55666.16,42800.66,85121.81,61414.7718627451,-713.0400000000081,-0.0168483134319367,0.9834308488204376,0.5230621948161055,0.4769378051838945,1.0113302686718106,1.4511602794996143,-713.0399999999936,LIQUIDITY_STRESS,SPENDING_PRESSURE,True,SPENDING_PRESSURE->LIQUIDITY_STRESS,2,1,10513.9025,1552.224205314517,4757.6275000000005,1.4525082384966002,-49.0,-0.0508190114443455,13138.786666666669,2168.550649958018,10936.12,15271.53,42366.40666666667,45.496872785996125,61185.36689782452,37957.48,0.0345604415825748,126.0,1464.9600000000016,0.1561711930990992,1.1520563042367051,-0.0021453763002762,-0.012647217413514,-0.0516346832080372,42800.66,1.0113302686718106,1.0168483134319366,0.1721023648932035,1,0.2517883868660617,True,2026-09-30,55666.16,2026-10-30,41692.96000000001,59504.43000000005,3838.270000000004,41599.03,37760.76,28,27762.660000000003,3.5034535595652576,90,1934.139999999992,35826.62,False,False,False,0.7489821464243268,0,0.0001160067936412,0.91515,0.7715,0.86835,0.91515,LIQUIDITY_PRESSURE,0.91515,0.7522249999999999,True,LIQUIDITY_PROTECTION,1,0,LIQUIDITY_PROTECTION_HIGH,0.2079107090207266,0,0.1215996985580726,0.0090009741617826,-0.0122752590083222,0.3431349617901807,0.11234529479102551,-0.2307896669991552,0.2307896669991552,in_sample
53,2026-09-01,20000.0,0.0,20000.0,20651.05,3506.91,2904.1,602.8100000000001,17144.14,175,174,1,5.833333333333333,5.8,232.2917142857143,20.0,1702.865026783016,43466.35,42815.3,23054.2,43446.35,27836.24628571429,-651.0499999999993,-0.0325524999999999,0.968473757992935,0.8281079354759603,0.1718920645240397,1.15271,1.3918123142857144,-651.0499999999956,LIQUIDITY_STRESS,SPENDING_PRESSURE,True,SPENDING_PRESSURE->LIQUIDITY_STRESS,5,1,4972.48625,2201.8749782916348,-1465.57625,0.7052628853423174,-37.0,-0.0325852708743547,3917.863333333333,533.4611454767191,3506.91,4520.73,20555.193333333333,961.6230613568584,29041.13278664604,22423.68,-0.0253414097085484,192.0,-506.80999999999887,-0.2242602411557425,-0.4940662033773122,-0.0768767787430569,-0.0149782532924893,-0.4375695985008488,23054.2,1.15271,1.0325525,0.0301405,1,0.0798159583511873,True,2026-09-30,42815.3,2026-10-30,20649.889999999992,43280.17,464.869999999999,22929.33,22464.460000000003,29,17144.14,3.834816444569399,201,1383.8100000000013,21080.65,False,False,False,0.4823016538480401,0,0.0003279706123153,0.90495,0.2406,0.7721999999999999,0.90495,LIQUIDITY_PRESSURE,0.90495,0.7522249999999999,True,LIQUIDITY_PROTECTION,0,1,LIQUIDITY_PROTECTION_HIGH,0.2079107090207266,0,0.0061918051101436,0.0087321504920229,-0.0101312591772521,0.3704220278749099,0.12534668164374613,-0.24507534623116378,0.24507534623116378,in_sample
58,2026-09-01,21569.22,0.0,21569.22,20473.17,7572.67,4413.410000000001,3159.2600000000007,12900.5,181,180,1,6.033333333333333,6.0,232.27839779005524,34.14,1755.0702776584749,59426.08,60522.13,40492.83,62062.05,48258.30712707182,1096.050000000003,0.0508154675968812,1.0535359204265875,0.5828076490854613,0.4171923509145388,1.8773432697148995,2.237369136532142,1096.0499999999956,RECOVERY,RECOVERY,False,NO_CHANGE,7,0,9661.06375,2953.3219431584275,-2088.393750000001,0.7838339748042755,-1.0,-0.0103608628827477,8349.066666666666,2726.5704889537205,6094.9,11379.63,22584.11333333333,2906.793954072655,46667.85996797012,36089.53,0.0590723293964385,177.33333333333334,1334.546666666669,-0.3345416327244382,-0.3059469672005096,-0.165997287943179,0.0184439222644332,-1.201615743866541,40492.83,1.8773432697148995,0.9491845324031188,0.1464707578669975,0,0.2232401551534412,True,2026-09-30,60522.13,2026-10-30,42119.37000000002,61887.88000000001,1365.75,20704.18,19338.43,29,12900.5,6.296369132979342,175,2897.3700000000026,16441.059999999998,False,False,False,0.6959333718096177,0,0.0001007203178375,0.7986000000000001,0.3218499999999999,0.67035,0.7986000000000001,LIQUIDITY_PRESSURE,0.7986000000000001,0.7522249999999999,True,LIQUIDITY_PROTECTION,1,0,LIQUIDITY_PROTECTION_LOW,0.2079107090207266,0,0.0737074015799783,0.0143469750438689,-0.0319240994326887,0.12073880714544875,0.2237106341183034,0.10297182697285463,0.10297182697285463,in_sample
68,2026-09-01,22155.31,0.0,22155.31,22200.59,2130.9,1430.9,700.0,20069.69,110,109,1,3.6666666666666665,3.633333333333333,403.23545454545456,20.0,2347.9074610105613,13789.84,13744.56,-6134.24,16021.07,4941.35890909091,-45.27999999999884,-0.0020437538450149,0.997960414565559,0.671500305035431,0.3284996949645689,-0.2768744829117714,0.2230327135612595,-45.280000000000655,LIQUIDITY_STRESS,LIQUIDITY_STRESS,False,NO_CHANGE,7,0,5138.63125,3237.619582243533,-3007.7312500000003,0.4146824117803744,-18.0,0.296288698876553,5568.193333333334,3918.528821143637,2130.9,9835.1,21996.926666666663,1123.896372106141,9810.344741494808,-6134.24,-0.1643176878914262,115.33333333333331,-3640.956666666665,-0.7833372309381704,-0.9128493651076248,-0.0381153663641615,-0.0032835768942932,-1.8588746282175244,0.0,0.0,1.0020437538450149,0.031595134529826,1,0.5128429785272525,True,2026-09-30,13744.56,2026-10-30,-11180.59,8248.039999999999,-5496.519999999997,21589.66,27086.18,29,20069.69,1.7605762719802849,107,5763.950000000001,21322.23,True,False,True,-0.813455650817487,1,0.8953240341759663,0.9724,0.1036499999999999,0.8023,0.9724,LIQUIDITY_PRESSURE,0.9724,0.7522249999999999,True,LIQUIDITY_PROTECTION,0,1,LIQUIDITY_PROTECTION_HIGH,0.2079107090207266,1,0.0178284112722548,0.0159065506121228,0.0038939529290047,0.3705107793318689,0.12053930273609575,-0.24997147659577312,0.24997147659577312,in_sample
84,2026-09-01,20000.0,0.0,20000.0,20895.88,3391.86,1216.6,2175.26,17504.02,154,153,1,5.133333333333334,5.1,265.5576623376623,20.0,1792.0324248714303,24.09,-871.79,-7771.31,12228.69,1647.4014285714284,-895.880000000001,-0.044794,0.9571264766068718,0.3586822569327743,0.6413177430672258,-0.3885655,0.0823700714285714,-895.88,LIQUIDITY_STRESS,LIQUIDITY_STRESS,False,NO_CHANGE,9,0,4008.55375,608.2393588743895,-616.6937500000004,0.8461555492426663,-6.0,-0.0001864999999999,3358.776666666666,54.10389295913294,3296.34,3391.86,20000.0,0.0,2738.8432866743474,-7771.31,-0.0431398333333333,156.33333333333334,-862.7966666666665,0.0011009022676224,0.1493561732863433,0.0,-37.18887505188875,-0.0267451330321342,0.0,0.0,1.044794,0.108763,1,0.0412894351115295,True,2026-09-30,-871.79,2026-10-30,-8877.58,-1793.8799999999987,-922.09,20000.0,20922.09,29,17504.02,1.092789542059481,167,2146.8600000000006,18775.23,True,False,False,0.0,1,0.9912386209604196,0.9874,0.5122,0.7867,0.9874,LIQUIDITY_PRESSURE,0.9874,0.7522249999999999,True,LIQUIDITY_PROTECTION,0,1,LIQUIDITY_PROTECTION_HIGH,0.2079107090207266,1,-0.4409815674465814,0.0065126246531878,0.0094984150706148,0.37125130519236865,0.1034034159522976,-0.2678478892400711,0.2678478892400711,in_sample
92,2026-09-01,56686.56,0.0,56686.56,54469.08,26701.03,12629.9,14071.13,27768.05,131,130,1,4.366666666666666,4.333333333333333,848.5163358778625,111.42,5351.32548114048,77661.16,79878.64,25666.78,82353.34,45906.33717557252,2217.480000000003,0.0391182671871428,1.040710803266734,0.4730117152783993,0.5269882847216006,0.4527842225740986,0.8098275354082611,2217.479999999996,RECOVERY,RECOVERY,False,NO_CHANGE,3,0,20150.74125,6178.815386880835,6550.288750000003,1.3250644067498014,-22.0,-0.0846778924489169,21515.9,4583.791130789014,18003.03,26701.03,55381.16,1195.8439235953906,41946.33961852909,18410.91,0.1108331404770553,142.0,6097.210000000004,0.3455711754496657,1.474675741507725,0.0432097992955284,0.028553269098736,0.2433322745535389,25666.78,0.4527842225740986,0.9608817328128572,0.2482269165742285,0,0.332558633909327,True,2026-09-30,79878.64,2026-10-30,38680.240000000005,90281.89,10403.25,53020.36,42617.11,27,27768.05,4.786040071232946,122,3687.239999999998,38929.87,False,False,False,0.4842375884216356,0,0.001384325578133,0.92865,0.8714999999999999,0.8409,0.92865,LIQUIDITY_PRESSURE,0.92865,0.7522249999999999,True,LIQUIDITY_PROTECTION,0,1,LIQUIDITY_PROTECTION_HIGH,0.2079107090207266,0,0.001159618511925,0.0223331255208353,-0.0130299368534176,0.23561634289530167,0.11714192779396711,-0.11847441510133457,0.11847441510133457,in_sample
96,2026-09-01,31172.51,0.0,31172.51,28629.3,3901.67,2379.54,1522.13,24727.63,89,88,1,2.966666666666667,2.933333333333333,671.9304494382023,38.96,3580.0727831170843,42216.15,44759.36,13707.44,44879.95,19567.054943820225,2543.209999999999,0.0815850247541824,1.0888324199334247,0.6098773089471944,0.3901226910528056,0.439728465882279,0.6277022589396948,2543.209999999999,RECOVERY,RECOVERY,False,NO_CHANGE,3,0,6159.245,3677.52770448533,-2257.575,0.6334656276865103,-2.0,-0.012093102532766,7697.423333333333,6421.855475891164,3901.67,15112.04,32283.866666666665,1428.7451963290478,18903.30184848028,5510.26,-3.513830298870757e-05,93.0,-141.18666666666832,-0.0433706994625554,0.0068062757963804,-0.0192271994190718,0.0602425848875372,0.6867411848363215,13707.44,0.439728465882279,0.9184149752458176,0.0488292408920552,0,0.0831554936171167,True,2026-09-30,44759.36,2026-10-30,44759.36,45440.85000000001,681.4900000000016,31172.51,30491.02,25,24727.63,3.070729786882123,62,2706.7700000000004,27784.25,False,False,False,1.0,0,0.0535472422953825,0.85415,0.32645,0.7421,0.85415,LIQUIDITY_PRESSURE,0.85415,0.7522249999999999,True,LIQUIDITY_PROTECTION,0,1,LIQUIDITY_PROTECTION_MEDIUM,0.2079107090207266,0,0.0148772682148557,0.0217076813176381,-0.0471168151782884,0.11982802550910568,0.24194727404194688,0.1221192485328412,0.1221192485328412,in_sample
115,2026-09-01,25663.49,0.0,25663.49,22410.97,10018.56,5033.19,4985.37,12392.410000000002,144,143,1,4.8,4.766666666666667,333.85041666666666,68.35,2211.185161123928,55968.78,59221.3,34881.77,60545.26,46259.07798611112,3252.5200000000004,0.126737244232955,1.1451307105404185,0.5023865705251054,0.4976134294748946,1.359198222844983,1.8025248314282707,3252.520000000004,STABLE,SPENDING_PRESSURE,True,SPENDING_PRESSURE->STABLE,4,1,8908.81125,1551.7879444548344,1109.7487499999988,1.124567545417465,6.0,-0.0050355512132699,9236.056666666664,2387.038642467552,6555.979999999999,11133.63,24830.476666666666,2777.976194828411,43135.840591329965,30682.5,0.1288566756288574,138.0,3202.01,-0.1001533192678399,-0.0304156553398057,-0.05289032145683,0.0581131123458471,-0.7983937043818891,34881.77,1.359198222844983,0.8732627557670449,0.1942592375393993,0,0.1118250522237649,True,2026-09-30,59221.3,2026-10-30,36231.12,63204.51,3983.2100000000014,27661.23,23678.02,28,12392.410000000002,7.010947023218243,141,5320.909999999996,18357.11,False,False,False,0.6117920410392882,0,0.0001304523188079,0.75385,0.5802499999999999,0.5527,0.75385,LIQUIDITY_PRESSURE,0.75385,0.7522249999999999,True,LIQUIDITY_PROTECTION,0,1,LIQUIDITY_PROTECTION_LOW,0.2079107090207266,0,-0.039000393677816,-0.032081405235235,0.0117099916864318,0.09981794048143139,0.3249167178643283,0.2250987773828969,0.2250987773828969,in_sample
123,2026-09-01,68765.5,0.0,68765.5,60269.35,38833.52,25830.18,13003.34,21435.83,152,151,1,5.066666666666666,5.033333333333333,848.9134868421053,221.27,5639.8259132657095,157341.28,165837.43,99418.08,168183.58,123385.77993421051,8496.150000000001,0.1235525081617962,1.140969663684775,0.6651516524899108,0.3348483475100892,1.445755211552305,1.7942977210114155,8496.149999999994,RECOVERY,RECOVERY,False,NO_CHANGE,4,0,33538.48375,4605.131770960793,5295.036249999997,1.1578794166566937,-20.0,0.0104336994506829,35625.21,3435.118163571671,32001.13,38833.52,65336.27333333334,3197.9057249133016,118670.32173291514,90176.27,0.1269323685021335,161.33333333333334,8275.233333333332,0.0774823548083321,-0.2089338315364521,0.0610684301995176,0.0539982260218043,-0.0487584998114891,99418.08,1.445755211552305,0.8764474918382037,0.1890968581628869,0,0.1750311436997591,True,2026-09-30,165837.43,2026-10-30,107433.46999999988,173194.08999999988,7356.6600000000035,66911.44,59554.78,29,21435.83,10.857935988482836,182,18220.530000000013,41334.24999999999,False,False,False,0.6478240165685146,0,6.151259630129148e-05,0.7575,0.74965,0.7043999999999999,0.7575,LIQUIDITY_PRESSURE,0.7575,0.7522249999999999,True,LIQUIDITY_PROTECTION,1,0,LIQUIDITY_PROTECTION_LOW,0.2079107090207266,0,0.1068219249580318,0.0178291514334333,-0.0622009736611157,0.21758010577725148,0.23327649360206906,0.01569638782481758,0.01569638782481758,in_sample
136,2026-09-01,69721.18,0.0,69721.18,65572.34999999999,42008.36,22213.49,19794.869999999995,23563.99,135,134,1,4.5,4.466666666666667,1002.174296296296,258.41,6231.952964683876,110482.99,114631.82,53572.83,123294.01,82651.77422222223,4148.830000000002,0.0595060209824332,1.0632710281086464,0.5287873651815972,0.4712126348184027,0.7683867370001484,1.1854614942291888,4148.830000000002,SPENDING_PRESSURE,SPENDING_PRESSURE,False,NO_CHANGE,6,0,39672.14,6693.82830652663,2336.220000000001,1.0588881769423075,-6.0,0.0537681438064335,43220.98333333334,5753.487961978671,38170.46000000001,49484.130000000005,69800.10333333333,3630.7584032311074,80499.22922655636,47733.42,0.0442774790855678,140.0,3015.1299999999974,-0.1510740918350995,-0.0080757545463703,-0.0510210470496128,0.0375517534418647,-0.4474726681163389,53572.83,0.7683867370001484,0.9404939790175668,0.283914730071981,0,0.2529308411219916,True,2026-09-30,114631.82,2026-10-30,64424.30000000006,124604.56000000006,9972.73999999999,65442.1,55469.36000000001,29,23563.99,7.641911238291988,122,15282.250000000007,40187.11,False,False,False,0.5620106179942014,0,0.0002067309607804,0.88865,0.61205,0.79325,0.88865,LIQUIDITY_PRESSURE,0.88865,0.7522249999999999,True,LIQUIDITY_PROTECTION,1,0,LIQUIDITY_PROTECTION_MEDIUM,0.2079107090207266,1,0.0713664749529885,0.0530024088626561,-0.0513447262506244,0.20450547753000728,0.23394047357161166,0.029434996041604378,0.029434996041604378,in_sample
169,2026-09-01,59808.87,0.0,59808.87,54593.25,24331.53,17650.059999999998,6681.47,30261.72,180,179,1,6.0,5.966666666666667,635.5673333333333,123.205,4905.864111554183,87206.29,92421.91,36615.09,96423.96,54519.69144444444,5215.620000000003,0.0872047908612886,1.0955359865917491,0.7253986905056936,0.2746013094943064,0.612201668414735,0.9115653153862368,5215.62000000001,SPENDING_PRESSURE,STABLE,True,STABLE->SPENDING_PRESSURE,1,1,27150.1825,5496.868267157087,-2818.6525,0.8961829262105329,4.0,-0.053442079594977,24573.673333333336,793.9398279676515,23929.0,25460.490000000005,62179.70333333333,2529.2154331399583,48666.363649826,20160.51,0.1174096148967173,168.33333333333334,7344.31,-0.0443416446423461,-0.0896063550026569,-0.077622018061122,0.0598078418426011,-0.1083430655124202,36615.09,0.612201668414735,0.9127952091387114,0.1117136973161338,0,0.1189250607687468,True,2026-09-30,92421.91,2026-10-30,46096.920000000006,97326.45999999998,4904.549999999996,62209.71,57305.16,29,30261.72,5.1098093565071645,153,15071.94000000001,42233.22,False,False,False,0.4987661475509433,0,0.0011887401283025,0.8383,0.39065,0.77755,0.8383,LIQUIDITY_PRESSURE,0.8383,0.7522249999999999,True,LIQUIDITY_PROTECTION,0,1,LIQUIDITY_PROTECTION_MEDIUM,0.2079107090207266,0,0.0666351957076759,0.0247861442198499,-0.0067373520848805,0.09487216218565307,0.2973035584529919,0.2024313962673388,0.2024313962673388,in_sample
178,2026-09-01,20000.0,0.0,20000.0,17608.52,6596.75,3386.0,3210.7499999999995,11011.77,139,138,1,4.633333333333334,4.6,270.564892086331,41.47,1804.5003941901527,31825.92,34217.4,14818.66,34818.66,21912.0735971223,2391.48,0.1195739999999999,1.1358137992290096,0.5132830560503279,0.4867169439496721,0.740933,1.095603679856115,2391.480000000003,STABLE,SPENDING_PRESSURE,True,SPENDING_PRESSURE->STABLE,2,1,6200.32375,402.7578179054117,396.4262500000005,1.0639363791285898,-19.0,-0.0122834999999999,6163.986666666667,550.6860744864845,5544.129999999999,6596.75,20000.0,0.0,18933.21601818815,9817.43,0.1412121666666665,147.33333333333334,2824.243333333332,0.0386816100568723,-0.2523298108673276,0.0,0.0751425253378379,-0.106868728769959,14818.66,0.740933,0.880426,0.1605374999999999,0,0.1865051439262118,True,2026-09-30,34217.4,2026-10-30,18451.480000000003,38127.7,3910.300000000001,20000.0,16089.7,29,11011.77,4.923586308104873,151,2441.8899999999994,13647.81,False,False,False,0.5392426075622345,0,0.0003620860448042,0.7676499999999999,0.6348,0.48865,0.7676499999999999,LIQUIDITY_PRESSURE,0.7676499999999999,0.7522249999999999,True,LIQUIDITY_PROTECTION,0,1,LIQUIDITY_PROTECTION_LOW,0.2079107090207266,1,0.057050699705927,0.0011131036035261,0.0253707356305055,0.3796237675774449,0.3248798929688469,-0.05474387460859803,0.05474387460859803,in_sample
195,2026-09-01,67896.6,0.0,67896.6,85414.15,47803.19,15618.03,32185.16,37610.96,206,205,1,6.866666666666666,6.833333333333333,744.2269417475728,99.61,5278.194657726592,118343.14,100825.59,34221.45,118231.92,75558.40878640776,-17517.54999999999,-0.2580033462647612,0.794910445166287,0.3267152254901817,0.6732847745098183,0.5040230291354795,1.112845249782872,-17517.550000000003,LIQUIDITY_STRESS,LIQUIDITY_STRESS,False,NO_CHANGE,4,0,27947.44375,9217.713068379251,19855.746250000004,1.710467348198885,10.0,-0.1984628474204659,34441.31333333333,12391.849752382952,23327.189999999995,47803.19,67247.63333333335,1183.2630788348504,77950.99053657295,34221.45,-0.07138741740363,196.3333333333333,-4804.639999999995,0.4848680916307486,0.8992362376131291,0.0305807909549635,-0.1480233666269123,0.1047807343451088,34221.45,0.5040230291354795,1.2580033462647613,0.474031983928503,1,0.567021083519708,True,2026-09-30,100825.59,2026-10-30,41240.58000000008,109304.11000000006,8478.51999999999,68727.54,60249.02,29,37610.96,4.508077698628273,205,6469.520000000004,53779.5,False,False,False,0.4090288983183741,0,0.0014109215909282,0.971,0.95745,0.94175,0.971,LIQUIDITY_PRESSURE,0.971,0.7522249999999999,True,LIQUIDITY_PROTECTION,0,1,LIQUIDITY_PROTECTION_HIGH,0.2079107090207266,0,-0.0129755681282361,-0.0259208869759643,-0.0284769614748469,0.11486372991635764,0.06258357897463986,-0.052280150941717785,0.052280150941717785,in_sample
200,2026-09-01,44639.18,0.0,44639.18,39193.48,12358.71,7610.46,4748.250000000001,26834.770000000004,123,122,1,4.1,4.066666666666666,681.5663414634147,92.71,4379.881298346119,104521.4,109967.1,65594.11,110233.29,75709.50731707318,5445.700000000004,0.1219937283794192,1.1389440284455477,0.6157972798131843,0.3842027201868156,1.4694290979359388,1.6960326627208022,5445.700000000012,RECOVERY,SPENDING_PRESSURE,True,SPENDING_PRESSURE->RECOVERY,1,1,12979.85625,4145.052197386103,-621.1462499999998,0.9521453675575182,-20.0,0.0186238033009165,16284.15,4489.891136330592,12358.71,21179.84,48867.66,5403.975090033258,70974.29968107156,45975.12,0.1172235593379265,134.0,5748.740000000001,-0.1929743566302509,-0.3224287396097176,-0.0503892220600508,0.0521012921755736,0.0839842983926386,65594.11,1.4694290979359388,0.8780062716205808,0.1063695614480373,0,0.1290957022286538,True,2026-09-30,109967.1,2026-10-30,109851.66,115969.05999999995,6001.959999999992,44639.18,38637.22000000001,29,26834.770000000004,5.761416252123643,141,4660.970000000008,33976.25,False,False,False,0.998950231478324,0,0.0001521282972729,0.76195,0.38935,0.7516,0.76195,LIQUIDITY_PRESSURE,0.76195,0.7522249999999999,True,LIQUIDITY_PROTECTION,1,0,LIQUIDITY_PROTECTION_LOW,0.2079107090207266,0,0.0940143760999594,0.0044362598881248,-0.0392478335283404,0.21862797833015832,0.2785995593383498,0.05997158100819147,0.05997158100819147,in_sample
229,2026-09-01,14412.47,0.0,14412.47,15849.14,1500.0,900.0,600.0,14349.14,80,79,1,2.6666666666666665,2.6333333333333333,378.270125,20.0,1835.957608302761,24342.53,22905.86,8513.39,24322.53,11987.874500000002,-1436.67,-0.0996824277864932,0.9093534412592734,0.6,0.4,0.5906961124637207,0.8317709941460417,-1436.6699999999985,LIQUIDITY_STRESS,LIQUIDITY_STRESS,False,NO_CHANGE,9,0,3841.52,1174.8789160711715,-2341.52,0.3904704387846477,-13.0,-0.2371295359836179,2624.61,1060.2124863912877,1500.0,3605.83,18420.13333333333,3492.818091202765,10013.283965716068,1714.55,0.0610894885442217,88.33333333333333,1446.3833333333343,-0.5840070108685101,-0.6367686943045332,-0.3076280452419476,-0.0590189269562365,-0.8866912594234234,8513.39,0.5906961124637207,1.0996824277864932,0.0416306157098679,1,0.2148916566016358,True,2026-09-30,22905.86,2026-10-30,5676.500000000007,25676.500000000007,2770.640000000003,20000.0,17229.359999999997,27,14349.14,2.99013460040114,83,1245.0199999999968,15984.34,False,False,False,0.247818680459935,0,0.0294402289733667,0.96205,0.14505,0.73795,0.96205,LIQUIDITY_PRESSURE,0.96205,0.7522249999999999,True,LIQUIDITY_PROTECTION,0,1,LIQUIDITY_PROTECTION_HIGH,0.2079107090207266,0,-0.031112477657353,-0.0214287627994236,0.0534857882322397,0.26383231716754424,0.2027366103205427,-0.06109570684700155,0.06109570684700155,in_sample
237,2026-09-01,27217.61,0.0,27217.61,26239.94,19043.04,5618.5700000000015,13424.47,7196.9,117,116,1,3.9,3.866666666666666,456.9021367521367,124.97,2562.5207343951147,22821.88,23799.55,16161.68,43379.29,33367.149059829055,977.6699999999984,0.0359204941212692,1.0372588504394444,0.2950458540233073,0.7049541459766928,0.5937949731809663,1.2259397154940883,977.6699999999984,RECOVERY,RECOVERY,False,NO_CHANGE,2,0,18225.0125,3149.861117848804,818.0275000000001,1.0448848800515227,-18.0,-0.0821127679149549,17522.5,1496.6132041379326,16051.02,19043.04,26886.823333333334,461.8332238301186,29903.912668566,10642.85,0.0810201846840062,123.0,2167.423333333331,0.1864068451724563,0.6432767436252425,0.0325666428166582,0.0428391526026776,0.2678115370934519,16161.68,0.5937949731809663,0.9640795058787308,0.4932273627258235,0,0.4150839340252713,True,2026-09-30,23799.55,2026-10-30,16966.819999999992,29952.45999999998,6152.91,24701.49,18548.58,28,7196.9,6.739157137100697,105,7295.760000000002,11252.82,False,False,False,0.7129050759363095,0,0.0051296031951038,0.9022,0.8027,0.53995,0.9022,LIQUIDITY_PRESSURE,0.9022,0.7522249999999999,True,LIQUIDITY_PROTECTION,0,1,LIQUIDITY_PROTECTION_MEDIUM,0.2079107090207266,0,-0.0439888358505523,-0.0087151274700483,0.0086846197225362,0.3556795306147312,0.21616589234966654,-0.13951363826506463,0.13951363826506463,in_sample
260,2026-09-01,30350.02,0.0,30350.02,30162.69,15490.53,5293.39,10197.14,14672.16,206,205,1,6.866666666666666,6.833333333333333,293.75101941747573,52.11,2304.887019233832,76948.78,77136.11,47155.35,77505.37,56361.20019417476,187.3299999999981,0.0061723188320797,1.0062106529623187,0.3417178108173187,0.6582821891826812,1.553717262789283,1.8570399688097323,187.3300000000017,RECOVERY,LIQUIDITY_STRESS,True,LIQUIDITY_STRESS->RECOVERY,1,1,13745.11125,4130.177059924525,1745.4187500000007,1.1269846942853956,24.0,0.2181740932121328,18392.45,3808.2513051530655,15490.53,22704.69,32136.599999999995,2682.193687040515,58777.11343405674,46535.14,-0.0348556547879255,197.0,-928.0099999999996,-0.3177387579394389,-0.3536586525327524,-0.0158539820110548,0.0024344765440076,-0.6547141550186043,47155.35,1.553717262789283,0.9938276811679202,0.3359846220859162,0,0.4792839571855058,True,2026-09-30,77136.11,2026-10-30,77136.11,79358.68000000001,2222.569999999996,30350.02,28127.450000000004,29,14672.16,7.325855906696765,166,6365.580000000002,21761.870000000003,False,False,False,1.0,0,8.655686071393902e-05,0.8585999999999999,0.5566500000000001,0.7227,0.8585999999999999,LIQUIDITY_PRESSURE,0.8585999999999999,0.7522249999999999,True,LIQUIDITY_PROTECTION,1,0,LIQUIDITY_PROTECTION_MEDIUM,0.2079107090207266,0,0.1026861773998082,0.0139021245147385,0.0227607449631885,0.12233536368725031,0.071211667052148,-0.051123696635102314,0.051123696635102314,in_sample
279,2026-09-01,33128.78,0.0,33128.78,29654.22,12008.52,6714.92,5293.599999999999,17645.699999999997,180,179,1,6.0,5.966666666666667,348.7944444444444,53.57,2596.501163423477,55095.08,58569.64,26150.18,59278.96,35514.174666666666,3474.5599999999977,0.1048804091185971,1.1171691583862262,0.5591796491157944,0.4408203508842054,0.7893493210435156,1.072003697892487,3474.5599999999977,RECOVERY,SPENDING_PRESSURE,True,SPENDING_PRESSURE->RECOVERY,2,1,10783.25875,1704.594298321347,1225.2612499999996,1.113626249578774,-10.0,0.020006044364346,10787.03,1154.3696964577666,9714.18,12008.52,31972.60666666667,1113.5109692469614,33982.35747010878,21392.83,0.1105287500966303,187.66666666666663,3539.876666666667,0.1287911046690335,0.0420595518844713,0.0718745359110604,0.0630647963484216,0.0336508046128269,26150.18,0.7893493210435156,0.8951195908814029,0.159788558467894,0,0.0881718649276135,True,2026-09-30,58569.64,2026-10-30,29565.52999999999,62471.60999999999,3901.970000000005,33251.87,29349.9,29,17645.699999999997,5.203619578707562,173,4344.960000000003,25004.939999999995,False,False,False,0.5047927561105036,0,0.0003017815893758,0.8077,0.7045,0.65155,0.8077,LIQUIDITY_PRESSURE,0.8077,0.7522249999999999,True,LIQUIDITY_PROTECTION,0,1,LIQUIDITY_PROTECTION_LOW,0.2079107090207266,1,-0.0626331280146734,0.0225393566080895,0.013446353461336,0.3439493109004199,0.2526869857842991,-0.09126232511612081,0.09126232511612081,in_sample
318,2026-09-01,42285.65,0.0,42285.65,40308.08,10446.01,4572.67,5873.34,29862.07,133,132,1,4.433333333333334,4.4,621.0054887218045,71.04,4018.8824230798414,88844.55,90822.12,49141.17,91426.82,59859.99015037594,1977.570000000007,0.0467669292064803,1.049061379256963,0.4377432148734301,0.5622567851265698,1.162124030256127,1.4156100272876482,1977.5699999999924,RECOVERY,LIQUIDITY_STRESS,True,LIQUIDITY_STRESS->RECOVERY,5,1,17061.46,5964.100040961754,-6615.449999999999,0.6122576848640152,-12.0,0.1480972195486534,20535.73,9423.429334080029,10446.01,29108.93,47496.76000000001,5399.529784092321,61616.16550666266,41919.06,-0.0552743772799287,135.33333333333334,-2901.039999999996,-0.5263063859696856,-0.4122516374043701,-0.1029360070245066,0.0222587654504411,-0.2838831845672295,49141.17,1.162124030256127,0.9532330707935196,0.1388967652146768,0,0.3824882098241366,True,2026-09-30,90822.12,2026-10-30,44221.41999999997,90545.95999999998,-276.1600000000035,46506.33,46782.490000000005,29,29862.07,4.5987585589344615,182,13224.510000000002,33557.98,False,False,False,0.4869014288589605,0,0.0001737560793176,0.8767,0.1896499999999999,0.8596000000000001,0.8767,LIQUIDITY_PRESSURE,0.8767,0.7522249999999999,True,LIQUIDITY_PROTECTION,0,1,LIQUIDITY_PROTECTION_MEDIUM,0.2079107090207266,0,0.0045378054282257,0.0226052046638809,-0.0588273177826601,0.23888068258619627,0.10780305741642733,-0.13107762516976895,0.13107762516976895,in_sample
319,2026-09-01,20458.54,0.0,20458.54,18832.6,4168.57,1848.46,2320.11,14664.03,140,139,1,4.666666666666667,4.633333333333334,280.651,24.770000000000003,1846.1856522116311,50198.82,51824.76,38276.35,58734.89,49742.346,1625.9400000000023,0.0794748794390998,1.0863364591187623,0.4434278421617005,0.5565721578382995,1.8709228517773016,2.431373206494696,1625.9400000000023,SPENDING_PRESSURE,LIQUIDITY_STRESS,True,LIQUIDITY_STRESS->SPENDING_PRESSURE,8,1,4288.8,2037.974804386523,-120.23000000000047,0.971966517440776,135.0,0.126905593724814,2872.6566666666663,2491.753120923767,0.0,4449.4,18491.58333333333,3899.806352555638,49260.4002194617,37021.08,0.0408609497801654,102.0,954.8966666666674,,,0.4613242857142858,0.0323900043865572,,38276.35,1.8709228517773016,0.9205251205609,0.1134054531750555,0,0.4426972377685503,True,2026-09-30,51824.76,2026-10-30,39763.06,53210.50999999998,1385.75,20000.0,18614.25,29,14664.03,4.898023258272113,155,1982.0400000000009,16632.21,False,False,False,0.7672598966208429,0,0.0001158518729926,0.7753500000000001,0.5309999999999999,0.6822,0.7753500000000001,LIQUIDITY_PRESSURE,0.7753500000000001,0.7522249999999999,True,LIQUIDITY_PROTECTION,1,0,LIQUIDITY_PROTECTION_LOW,0.2079107090207266,0,0.0362727825591114,0.0106260675241149,-0.0024145357593202,0.11715055701944121,0.17554238598722163,0.05839182896778042,0.05839182896778042,in_sample
341,2026-09-01,26746.77,0.0,26746.77,26084.630000000005,5190.43,4192.1900000000005,998.24,20894.2,205,204,1,6.833333333333333,6.8,257.71414634146345,21.02,2070.6228391019604,25843.36,26505.5,930.11,27676.88,10484.359707317077,662.1399999999958,0.0247558864117048,1.0253842971895708,0.8076768206102385,0.1923231793897615,0.03477466624942,0.3919860120424662,662.1399999999994,LIQUIDITY_STRESS,LIQUIDITY_STRESS,False,NO_CHANGE,9,0,4602.8325,1563.6165647877272,587.5974999999999,1.1276599789368829,12.0,0.0511654208688069,5896.59,2106.735175478874,4233.65,8265.69,26180.3,1498.3418887890705,11647.224780124508,930.11,-0.0230933775348875,195.66666666666663,-610.4900000000004,0.2259941185501874,-0.0945258288357748,0.0925383486422908,0.0256212814432799,0.713798524473952,930.11,0.03477466624942,0.9752441135882952,0.0373218897085517,0,0.0916768093995484,True,2026-09-30,26505.5,2026-10-30,1695.8099999999986,21834.96,-4670.540000000001,25538.75,30209.29,29,20894.2,2.490846742158112,206,5932.720000000001,24276.57,False,False,True,0.0639795514138574,1,0.7535089342153256,0.9504,0.5825500000000001,0.7933500000000001,0.9504,LIQUIDITY_PRESSURE,0.9504,0.7522249999999999,True,LIQUIDITY_PROTECTION,0,1,LIQUIDITY_PROTECTION_HIGH,0.2079107090207266,0,-0.05903120308328,-0.0339809333803484,-0.0293905187917089,0.11992781986243682,0.06463044557225239,-0.05529737429018443,0.05529737429018443,in_sample
352,2026-09-01,23911.96,0.0,23911.96,25263.86,17677.97,9331.73,8346.24,7585.89,182,181,1,6.066666666666666,6.033333333333333,270.1968131868132,56.040000000000006,1844.22070221914,27318.29,25966.39,17356.15,41268.11,29205.928626373625,-1351.9000000000017,-0.0565365616202102,0.9464887788326882,0.5278733927028951,0.4721266072971047,0.7258355233113473,1.2213941737261866,-1351.9000000000017,LIQUIDITY_STRESS,STABLE,True,STABLE->LIQUIDITY_STRESS,6,1,12947.03875,1823.8836059466807,4730.9312500000015,1.365406433189211,25.0,-0.2316773440268371,13515.636666666667,3617.767322566964,11127.100000000002,17677.97,23309.226666666666,672.2937002778917,26916.17830966001,12165.21,0.096671811641487,167.33333333333334,2207.7,0.5055536440626001,1.921872100879757,0.0205026982850045,-0.0494869920481846,0.4503065446386713,17356.15,0.7258355233113473,1.0565365616202105,0.3490403965212387,1,0.367415467839165,True,2026-09-30,25966.39,2026-10-30,18587.72,31384.20999999999,5417.82,23360.1,17942.28,29,7585.89,6.502399850248289,167,2984.6899999999987,14957.59,False,False,False,0.7158376655361027,0,0.0019571055379282,0.94655,0.90795,0.60275,0.94655,LIQUIDITY_PRESSURE,0.94655,0.7522249999999999,True,LIQUIDITY_PROTECTION,1,0,LIQUIDITY_PROTECTION_HIGH,0.2079107090207266,0,0.0881097674242151,0.018333304348591,0.0185131634278057,0.23719439848870627,0.20604022786966766,-0.031154170619038607,0.031154170619038607,in_sample
357,2026-09-01,21711.62,0.0,21711.62,25044.75,21297.15,9671.06,11626.090000000002,3747.6,152,151,1,5.066666666666666,5.033333333333333,307.60769736842104,97.155,1782.9456916736349,30496.17,27163.04,7776.54,30433.89,22173.29631578948,-3333.130000000001,-0.1535182542804268,0.8669130256840255,0.4541011355979555,0.5458988644020445,0.358174102162805,1.0212640197179883,-3333.1299999999974,LIQUIDITY_STRESS,LIQUIDITY_STRESS,False,NO_CHANGE,4,0,16777.7875,2919.117144533111,4519.362500000003,1.2693658207317269,13.0,-0.1189927542804267,18285.86333333334,2612.9205073506027,16617.530000000002,21297.15,20570.54,988.2042677503462,23714.946980413035,7776.54,-0.068766751426809,150.33333333333334,-1462.9233333333348,0.2569948137598556,0.1905792790015841,0.0855809999999999,-0.1092966756153313,0.2374142864492383,7776.54,0.358174102162805,1.1535182542804268,0.5354777764164996,1,0.1796999304709718,True,2026-09-30,27163.04,2026-10-30,10727.660000000003,29493.96,2330.9199999999983,20000.0,17669.08,29,3747.6,12.58486498025403,131,5100.090000000002,12568.99,False,False,False,0.3949359129169638,0,0.0292323450999916,0.9786,0.87985,0.5727,0.9786,LIQUIDITY_PRESSURE,0.9786,0.7522249999999999,True,LIQUIDITY_PROTECTION,0,1,LIQUIDITY_PROTECTION_HIGH,0.2079107090207266,0,-0.0038584841451988,0.0179239332579324,0.0011151181997658,0.23566603077433185,0.14223675805315553,-0.09342927272117632,0.09342927272117632,in_sample
358,2026-09-01,20074.29,0.0,20074.29,18973.91,3062.08,2156.15,905.93,15911.830000000002,142,141,1,4.733333333333333,4.7,274.987323943662,20.0,1869.5382970138105,20301.99,21402.37,1840.28,21914.57,8000.052464788732,1100.380000000001,0.0548153882403811,1.0579943722722414,0.704145548124151,0.2958544518758491,0.0916734788627642,0.3985223121110999,1100.3799999999974,LIQUIDITY_STRESS,LIQUIDITY_STRESS,False,NO_CHANGE,9,0,3703.73375,1429.4127302191275,-641.65375,0.826754892950931,-24.0,0.1578064176589517,4424.043333333333,2204.8919733704265,3062.08,6967.910000000001,20538.570000000003,403.0073960859759,9434.198819966536,1840.28,0.0102915067436986,148.66666666666666,202.69666666666672,-0.5605454146221751,-0.792304112283662,-0.0322546588402264,0.0542005980694502,-1.7097154072813447,1840.28,0.0916734788627642,0.9451846117596188,0.04512886881678,0,0.3270250417057881,True,2026-09-30,21402.37,2026-10-30,2790.3700000000013,23276.079999999994,1873.7099999999991,20995.94,19122.23,29,15911.830000000002,2.6645778643939755,124,997.3899999999994,18124.84,False,False,False,0.1303766825823495,0,0.2348976267901606,0.89435,0.22365,0.6716,0.89435,LIQUIDITY_PRESSURE,0.89435,0.7522249999999999,True,LIQUIDITY_PROTECTION,1,0,LIQUIDITY_PROTECTION_MEDIUM,0.2079107090207266,0,0.0767659918927451,0.0009480806647037,-0.0499199000031243,0.37412016778047535,0.12815842956518017,-0.24596173821529518,0.24596173821529518,in_sample
361,2026-09-01,58246.25,0.0,58246.25,56371.32999999999,20154.7,14144.02,6010.68,36216.630000000005,179,178,1,5.966666666666667,5.933333333333334,640.3216759776535,67.13,4670.683025925553,85848.89,87723.81,30307.23,88553.48,48045.09195530726,1874.9200000000128,0.0321895400991482,1.0332601696642605,0.7017727874887743,0.2982272125112257,0.5203292915852952,0.8248615482594547,1874.9199999999985,SPENDING_PRESSURE,STABLE,True,STABLE->SPENDING_PRESSURE,1,1,17112.23875,4519.498719211609,3042.4612500000003,1.1777944601199537,-38.0,-0.1232944146350467,16677.156666666666,3175.2904555384107,13932.16,20154.7,59411.130000000005,1179.8754998727352,41392.37617566897,17014.4,0.1090014545306152,188.66666666666663,6517.343333333335,0.4466313909688089,0.0445563223264728,-0.0191210455613506,0.0218397698560808,0.572846456749659,30307.23,0.5203292915852952,0.9678104599008518,0.1031942828937485,0,0.2804844932801723,True,2026-09-30,87723.81,2026-10-30,33167.98000000002,100238.59000000004,12514.780000000006,67673.45,55158.66999999999,29,36216.630000000005,4.290770842013737,181,7308.62999999999,47850.04,False,False,False,0.3780955250347655,0,0.0015053538222976,0.93065,0.7561,0.89465,0.93065,LIQUIDITY_PRESSURE,0.93065,0.7522249999999999,True,LIQUIDITY_PROTECTION,0,1,LIQUIDITY_PROTECTION_HIGH,0.2079107090207266,0,0.0373502773613001,-0.0115408989848319,-0.0258223234446302,0.22702214207722635,0.11600258404592773,-0.11101955803129862,0.11101955803129862,in_sample
362,2026-09-01,22941.52,0.0,22941.52,21144.42,4020.88,2805.54,1215.34,17123.539999999997,154,153,1,5.133333333333334,5.1,286.2723376623377,22.335,2014.1109896963007,34535.62,36332.72,26644.2,49585.72,38686.525259740265,1797.1000000000022,0.0783339552043631,1.0849916904790955,0.6977427826744393,0.3022572173255606,1.1613964549864175,1.6863104650319711,1797.0999999999983,SPENDING_PRESSURE,SPENDING_PRESSURE,False,NO_CHANGE,3,0,4495.84375,691.9374980225042,-474.9637499999999,0.8943549250349281,-6.0,0.0064936520215316,4198.163333333334,162.63401007579648,4020.88,4340.450000000001,23277.766666666663,433.0836992237557,36487.533735136734,22564.23,0.0838558554785319,155.66666666666666,1956.0633333333328,-0.0736260065200614,-0.2146429725363489,-0.0079479981249989,0.052036129653963,-0.0989711387616968,26644.2,1.1613964549864175,0.9216660447956369,0.0529755656992213,0,0.0510058507509205,True,2026-09-30,36332.72,2026-10-30,28231.13000000001,29736.29000000002,-6596.43,22970.45,29566.88,29,17123.539999999997,3.463254093487679,179,9851.41,19715.47,False,False,False,0.7770166945937438,0,0.000219583613545,0.81965,0.38605,0.6859999999999999,0.81965,LIQUIDITY_PRESSURE,0.81965,0.7522249999999999,True,LIQUIDITY_PROTECTION,0,1,LIQUIDITY_PROTECTION_LOW,0.2079107090207266,0,-0.0256509697709625,0.0065482296508543,-0.0068335135722556,0.3113156224213105,0.29215725851932145,-0.01915836390198905,0.01915836390198905,in_sample
372,2026-09-01,71044.85,0.0,71044.85,64003.21,28060.53,17330.62,10729.91,35942.68,157,156,1,5.233333333333333,5.2,860.1787261146496,154.28,6095.430227390269,81167.84,88209.48,17738.24,88783.09,36650.69420382166,7041.640000000007,0.0991154179366978,1.1100201068040183,0.6176155617873219,0.3823844382126781,0.2496766479202926,0.5158810836228334,7041.639999999999,LIQUIDITY_STRESS,LIQUIDITY_STRESS,False,NO_CHANGE,9,0,29048.0525,7354.476373705531,-987.5224999999992,0.9660038310657832,-3.0,0.0250358711993102,30532.30666666667,5483.001179375518,26720.32,36816.07,69220.33,1701.6496054416657,33180.34510960722,7825.25,0.0392660006070137,161.0,2745.3433333333355,0.0501569591980934,0.0567539751714898,0.049772269345137,0.0867540641712283,0.3243782435448474,17738.24,0.2496766479202926,0.900884582063302,0.1510300887397186,0,0.1437524210074017,True,2026-09-30,88209.48,2026-10-30,73227.42999999992,73227.42999999992,-14982.050000000005,71044.85,86026.90000000001,29,35942.68,4.430786185114744,163,19453.61000000001,66573.29,False,False,False,0.8301537431124174,0,0.0017783931412726,0.77955,0.5702,0.7282500000000001,0.77955,LIQUIDITY_PRESSURE,0.77955,0.7522249999999999,True,LIQUIDITY_PROTECTION,1,0,LIQUIDITY_PROTECTION_LOW,0.2079107090207266,0,0.1435564373045916,0.0155283948425273,0.0240821281911141,0.1277195341234676,0.2779184964530938,0.1501989623296262,0.1501989623296262,in_sample
391,2026-09-01,47627.82,0.0,47627.82,46504.98,25067.58,14175.250000000004,10892.33,21437.4,184,183,1,6.133333333333334,6.1,511.59130434782594,123.675,3641.0436668375673,74519.21,75642.05,75642.05,122147.03,91080.98342391304,1122.8400000000038,0.0235752969587943,1.0241445109749536,0.5654813907046473,0.4345186092953527,1.5881904735509624,1.9123483590874628,1122.8399999999965,RECOVERY,LIQUIDITY_STRESS,True,LIQUIDITY_STRESS->RECOVERY,3,1,17890.00875,7038.330850846948,7177.571250000001,1.4012055751509904,-11.0,0.0290605471774704,22793.65333333333,4992.545135152342,17068.940000000002,26244.44,46541.44666666666,1706.2806440130053,88554.93993539915,68605.78,0.0514103650151462,181.3333333333333,2310.3933333333384,-0.0448422599224824,-0.1180221038406009,0.0043461097573009,0.0150677925866362,-0.5823976089951253,75642.05,1.5881904735509624,0.9764247030412057,0.2286967994756006,0,0.1563881004092103,True,2026-09-30,75642.05,2026-10-30,63112.000000000015,63112.000000000015,-12530.050000000005,46487.83,59017.880000000005,29,21437.4,5.697047216546783,175,23362.060000000005,35655.82,False,False,False,0.8343507348095406,0,7.505977141737261e-05,0.8452,0.69525,0.8060499999999999,0.8452,LIQUIDITY_PRESSURE,0.8452,0.7522249999999999,True,LIQUIDITY_PROTECTION,0,1,LIQUIDITY_PROTECTION_MEDIUM,0.2079107090207266,0,0.024917522604882,-0.0045076663147108,0.0430024839085991,0.23541991208111962,0.11455767765240217,-0.12086223442871745,0.12086223442871745,in_sample
412,2026-09-01,22116.35,4926.31,27042.66,25531.830000000005,3487.68,2388.4100000000003,1099.27,22044.15,159,157,2,5.3,5.233333333333333,330.6571698113208,20.0,2023.3963778602904,37099.76,38610.59,11884.4,38927.06,18891.13100628932,1510.8299999999945,0.0558683946031934,1.059174371754786,0.6848134003119554,0.3151865996880448,0.4394686025709009,0.6985677816564388,1510.8299999999945,SPENDING_PRESSURE,LIQUIDITY_STRESS,True,LIQUIDITY_STRESS->SPENDING_PRESSURE,2,1,908.61375,1708.3298198862244,2579.06625,3.838462713116547,153.0,0.0808120542371751,2558.863333333333,2243.6058136921765,0.0,4188.91,25676.14333333333,3680.658833202727,19827.56240209644,9631.58,0.0365862153131319,105.0,1073.1299999999974,,,0.2573495873797582,0.040723444033061,,11884.4,0.4394686025709009,0.9441316053968066,0.0406494775292075,0,0.2732025083983403,True,2026-09-30,38610.59,2026-10-30,13789.969999999994,36110.4,-2500.1899999999987,22480.43,24980.62,29,22044.15,2.771303044118281,150,1036.4700000000012,23944.15,False,False,False,0.3571551224676959,0,0.0119412961951364,0.9103,0.5038,0.77935,0.9103,LIQUIDITY_PRESSURE,0.9103,0.7522249999999999,True,LIQUIDITY_PROTECTION,1,0,LIQUIDITY_PROTECTION_HIGH,0.2079107090207266,0,0.0616012536542741,0.0083008062490251,0.0334313734528093,0.12419477285094391,0.07533227870623097,-0.04886249414471294,0.04886249414471294,in_sample
416,2026-09-01,34865.13,0.0,34865.13,32603.700000000004,16346.489999999998,7466.86,8879.63,16257.21,197,196,1,6.566666666666666,6.533333333333333,342.4813705583757,74.3,2637.253197181594,67880.68,70142.11,53082.46,87947.59,76082.03949238578,2261.429999999993,0.0648622276756172,1.0693611461275865,0.4567867474913575,0.5432132525086425,1.5225085923958983,2.182181437223546,2261.430000000008,SPENDING_PRESSURE,SPENDING_PRESSURE,False,NO_CHANGE,6,0,21616.505,6120.22747917335,-5270.015000000003,0.7562041134771785,-13.0,0.0060050512785118,19973.41333333333,5126.052001261137,16346.489999999998,25837.86,35397.69666666666,647.8635977067283,74626.80631051307,50589.76,-0.0239525263616642,198.66666666666663,-832.9266666666712,-0.0783383297934302,-0.0508510629200802,-0.0347139009539588,0.0333147811719034,0.2352313698643587,53082.46,1.5225085923958983,0.9351377723243828,0.2546851252239702,0,0.1043854372024579,True,2026-09-30,70142.11,2026-10-30,54755.34000000002,72459.6700000001,2317.5600000000013,33556.28,31238.72,29,16257.21,6.37860924475971,203,8448.709999999992,22790.01000000001,False,False,False,0.7806343436204017,0,0.0001447843425529,0.82845,0.4098,0.7132499999999999,0.82845,LIQUIDITY_PRESSURE,0.82845,0.7522249999999999,True,LIQUIDITY_PROTECTION,0,1,LIQUIDITY_PROTECTION_LOW,0.2079107090207266,1,0.0564860034943813,-0.0065179346528125,0.0589852063487627,0.3685850160151071,0.23922954890315898,-0.12935546711194815,0.12935546711194815,in_sample
428,2026-09-01,44169.5,0.0,44169.5,38682.47000000001,16090.650000000003,7144.129999999999,8946.52,22591.82,93,92,1,3.1,3.066666666666667,890.8813978494624,157.73,4700.7750617662,97410.28,102897.31,62129.39,106298.89,77140.72150537634,5487.029999999992,0.1242266722512138,1.1418479740306136,0.4439926292598495,0.5560073707401503,1.4066129342645943,1.7464703359869669,5487.029999999999,RECOVERY,SPENDING_PRESSURE,True,SPENDING_PRESSURE->RECOVERY,3,1,23104.2225,9603.483155541237,-7013.572499999997,0.6964376316926485,-15.0,0.0260980203645933,17847.780000000006,1546.6239642847463,16090.650000000003,19002.78000000001,44699.15333333334,711.0528197914138,74608.94357109904,53062.01,0.0953252401976658,100.66666666666669,4259.553333333334,-0.1278737945063148,-0.2766742207478784,-0.0293974812832227,0.0563290650637693,-0.0987796303892751,62129.39,1.4066129342645943,0.8757733277487861,0.2025497232253025,0,0.1978843712309017,True,2026-09-30,102897.31,2026-10-30,67038.01000000007,109196.3500000001,6299.039999999994,44932.87,38633.83000000001,27,22591.82,6.543526816343261,98,10026.350000000011,28607.48,False,False,False,0.6515040091913002,0,9.245036968639652e-05,0.75705,0.34245,0.70755,0.75705,LIQUIDITY_PRESSURE,0.75705,0.7522249999999999,True,LIQUIDITY_PROTECTION,0,1,LIQUIDITY_PROTECTION_LOW,0.2079107090207266,1,-0.0173792776704964,0.0073069696669389,-0.0613516249421574,0.3440557252216129,0.3136693400234319,-0.030386385198180987,0.030386385198180987,in_sample
430,2026-09-01,26405.07,0.0,26405.07,28596.29,26805.01,11678.7,15126.31,1791.28,184,183,1,6.133333333333334,6.1,298.92043478260865,81.77000000000001,2062.9168297639403,51791.67,49600.45,25419.52,51824.59,44673.70940217392,-2191.220000000001,-0.0829848207181424,0.9233739761346664,0.435690939865346,0.5643090601346539,0.9626757285627344,1.6918610479795706,-2191.220000000001,LIQUIDITY_STRESS,STABLE,True,STABLE->LIQUIDITY_STRESS,4,1,20309.515,2174.036548227415,6495.495000000003,1.3198252149300465,-1.0,-0.3795337483883578,22325.79333333333,3887.921267957127,19824.66,26805.01,27789.963333333333,2546.175186163219,37609.8037666906,19400.49,0.1232456096064674,183.0,3672.890000000001,0.3521043992683861,1.3037188320509774,-0.1406954864584642,-0.042308348041297,0.3778099946400519,25419.52,0.9626757285627344,1.0829848207181425,0.5728562734353667,1,0.5869366023187912,True,2026-09-30,49600.45,2026-10-30,29654.120000000014,58847.08000000001,9246.629999999996,31039.05,21792.42,29,1791.28,45.01780849448439,171,6038.720000000001,15753.7,False,False,False,0.5978598984485023,0,0.0002720750859795,0.93025,0.9121,0.5455,0.93025,LIQUIDITY_PRESSURE,0.93025,0.7522249999999999,True,LIQUIDITY_PROTECTION,1,0,LIQUIDITY_PROTECTION_HIGH,0.2079107090207266,0,0.0780260638148773,0.0296265149432362,-0.1192914561887027,0.10170360820581897,0.18557160405722356,0.08386799585140459,0.08386799585140459,in_sample
487,2026-09-01,36579.97,0.0,36579.97,34301.490000000005,5582.03,3979.24,1602.79,28719.46,154,153,1,5.133333333333334,5.1,460.2692207792208,33.495000000000005,3203.427966689844,42793.97,45072.45,13747.7,50327.67,30194.28668831169,2278.479999999996,0.0622876399297209,1.0664251028162333,0.7128661078496533,0.2871338921503467,0.3758258959753111,0.8254322430639416,2278.479999999996,SPENDING_PRESSURE,LIQUIDITY_STRESS,True,LIQUIDITY_STRESS->SPENDING_PRESSURE,4,1,7575.92625,4905.315974881413,-1993.8962500000007,0.7368115548907302,-1.0,-0.0197469833601987,5733.29,1830.8622448453032,3982.750000000001,7635.09,36801.973333333335,2697.285819232609,27603.312269354745,9375.81,0.0629157857333572,151.66666666666666,2349.223333333335,-0.2688979435736841,-0.1269493695018656,-0.0763426877490316,0.0532430153126712,-1.1859376774259216,13747.7,0.3758258959753111,0.937712360070279,0.0438160556173228,0,0.1121500087536253,True,2026-09-30,45072.45,2026-10-30,15891.979999999983,47550.6,2478.1500000000087,36703.15,34224.99999999999,28,28719.46,2.847393370209608,128,1506.1999999999937,32718.8,False,False,False,0.3525874453241389,0,0.0478252395101605,0.88395,0.2186499999999999,0.79935,0.88395,LIQUIDITY_PRESSURE,0.88395,0.7522249999999999,True,LIQUIDITY_PROTECTION,1,0,LIQUIDITY_PROTECTION_MEDIUM,0.2079107090207266,0,0.0904317367810081,0.0250568754003821,-0.1137078991962581,0.11809087886591292,0.28037663102005195,0.16228575215413904,0.16228575215413904,in_sample
494,2026-09-01,20000.0,0.0,20000.0,18955.05,10957.45,2982.23,7975.22,7997.599999999999,213,212,1,7.1,7.066666666666666,182.88755868544607,47.91,1417.317253303889,24622.2,25667.15,18924.11,38924.11,31600.179906103287,1044.9500000000007,0.0522475,1.0551277891643651,0.2721646003404076,0.7278353996595923,0.9462055,1.5800089953051644,1044.9500000000007,SPENDING_PRESSURE,SPENDING_PRESSURE,False,NO_CHANGE,4,0,11281.38125,2022.1263572532296,-323.93124999999964,0.9712862066424712,28.0,0.0176340724717578,11087.77,759.7395559663886,10401.62,11904.24,20205.13666666667,355.3071291619867,30637.466436077564,16635.46,0.0556333091760807,198.66666666666663,1119.7666666666664,-0.079533846763842,0.0421486879742625,-0.0298519408539533,0.0424393433568082,-0.2239940366188839,18924.11,0.9462055,0.9477525,0.398761,0,0.1492087828749969,True,2026-09-30,25667.15,2026-10-30,19629.92,27664.460000000025,1997.3099999999977,20066.63,18069.320000000003,29,7997.599999999999,5.718438031409423,210,7223.300000000005,10846.02,False,False,False,0.7647876760762297,0,0.0003916890962495,0.87045,0.59665,0.5523,0.87045,LIQUIDITY_PRESSURE,0.87045,0.7522249999999999,True,LIQUIDITY_PROTECTION,1,0,LIQUIDITY_PROTECTION_MEDIUM,0.2079107090207266,0,0.0796008569193516,0.0325417007657398,-0.009538272739528,0.2564281168292821,0.21399031258961723,-0.042437804239664895,0.042437804239664895,in_sample
505,2026-09-01,25935.18,0.0,25935.18,26216.74,4582.59,1285.56,3297.03,21634.15,153,152,1,5.1,5.066666666666666,340.8622222222222,25.52,2340.6466713401137,42313.99,42032.43,16237.73,42292.54,22555.383071895427,-281.5599999999977,-0.0108562963511337,0.9892602970468488,0.280531315260584,0.7194686847394159,0.6260889648731954,0.8696829199525674,-281.5599999999977,LIQUIDITY_STRESS,LIQUIDITY_STRESS,False,NO_CHANGE,6,0,4176.844999999999,1702.3192250909594,405.7450000000008,1.097141502737114,16.0,0.0027690619007782,4609.21,1100.3215324167734,3522.44,5722.599999999999,26201.22666666667,1533.230541710333,23277.98414764722,15120.14,-0.0022560780446948,136.66666666666666,-42.13333333333139,0.3009703500982275,0.4859987470309592,0.0449968027792249,-0.0066540640577738,0.6854389482878614,16237.73,0.6260889648731954,1.0108562963511338,0.1271257805035477,1,0.0820037824274378,True,2026-09-30,42032.43,2026-10-30,42032.43,43178.27,1145.84,25935.18,24789.34,29,21634.15,3.141681554394326,133,1998.3500000000024,22790.99,False,False,False,1.0,0,0.0076510903374835,0.9421,0.7096500000000001,0.82195,0.9421,LIQUIDITY_PRESSURE,0.9421,0.7522249999999999,True,LIQUIDITY_PROTECTION,1,0,LIQUIDITY_PROTECTION_HIGH,0.2079107090207266,0,0.1187789110954194,0.0120535960305446,-0.0394752363896306,0.13384248910621308,0.0628970662301774,-0.07094542287603567,0.07094542287603567,in_sample
507,2026-09-01,22159.85,0.0,22159.85,20602.2,10860.74,6289.46,4571.28,9741.46,137,136,1,4.566666666666666,4.533333333333333,312.1317518248175,74.18,1931.5675746790007,34566.11,36123.76,14608.13,36767.98,23581.967591240875,1557.6499999999978,0.07029154078209,1.075606003242372,0.5791005032806236,0.4208994967193764,0.6592161048021534,1.06417541595457,1557.6500000000017,SPENDING_PRESSURE,SPENDING_PRESSURE,False,NO_CHANGE,6,0,9879.0975,1146.5683752678185,981.6425,1.0993656050059228,-3.0,-0.022959160841926,10590.033333333333,1364.1657345914157,9110.81,11798.55,21978.69,1108.2214818347345,21669.129179008,10659.58,0.0754719418924688,147.66666666666666,1647.1966666666642,0.192071835544809,0.156712112470774,0.0658360207877908,0.0450629243498907,0.419874404504554,14608.13,0.6592161048021534,0.92970845921791,0.2062865949002362,0,0.1659014826959562,True,2026-09-30,36123.76,2026-10-30,17289.910000000025,37151.840000000026,1028.079999999998,20017.18,18989.1,29,9741.46,5.763093006592441,163,2941.8,16047.300000000005,False,False,False,0.4786298546995114,0,0.0013503014759463,0.88025,0.75385,0.56975,0.88025,LIQUIDITY_PRESSURE,0.88025,0.7522249999999999,True,LIQUIDITY_PROTECTION,0,1,LIQUIDITY_PROTECTION_MEDIUM,0.2079107090207266,0,-0.0411728128569984,-0.0366508881807808,0.0625167614450276,0.199644745817402,0.31870180136183374,0.11905705554443174,0.11905705554443174,in_sample
515,2026-09-01,57846.95,0.0,57846.95,52964.46000000001,14420.79,9135.13,5285.66,38543.67,148,147,1,4.933333333333334,4.9,748.7257432432433,83.41,5216.729012198583,84091.52,88974.01,42436.83,100283.78,82023.8058108108,4882.489999999991,0.0844035856687343,1.092184268469838,0.6334694562503164,0.3665305437496836,0.733605315405566,1.4179452125100942,4882.489999999991,SPENDING_PRESSURE,SPENDING_PRESSURE,False,NO_CHANGE,5,0,9516.9175,5766.111297718643,4903.872500000001,1.5152795009518578,-9.0,-0.0520963510702154,11287.446666666669,3273.1213718151885,7890.49,14420.79,55765.95333333333,3749.6234958504233,74815.2444806783,31748.47,0.1060569394526403,147.33333333333334,5934.836666666665,0.2484386714292887,0.8952082496701281,-0.0028722585298133,0.0580616214334095,-0.2154830875489242,42436.83,0.733605315405566,0.9155964143312656,0.0913731838930142,0,0.1263231886486121,True,2026-09-30,88974.01,2026-10-30,49875.01999999999,92790.47999999997,3816.470000000001,47739.72,43923.25,29,38543.67,3.546982682240689,130,1742.290000000008,42180.95999999999,False,False,False,0.560557178438962,0,0.0021466669139572,0.8346499999999999,0.72365,0.8265499999999999,0.8346499999999999,LIQUIDITY_PRESSURE,0.8346499999999999,0.7522249999999999,True,LIQUIDITY_PROTECTION,1,0,LIQUIDITY_PROTECTION_MEDIUM,0.2079107090207266,0,0.0497493327017507,-0.0070020011040125,-0.0159087585952007,0.1902941108601522,0.22741226443349205,0.03711815357333986,0.03711815357333986,in_sample
536,2026-09-01,20000.0,0.0,20000.0,27358.61,10392.85,1401.7600000000002,8991.089999999998,16965.760000000002,106,105,1,3.533333333333333,3.5,446.77933962264143,20.0,2303.8539104776955,15555.47,8196.86,6740.11,26740.11,13193.995471698114,-7358.609999999997,-0.3679304999999998,0.7310312914289141,0.1348773435583117,0.8651226564416881,0.3370054999999999,0.6596997735849057,-7358.609999999999,LIQUIDITY_STRESS,LIQUIDITY_STRESS,False,NO_CHANGE,5,0,3118.45625,2288.3668353462253,7274.393750000001,3.332690654229958,13.0,-0.4451468576695978,7288.079999999999,4048.505722720424,2709.03,10392.85,20751.086666666662,678.9172524198589,15810.817204587976,4979.24,-0.173278371895239,99.33333333333331,-3502.7533333333326,2.8363731667792536,8.234227202234843,-0.0619634137590269,-0.4730561018085598,3.527206458266935,6740.11,0.3370054999999999,1.3679305,0.4495544999999999,1,0.5875357359199799,True,2026-09-30,8196.86,2026-10-30,-662.4199999999997,8931.700000000008,734.8399999999965,20000.0,19265.160000000003,29,16965.760000000002,1.6619862593836054,104,881.1700000000055,18383.99,True,False,False,-0.080813872629275,1,0.6123773188390964,0.98255,0.96435,0.7859,0.98255,LIQUIDITY_PRESSURE,0.98255,0.7522249999999999,True,LIQUIDITY_PROTECTION,1,0,LIQUIDITY_PROTECTION_HIGH,0.2079107090207266,0,0.1437701924551784,0.006240187282309,-0.116042237634583,0.25144938992655075,0.06767534487584737,-0.18377404505070338,0.18377404505070338,in_sample
540,2026-09-01,20690.85,0.0,20690.85,19642.02,12296.37,6441.200000000002,5855.169999999999,7345.65,156,155,1,5.2,5.166666666666667,258.54403846153843,68.495,1706.7615559505325,42011.79,43060.62,22738.16,43429.01,29414.20032051282,1048.8300000000015,0.0506905226223186,1.0533972575122112,0.5238293902997391,0.4761706097002611,1.0989476024426257,1.4216042511792808,1048.8300000000015,SPENDING_PRESSURE,SPENDING_PRESSURE,False,NO_CHANGE,6,0,13818.67625,3708.939386894231,-1522.3062500000017,0.8898370420972848,0.0,0.049100340311823,12289.946666666665,942.561415205041,11344.19,13229.28,20432.85,377.1575565993562,29502.287334152603,22312.9,0.0392629016442714,168.33333333333334,797.2533333333353,-0.0705185769747106,-0.0538062387183205,0.0040348995763719,0.0249651347871633,-0.2366908642865414,22738.16,1.0989476024426257,0.9493094773776812,0.2829835410338386,0,0.141317869339391,True,2026-09-30,43060.62,2026-10-30,43060.62,45539.93,2479.3100000000013,20690.85,18211.54,29,7345.65,8.678805823854935,163,5598.029999999997,12613.51,False,False,False,1.0,0,0.0006517464773846,0.8803000000000001,0.526,0.5617000000000001,0.8803000000000001,LIQUIDITY_PRESSURE,0.8803000000000001,0.7522249999999999,True,LIQUIDITY_PROTECTION,1,0,LIQUIDITY_PROTECTION_MEDIUM,0.2079107090207266,0,0.0641527275561711,0.0158468927262782,-0.0225583250176577,0.2545227818896222,0.20032962551794722,-0.05419315637167496,0.05419315637167496,in_sample
560,2026-09-01,40629.7,0.0,40629.7,37747.45,4861.95,3411.37,1450.58,32885.5,179,178,1,5.966666666666667,5.933333333333334,437.8611731843576,23.11,3351.5005085928383,54465.3,57347.55,17151.5,57781.2,28138.51374301676,2882.2499999999927,0.070939485154948,1.076356151210214,0.7016464587254085,0.2983535412745914,0.4221419306566379,0.6925602144002234,2882.25,RECOVERY,RECOVERY,False,NO_CHANGE,4,0,12338.775,5663.506709246994,-7476.825,0.394038306071713,-39.0,0.0205379153352307,12581.99,10281.873404472552,4861.95,24253.39,43103.63,2230.6490287133934,26498.11405002065,8252.06,-0.0498329217957599,203.0,-2363.860000000003,-0.4366633721987851,-0.5535893987560896,-0.0706768829682383,0.0529190144917957,0.207484105741412,17151.5,0.4221419306566379,0.929060514845052,0.0357024541160776,0,0.1588146423465578,True,2026-09-30,57347.55,2026-10-30,18441.26,61058.35,3710.800000000003,42991.73,39280.93,29,32885.5,3.051170880783324,187,1707.4599999999991,37573.47,False,False,False,0.3215701455423989,0,0.0721441306007749,0.8793,0.06875,0.8225999999999999,0.8793,LIQUIDITY_PRESSURE,0.8793,0.7522249999999999,True,LIQUIDITY_PROTECTION,1,0,LIQUIDITY_PROTECTION_MEDIUM,0.2079107090207266,0,0.1160373157953985,0.0179068393550761,0.0170376684100194,0.2423812460036469,0.2183656175002532,-0.0240156285033937,0.0240156285033937,in_sample
568,2026-09-01,30508.61,0.0,30508.61,27906.83,3760.92,1538.0200000000002,2222.9000000000005,24145.91,126,125,1,4.2,4.166666666666667,463.6146031746032,24.66,2965.7067811112147,33755.43,36357.21,6401.06,36909.67,15520.268730158734,2601.7800000000025,0.0852801881173872,1.093230940239361,0.4089478106420769,0.5910521893579231,0.2098115908918826,0.5087176613473617,2601.779999999999,LIQUIDITY_STRESS,LIQUIDITY_STRESS,False,NO_CHANGE,9,0,3898.03625,1378.410400600607,-137.11625000000004,0.9648242753001592,13.0,0.0167756303613526,3868.643333333333,779.6168659241106,3148.49,4696.52,30910.48,1842.8762855656043,14248.061512952554,-298.21,0.0925592733391986,126.66666666666669,2895.9266666666663,0.194515466144088,0.2600331035733723,0.0411890777668189,0.0770773768842523,0.5241276044933338,6401.06,0.2098115908918826,0.9147198118826128,0.0728613987985686,0,0.0732271629634288,True,2026-09-30,36357.21,2026-10-30,8605.499999999995,39282.380000000005,2925.1699999999983,31227.03,28301.86,29,24145.91,2.7989932870618666,144,2600.489999999998,25701.370000000003,False,False,False,0.2366930795844894,0,0.0909155872906126,0.8127500000000001,0.58415,0.6880999999999999,0.8127500000000001,LIQUIDITY_PRESSURE,0.8127500000000001,0.7522249999999999,True,LIQUIDITY_PROTECTION,1,0,LIQUIDITY_PROTECTION_LOW,0.2079107090207266,0,0.0677025718921667,0.0085992675978053,-0.1147593951568866,0.10004721732599006,0.23674654499429365,0.1366993276683036,0.1366993276683036,in_sample
576,2026-09-01,25780.72,0.0,25780.72,24765.53,8400.650000000001,5286.53,3114.12,16364.88,160,159,1,5.333333333333333,5.3,315.9140625,48.425,2229.9737764767456,27546.95,28562.14,4527.39,30308.11,15982.398562499997,1015.1900000000024,0.0393778761803395,1.040992056297604,0.6293001136816793,0.3706998863183205,0.1756114646914438,0.6199360825648003,1015.1899999999988,LIQUIDITY_STRESS,LIQUIDITY_STRESS,False,NO_CHANGE,9,0,8052.89375,793.5466160568996,347.7562500000013,1.0431840107166448,5.0,-0.0329482839170421,7500.266666666667,853.5177498056736,6702.98,8400.650000000001,25379.91333333333,556.6327429583596,13495.48386258181,2453.55,0.0598189498146781,151.0,1514.7666666666664,0.135657285150943,0.0964477728602664,0.0064830062159717,0.0368530817386316,0.0320929003549268,4527.39,0.1756114646914438,0.9606221238196604,0.1207925922937761,0,0.1155863212040628,True,2026-09-30,28562.14,2026-10-30,5205.889999999996,31482.579999999994,2920.4399999999987,27631.64,24711.2,29,16364.88,3.433803364277648,151,3941.530000000006,20769.669999999995,False,False,False,0.1822654044829972,0,0.0455277054348871,0.93015,0.6471,0.71865,0.93015,LIQUIDITY_PRESSURE,0.93015,0.7522249999999999,True,LIQUIDITY_PROTECTION,0,1,LIQUIDITY_PROTECTION_HIGH,0.2079107090207266,1,-0.0408640179934598,-0.0015132837965437,0.0406103720061445,0.28587829496058437,0.14085603198523627,-0.1450222629753481,0.1450222629753481,in_sample
586,2026-09-01,25044.54,0.0,25044.54,25818.18,14454.9,5431.8200000000015,9023.080000000002,11363.28,192,191,1,6.4,6.366666666666666,264.91,40.555,1888.475195204485,43315.19,42541.55,19111.54,44156.08,30997.814791666668,-773.6399999999994,-0.030890565368739,0.9700350683123288,0.3757770721347087,0.6242229278652914,0.7631020573745815,1.2377074919989213,-773.6399999999994,LIQUIDITY_STRESS,RECOVERY,True,RECOVERY->LIQUIDITY_STRESS,6,1,11079.87375,2145.5254856890124,3375.0262500000026,1.3046087280552274,46.0,-0.1922664340169644,13903.566666666666,2558.3698774284658,11114.48,16141.32,26413.693333333333,1221.8990770654266,29192.395857127496,13856.46,0.0421419771046588,166.33333333333334,1146.846666666667,0.300546674248368,0.61881490093077,-0.0656117156422717,-0.0178607089106616,0.6119734968378464,19111.54,0.7631020573745815,1.030890565368739,0.3602813227953079,1,0.3595513240054457,True,2026-09-30,42541.55,2026-10-30,22301.47000000001,48012.03000000003,5470.48,26955.8,21485.32,28,11363.28,6.115958596461585,141,4532.909999999996,16952.410000000003,False,False,False,0.524227960664339,0,0.000318235727373,0.9369,0.868,0.67005,0.9369,LIQUIDITY_PRESSURE,0.9369,0.7522249999999999,True,LIQUIDITY_PROTECTION,1,0,LIQUIDITY_PROTECTION_HIGH,0.2079107090207266,0,0.0857832976221742,0.0008204670949507,-0.0268526242194169,0.12981710631246637,0.14778462996216848,0.01796752364970211,0.01796752364970211,in_sample
595,2026-09-01,36949.31,0.0,36949.31,34747.240000000005,8459.05,6567.8,1891.25,26288.19,171,170,1,5.7,5.666666666666667,419.2780701754386,42.57,3029.05665634705,23000.15,25202.22,12555.46,49504.77,31033.659356725148,2202.0699999999924,0.05959705336852,1.0633739543054352,0.7764228843664479,0.2235771156335522,0.3398022858884238,0.8398982107304616,2202.07,SPENDING_PRESSURE,LIQUIDITY_STRESS,True,LIQUIDITY_STRESS->SPENDING_PRESSURE,1,1,10522.2375,3438.707618031394,-2063.1875,0.8039212192273744,-5.0,-0.0097320128960249,9529.69,4525.610153261104,5635.400000000001,14494.62,38190.62666666667,5123.6307607431445,29568.160725260368,7786.66,0.0614962365601037,163.33333333333334,2372.746666666668,-0.416400705917092,-0.2543212894475374,-0.1568102139460034,0.0957415495116336,-1.9884665752431376,12555.46,0.3398022858884238,0.94040294663148,0.0511849882988342,0,0.2400957743240139,True,2026-09-30,25202.22,2026-10-30,14591.100000000002,20818.2,-4384.020000000004,34586.85,38970.87,28,26288.19,2.27436997374106,156,7490.830000000005,31480.04,False,False,False,0.5789609010634778,0,0.0127052446538615,0.7778499999999999,0.18885,0.6738999999999999,0.7778499999999999,LIQUIDITY_PRESSURE,0.7778499999999999,0.7522249999999999,True,LIQUIDITY_PROTECTION,0,1,LIQUIDITY_PROTECTION_LOW,0.2079107090207266,0,-0.0902720983197605,-0.0226442206064703,-0.0327514506166397,0.20315832040615048,0.2828722218489761,0.07971390144282561,0.07971390144282561,in_sample
615,2026-09-01,20000.0,0.0,20000.0,21231.31,13266.83,6395.760000000001,6871.070000000001,7964.48,149,148,1,4.966666666666667,4.933333333333334,276.7202013422819,63.99,1677.8822661506367,46621.8,45390.49,25717.3,46485.35,35053.560939597315,-1231.3099999999977,-0.0615654999999998,0.9420049916844512,0.4820865270754205,0.5179134729245797,1.285865,1.7526780469798655,-1231.310000000005,LIQUIDITY_STRESS,SPENDING_PRESSURE,True,SPENDING_PRESSURE->LIQUIDITY_STRESS,3,1,13049.33,4060.825789495109,217.5,1.01666752239387,-10.0,-0.0927101122447224,15649.619999999995,3041.319670192528,13266.83,19075.15,24948.05,4312.695128002907,32181.04505630746,19652.86,0.0438650227506372,147.33333333333334,1333.950000000002,-0.3044966880994382,0.2427418538025234,-0.2833811795832431,-0.026410606197101,-0.6103984275537224,25717.3,1.285865,1.0615655,0.3435535,1,0.4710417912329294,True,2026-09-30,45390.49,2026-10-30,45390.49,47678.23999999997,2287.75,20000.0,17712.25,29,7964.48,8.21026482582667,140,3403.880000000001,14308.37,False,False,False,1.0,0,0.0004667230562644,0.8998499999999998,0.5194,0.6095999999999999,0.8998499999999998,LIQUIDITY_PRESSURE,0.8998499999999998,0.7522249999999999,True,LIQUIDITY_PROTECTION,0,1,LIQUIDITY_PROTECTION_MEDIUM,0.2079107090207266,1,-0.0650589858376418,-0.0355632305750072,0.0431147827870546,0.27491532150427633,0.16587412427900047,-0.10904119722527586,0.10904119722527586,in_sample
620,2026-09-01,23285.31,0.0,23285.31,20452.550000000003,6850.89,4020.51,2830.38,13601.66,149,148,1,4.966666666666667,4.933333333333334,293.5426845637584,40.24,2043.74909212696,33365.19,36197.95,13111.34,36396.65,19496.661208053687,2832.7599999999984,0.1216543820975541,1.138504000723626,0.5868595175225408,0.4131404824774591,0.5630734570422296,0.8372944662559221,2832.7599999999948,RECOVERY,LIQUIDITY_STRESS,True,LIQUIDITY_STRESS->RECOVERY,1,1,7834.32875,1639.1844451123295,-983.4387499999992,0.8744705792439461,-1.0,0.215764994456008,7685.116666666666,2135.839273478539,6092.289999999999,10112.17,21653.126666666667,1642.7551297845143,20910.09014563328,12144.07,0.0142820899130334,169.0,366.3500000000022,-0.3225104008338467,0.1270173091395601,0.0743395218341549,0.084901659484031,-0.9823411048876592,13111.34,0.5630734570422296,0.8783456179024459,0.1215521717340245,0,0.3054898946695783,True,2026-09-30,36197.95,2026-10-30,36197.95,39132.480000000025,2934.5300000000025,23285.31,20350.78,29,13601.66,4.373235325688188,154,2444.09,17906.69,False,False,False,1.0,0,0.000285534211045,0.7559,0.34995,0.51335,0.7559,LIQUIDITY_PRESSURE,0.7559,0.7522249999999999,True,LIQUIDITY_PROTECTION,1,0,LIQUIDITY_PROTECTION_LOW,0.2079107090207266,0,0.0600240958143068,-0.0035822312090642,-0.0128135031513734,0.1283399762111473,0.2843616491746903,0.15602167296354302,0.15602167296354302,in_sample
628,2026-09-01,48244.91,0.0,48244.91,60499.37,22615.47,21354.86,1260.61,37883.9,103,102,1,3.433333333333333,3.4,1055.769708737864,49.34,5482.19119014137,62590.11,50335.65,2841.56,51086.47,21779.83116504854,-12254.459999999992,-0.2540052411746646,0.7974448328966072,0.9442589519474942,0.0557410480525056,0.0588986485828245,0.4514430882977818,-12254.46,LIQUIDITY_STRESS,SPENDING_PRESSURE,True,SPENDING_PRESSURE->LIQUIDITY_STRESS,8,1,8413.63125,4413.175025144071,14201.83875,2.6879559286604104,-3.0,-0.333278615857549,12344.876666666669,8929.982367739218,6415.37,22615.47,49195.87,1762.2469214329674,25718.22189811449,2841.56,-0.0234876219497264,101.33333333333331,-1032.9066666666622,2.525201196501527,-0.1810711083971051,0.0027337509856926,-0.195789079137263,2.723659676796488,2841.56,0.0588986485828245,1.2540052411746647,0.0261293885717685,1,0.55218522450442,True,2026-09-30,50335.65,2026-10-30,6136.810000000006,56154.09,5818.440000000002,50688.43,44869.99,27,37883.9,2.66667581743168,88,1940.479999999996,42929.51,False,False,False,0.1219177660365964,0,0.1212888140681663,0.98985,0.7469,0.94305,0.98985,LIQUIDITY_PRESSURE,0.98985,0.7522249999999999,True,LIQUIDITY_PROTECTION,1,0,LIQUIDITY_PROTECTION_HIGH,0.2079107090207266,0,0.1699458901059999,0.0210788912643707,-0.060120679828443,0.1169443803677845,0.03495205596199895,-0.08199232440578555,0.08199232440578555,in_sample
660,2026-09-01,72203.81,0.0,72203.81,68651.01000000001,19706.35,11494.19,8212.159999999998,48944.66000000001,134,133,1,4.466666666666667,4.433333333333334,1051.1553731343283,123.91,6677.582672064768,65832.29,69385.09,19480.84,91684.65,63801.13888059701,3552.7999999999884,0.0492051596723218,1.0517516056937837,0.583273411869778,0.4167265881302219,0.2698034909792156,0.8836256546655504,3552.800000000003,SPENDING_PRESSURE,SPENDING_PRESSURE,False,NO_CHANGE,5,0,23526.97875,7979.053630970167,-3820.628750000004,0.8376064861281858,7.0,0.014864158100692,20327.286666666667,6080.161625338039,14581.42,26694.09,73872.61333333333,9038.101730011298,60945.87203959533,7964.48,0.0596960747916065,127.0,4600.66666666666,0.3514698842773884,0.332055156260391,0.097569043254555,0.0539674375598966,0.8052283753890914,19480.84,0.2698034909792156,0.950794840327678,0.1137358264058364,0,0.1164126430619996,True,2026-09-30,69385.09,2026-10-30,24196.43000000001,47518.72000000001,-21866.369999999995,67156.91,89023.28,28,48944.66000000001,2.7897221065587128,129,30496.11,58527.170000000006,False,False,False,0.3487266500627154,0,0.0019085077844201,0.8916999999999999,0.53845,0.8791,0.8916999999999999,LIQUIDITY_PRESSURE,0.8916999999999999,0.7522249999999999,True,LIQUIDITY_PROTECTION,0,1,LIQUIDITY_PROTECTION_MEDIUM,0.2079107090207266,0,0.0696994880110271,0.020685592166448,0.0066938378314611,0.08553672653452077,0.19291889881998814,0.10738217228546737,0.10738217228546737,in_sample
676,2026-09-01,33997.29,0.0,33997.29,33217.74,31998.52999999999,15796.2,16202.33,1219.21,230,229,1,7.666666666666667,7.633333333333334,292.2392608695652,121.155,2234.2746067047865,63538.97,64318.52,34273.85,68271.14,49901.383130434784,779.5500000000029,0.0229297688139261,1.0234678819209255,0.4936539272272821,0.5063460727727181,1.0081347660357634,1.467804731801705,779.5499999999956,SPENDING_PRESSURE,STABLE,True,STABLE->SPENDING_PRESSURE,1,1,26047.9475,1766.333021251734,5950.582499999993,1.2284472701735902,53.0,-0.1537545915205165,28693.863333333327,3538.2217798964043,24961.050000000003,31998.52999999999,33489.85333333333,1503.2338830778526,48249.394056562334,27601.34,0.1081880544413757,199.3333333333333,3576.78,0.2819384601208679,0.7079390880495189,0.0691452477265488,0.0122688485507398,0.4248187077411384,34273.85,1.0081347660357634,0.9770702311860738,0.4765771036456141,0,0.2679709681656664,True,2026-09-30,64318.52,2026-10-30,38881.59000000001,67996.76000000001,3678.239999999998,31514.72,27836.480000000003,29,1219.21,78.60273455762336,195,12789.320000000003,15047.16,False,False,False,0.604516241978205,0,0.0001054211505924,0.90185,0.8976500000000001,0.5171,0.90185,LIQUIDITY_PRESSURE,0.90185,0.7522249999999999,True,LIQUIDITY_PROTECTION,0,1,LIQUIDITY_PROTECTION_MEDIUM,0.2079107090207266,0,-0.0713456119692157,-0.0049153613928372,0.0370086708347882,0.10170360820581897,0.2130678508103341,0.11136424260451513,0.11136424260451513,in_sample
681,2026-09-01,20000.0,0.0,20000.0,23003.189999999995,8602.35,2737.18,5865.17,14400.84,118,117,1,3.933333333333333,3.9,364.43381355932206,32.504999999999995,1979.098013189804,48274.49,45271.3,38478.32,58478.32,45860.06093220339,-3003.189999999995,-0.1501594999999997,0.8694446292014283,0.3181897969740826,0.6818102030259173,1.923916,2.2930030466101696,-3003.189999999995,LIQUIDITY_STRESS,LIQUIDITY_STRESS,False,NO_CHANGE,2,0,6149.19375,3079.697669433235,2453.15625,1.3989394951167378,-22.0,-0.0417222015474798,8556.550000000001,4460.736345447912,4073.09,12994.21,21571.673333333336,2722.218066234472,48443.016723777946,38478.32,-0.0607644328175066,124.33333333333331,-1385.716666666666,-0.3379859183436315,-0.2683189413200066,-0.1907754879421501,-0.0622107038313609,-2.5282444198744107,38478.32,1.923916,1.1501594999999998,0.2932585,1,0.5682269411263386,True,2026-09-30,45271.3,2026-10-30,35348.4,46535.099999999984,1263.800000000003,20000.0,18736.2,29,14400.84,4.532464772888249,125,1918.010000000002,16818.189999999995,False,False,False,0.7808125677857716,0,0.0002010579905843,0.82985,0.55165,0.74075,0.82985,LIQUIDITY_PRESSURE,0.82985,0.7522249999999999,True,LIQUIDITY_PROTECTION,1,0,LIQUIDITY_PROTECTION_LOW,0.2079107090207266,0,0.1131620891517007,0.0248547564845278,0.0348731036476389,0.24632631311952038,0.09805646838848703,-0.14826984473103336,0.14826984473103336,in_sample
687,2026-09-01,36812.52,11168.69,47981.21,46818.81,23115.15,10896.84,12218.31,23703.660000000003,159,157,2,5.3,5.233333333333333,596.2265408805031,119.39,3179.4057673999287,39023.59,40185.99,-3055.02,44926.19,15226.173710691824,1162.4000000000017,0.0242261501950451,1.0248276280409518,0.4714155002238791,0.5285844997761208,-0.0636711746118949,0.31733617619672,1162.4000000000017,LIQUIDITY_STRESS,LIQUIDITY_STRESS,False,NO_CHANGE,9,0,17639.9025,4034.6476865016175,5475.247500000001,1.3103898958625195,14.0,0.0258641218777738,22020.16333333333,2378.2179484928024,19291.69,23653.65,44126.85,3415.879080719935,20293.840695073293,-3055.02,-0.0397529804234319,147.0,-1596.9733333333304,0.1981920713011664,0.1933213594025145,0.1177906881391372,0.0297871108219414,0.3826016655921109,0.0,0.0,0.9757738498049549,0.2546478090069008,0,0.1480294019435949,True,2026-09-30,40185.99,2026-10-30,6137.719999999988,40527.09999999998,341.1100000000006,36320.91,35979.8,28,23703.660000000003,3.2276407947127144,138,7034.32,28945.480000000003,False,False,False,0.1527328305212834,0,0.6800407419847144,0.95005,0.83035,0.8123500000000001,0.95005,LIQUIDITY_PRESSURE,0.95005,0.7522249999999999,True,LIQUIDITY_PROTECTION,0,1,LIQUIDITY_PROTECTION_HIGH,0.2079107090207266,0,-0.0049912751530274,-0.0181458057453575,-0.0147461845934475,0.12573095524801264,0.05124591366873183,-0.07448504157928082,0.07448504157928082,in_sample
692,2026-09-01,20022.6,0.0,20022.6,21006.21,2953.09,1602.08,1351.01,18053.12,152,151,1,5.066666666666666,5.033333333333333,269.92638157894737,20.0,1812.937980974254,21495.61,20512.0,20512.0,41518.21,24967.56664473684,-983.6100000000006,-0.0491249887626981,0.9531752753114436,0.5425097101679934,0.4574902898320064,1.0244423801104752,1.2469692569764588,-983.6100000000006,LIQUIDITY_STRESS,LIQUIDITY_STRESS,False,NO_CHANGE,9,0,3665.87875,1122.565198646609,-712.7887499999997,0.8055612859536067,-22.0,0.0225420112373016,3195.183333333334,219.2067668511485,2953.09,3380.2200000000003,20105.61333333333,163.74585348438976,26271.00511132552,20512.0,-0.056871664242785,164.0,-1142.6899999999987,-0.1263615977658259,-0.2818360620880289,0.0011299999999998,-0.0457586456025207,-0.1657129371503731,20512.0,1.0244423801104752,1.049124988762698,0.067474254092875,1,0.0653003125597663,True,2026-09-30,20512.0,2026-10-30,20017.09000000001,20017.09000000001,-494.9099999999999,20825.27,21320.18,29,18053.12,2.289757670696257,164,1676.2800000000025,19643.9,False,False,False,0.975872172386896,0,0.0004412926686197,0.9212,0.36245,0.7893500000000001,0.9212,LIQUIDITY_PRESSURE,0.9212,0.7522249999999999,True,LIQUIDITY_PROTECTION,1,0,LIQUIDITY_PROTECTION_HIGH,0.2079107090207266,0,0.1104705744580597,0.0033594052083724,-0.0379860289769582,0.3852882864214315,0.11434804976190878,-0.2709402366595227,0.2709402366595227,in_sample
696,2026-09-01,34958.21,0.0,34958.21,37464.08,19564.68,6523.660000000001,13041.02,17899.4,161,160,1,5.366666666666666,5.333333333333333,449.8278881987577,77.53,3018.043991094524,30155.04,27649.17,-2067.21,32891.0,13852.161304347825,-2505.869999999996,-0.0716818738716883,0.9331127309145189,0.3334406696148366,0.6665593303851636,-0.059133748552915,0.3962491587626433,-2505.8700000000026,LIQUIDITY_STRESS,LIQUIDITY_STRESS,False,NO_CHANGE,9,0,12543.89875,2811.559524490876,7020.781249999996,1.5596969004552907,-19.0,0.1177732494493821,16413.326666666664,4301.886039417286,11512.3,19564.68,32756.36,2328.8874333251906,19044.79714722856,-2067.21,-0.0508681968453615,179.33333333333334,-1556.366666666671,0.0771722733028683,-0.0445481227278653,0.1530353494674194,-0.0830995415691706,-0.5005315738866594,0.0,0.0,1.0716818738716885,0.3730459883386477,1,0.1577430002511997,True,2026-09-30,27649.17,2026-10-30,2895.030000000001,24732.979999999985,-2916.189999999995,32529.07,35445.259999999995,29,17899.4,3.3620255427556227,148,12007.849999999997,23437.41,False,False,True,0.1047058555464775,1,0.8743482999227312,0.9879,0.8170499999999999,0.7921500000000001,0.9879,LIQUIDITY_PRESSURE,0.9879,0.7522249999999999,True,LIQUIDITY_PROTECTION,1,0,LIQUIDITY_PROTECTION_HIGH,0.2079107090207266,0,0.1004056957056162,0.0205913021576108,0.0277958704241113,0.27530242618412504,0.041285800062772014,-0.23401662612135302,0.23401662612135302,in_sample
703,2026-09-01,38402.11,0.0,38402.11,34534.72,19824.69,8729.49,11095.2,14710.03,136,135,1,4.533333333333333,4.5,536.3002205882354,88.58500000000001,3431.049792152157,57976.68,61844.07,23867.47,62269.58,38074.924632352944,3867.39,0.1007077475690788,1.1119855611975429,0.440334249867211,0.559665750132789,0.6215145469871317,0.9914800158729024,3867.39,RECOVERY,RECOVERY,False,NO_CHANGE,3,0,15729.08625,3969.228677452648,4095.603750000002,1.2603840862020832,-38.0,-0.0757082979851608,15390.606666666668,5782.529900418444,8850.16,19824.69,34709.70333333334,7013.778072631983,34314.465707554984,20107.79,0.1307013529232805,161.66666666666666,4609.066666666667,0.1330356055934256,0.1725715155332541,-0.017997279695064,0.0667059583266926,-0.8439874086797627,23867.47,0.6215145469871317,0.8992922524309211,0.2889216243586615,0,0.4254182313766211,True,2026-09-30,61844.07,2026-10-30,61844.07,72930.97999999988,11086.91,38402.11,27315.2,28,14710.03,6.814818188678065,114,3973.790000000001,23341.41,False,False,False,1.0,0,0.0036615615928485,0.8127500000000001,0.80725,0.599,0.8127500000000001,LIQUIDITY_PRESSURE,0.8127500000000001,0.7522249999999999,True,LIQUIDITY_PROTECTION,0,1,LIQUIDITY_PROTECTION_LOW,0.2079107090207266,0,-0.0294486171058779,-0.0149293566508661,-0.0143808362568558,0.22907798929258352,0.23573188086244912,0.006653891569865594,0.006653891569865594,in_sample
727,2026-09-01,20000.0,0.0,20000.0,18936.22,8301.39,3642.9,4658.49,10634.83,154,153,1,5.133333333333334,5.1,252.8325974025974,48.42,1724.8720407509802,31817.91,32881.69,13129.98,33129.98,18518.82844155844,1063.7799999999988,0.0531889999999999,1.056176998366094,0.4388301236298981,0.5611698763701018,0.6564989999999999,0.925941422077922,1063.7800000000025,SPENDING_PRESSURE,SPENDING_PRESSURE,False,NO_CHANGE,4,0,8022.6575,840.3179427837333,278.7324999999992,1.0347431633470578,-5.0,0.0504859999999998,8733.603333333333,520.3039824307825,8301.39,9311.11,20000.0,0.0,18757.105176769182,12276.75,0.0315783333333333,149.33333333333334,631.566666666667,-0.1084424950408704,-0.2348216441555755,0.0,0.0334333713308008,-0.1926034067918434,13129.98,0.6564989999999999,0.946811,0.2329244999999999,0,0.1410265376847072,True,2026-09-30,32881.69,2026-10-30,32881.69,33954.900000000016,1073.2099999999991,20000.0,18926.79,28,10634.83,4.972499795483332,134,4685.530000000001,14241.26,False,False,False,1.0,0,0.0198388727972135,0.90465,0.5659000000000001,0.6099,0.90465,LIQUIDITY_PRESSURE,0.90465,0.7522249999999999,True,LIQUIDITY_PROTECTION,1,0,LIQUIDITY_PROTECTION_HIGH,0.2079107090207266,0,0.0961975291703226,0.0205899831520467,-0.009893181469184,0.35513736864570045,0.1526545618084722,-0.20248280683722825,0.20248280683722825,in_sample
729,2026-09-01,47753.32,0.0,47753.32,43214.6,23108.65,12099.24,11009.41,20105.95,127,126,1,4.233333333333333,4.2,716.2828346456693,157.82,4395.290778652328,74291.74,78830.46,31511.84,79265.16,45608.04291338583,4538.720000000001,0.0950451193759931,1.105027467568831,0.5235805639879438,0.476419436012056,0.6598879407756362,0.95507585469211,4538.720000000001,SPENDING_PRESSURE,STABLE,True,STABLE->SPENDING_PRESSURE,1,1,25700.35,7592.649339600957,-2591.699999999997,0.8991570153713861,23.0,-0.0465835584608683,21083.76,1856.9705310262432,19460.410000000003,23108.65,46496.02666666667,1112.321774772638,41108.3525083081,22732.64,0.1143272324221565,110.33333333333331,5306.316666666666,0.1874698426189374,-0.1218871584468453,0.0359831034767779,0.0610931982478806,0.2465452223412301,31511.84,0.6598879407756362,0.9049548806240068,0.2305475305172499,0,0.2173427574232482,True,2026-09-30,78830.46,2026-10-30,78563.71,84438.50000000007,5608.039999999994,47753.32,42145.280000000006,29,20105.95,6.295836804528013,125,12933.130000000008,29212.15,False,False,False,0.9966161557347248,0,0.0015476226944584,0.82585,0.6108,0.69085,0.82585,LIQUIDITY_PRESSURE,0.82585,0.7522249999999999,True,LIQUIDITY_PROTECTION,1,0,LIQUIDITY_PROTECTION_LOW,0.2079107090207266,1,0.1504088271283366,0.0125982372571899,-0.1219426921925755,0.1862499971916323,0.31663486699503535,0.13038486980340305,0.13038486980340305,in_sample
738,2026-09-01,23367.58,0.0,23367.58,21434.64,3810.73,1843.2,1967.53,17623.91,158,157,1,5.266666666666667,5.233333333333333,283.5583544303798,20.0,2001.252079929969,38912.81,40845.75,17658.38,41025.96,23794.63050632911,1932.9400000000023,0.0827188780352951,1.0901783281641306,0.4836868526502796,0.5163131473497203,0.7556785940178657,1.018275341577053,1932.9400000000023,RECOVERY,RECOVERY,False,NO_CHANGE,3,0,5656.53125,1630.3499422642587,-1845.80125,0.6736867227596418,2.0,0.0128717639333934,5677.68,2626.0836726768634,3810.73,8680.5,24103.823333333334,904.6491941262836,22597.75674819233,12481.02,0.0350510751334387,152.66666666666666,802.2333333333323,-0.1609666630704498,-0.2900873531035429,-0.0194127701038051,0.0496736164774531,0.3158134763224424,17658.38,0.7556785940178657,0.9172811219647048,0.0841991340138773,0,0.0857090846086987,True,2026-09-30,40845.75,2026-10-30,19420.17,42643.11,1797.359999999997,23325.82,21528.460000000003,29,17623.91,3.6411653259690953,149,2359.010000000002,19169.45,False,False,False,0.4754514239547566,0,0.0011216889265512,0.8548,0.3181,0.69685,0.8548,LIQUIDITY_PRESSURE,0.8548,0.7522249999999999,True,LIQUIDITY_PROTECTION,0,1,LIQUIDITY_PROTECTION_MEDIUM,0.2079107090207266,0,-0.0328247327470659,-0.0081084980337603,-0.0147258784594845,0.23180846059486138,0.2527205672466923,0.02091210665183091,0.02091210665183091,in_sample
744,2026-09-01,32091.78,0.0,32091.78,32932.69,17210.190000000002,7711.54,9498.65,15722.5,98,97,1,3.2666666666666666,3.2333333333333334,663.515,103.085,3387.9334183875744,71792.53,70951.62,39935.6,72027.38,52692.83918367347,-840.9100000000035,-0.0262032832083481,0.9744657967508878,0.4480798875549892,0.5519201124450107,1.2444183526124135,1.6419419297924105,-840.9100000000035,LIQUIDITY_STRESS,LIQUIDITY_STRESS,False,NO_CHANGE,2,0,14204.68,3385.4478791734505,3005.510000000002,1.2115858998583566,-2.0,0.1477887893440276,18705.28,1702.3751940450743,17210.190000000002,20558.09,34666.18666666667,7282.376435891879,54640.07947312925,36324.25,-0.01539035185796,103.33333333333331,238.40666666666343,-0.0619902591952284,-0.1852037708982047,0.1058241551114049,-0.0117130570548217,0.0455357804319932,39935.6,1.2444183526124135,1.026203283208348,0.2959838936948963,1,0.5437354552393971,True,2026-09-30,70951.62,2026-10-30,46062.989999999976,76082.00999999997,5130.389999999999,30632.2,25501.81,27,15722.5,6.461047543329623,103,2830.34,22671.47,False,False,False,0.6492168889167009,0,9.41717305150894e-05,0.89525,0.6742,0.7481,0.89525,LIQUIDITY_PRESSURE,0.89525,0.7522249999999999,True,LIQUIDITY_PROTECTION,0,1,LIQUIDITY_PROTECTION_MEDIUM,0.2079107090207266,0,-0.0060148301672749,0.0267799173941194,-0.0242683952198364,0.12233536368725031,0.05043969764230336,-0.07189566604494696,0.07189566604494696,in_sample
750,2026-09-01,60128.82,0.0,60128.82,56636.09000000001,6354.67,3802.7,2551.97,50281.420000000006,130,129,1,4.333333333333333,4.3,898.1916153846154,39.295,5983.833896144102,83963.93,87456.66,29731.05,89859.87,59513.68407692308,3492.7299999999886,0.0580874529052788,1.0616696880028262,0.5984103029740333,0.4015896970259667,0.4944559031758814,0.9897696990714782,3492.7300000000105,SPENDING_PRESSURE,SPENDING_PRESSURE,False,NO_CHANGE,2,0,11605.60375,4491.990584304906,-5250.93375,0.5475518669160147,4.0,-0.0115586859959673,10391.956666666669,6353.59836023913,6354.67,17715.640000000003,68224.87666666666,12700.650978018151,49683.13278466454,3511.07,0.1023786471976498,119.0,7551.500000000007,-0.1056763998896638,-0.1930580676169637,-0.0251956131806904,0.041597981418926,0.4932339414810122,29731.05,0.4944559031758814,0.9419125470947212,0.0424417109798595,0,0.0375313033737287,True,2026-09-30,87456.66,2026-10-30,32424.53,91439.33,3982.6700000000055,61422.32,57439.65,28,50281.420000000006,2.960914389450417,104,3443.1099999999933,53996.54,False,False,False,0.3707496947630975,0,0.0046224557996155,0.90495,0.20955,0.90495,0.90495,LIQUIDITY_PRESSURE,0.90495,0.7522249999999999,True,LIQUIDITY_PROTECTION,0,1,LIQUIDITY_PROTECTION_HIGH,0.2079107090207266,0,-0.0296542540983507,0.005724325780313,0.0232800475449016,0.10856317311967309,0.29149278970104664,0.18292961658137355,0.18292961658137355,in_sample
754,2026-09-01,40050.7,0.0,40050.7,36969.01,20975.87,8555.83,12420.04,15993.14,151,150,1,5.033333333333333,5.0,510.0643046357616,122.79,3452.441525770134,50559.93,53641.62,17818.58,57869.28,33277.858410596025,3081.6900000000023,0.07694472256415,1.083358737493917,0.407889160258907,0.5921108397410929,0.4449005885040711,0.830893303003344,3081.6900000000023,RECOVERY,RECOVERY,False,NO_CHANGE,2,0,26443.92625,7018.555796729001,-5468.0562500000015,0.7932207116936729,-10.0,-0.0442852043909859,21915.736666666664,888.3802873394202,20975.87,22741.63,42451.85666666667,2122.6404936855133,27589.9566305843,7025.18,0.1061850862708261,158.33333333333334,4542.979999999999,-0.0776443904856423,0.0662415449979094,-0.0913756151256885,0.060951231538493,-0.1099607487127816,17818.58,0.4449005885040711,0.92305527743585,0.3101079381883462,0,0.1973603257247268,True,2026-09-30,53641.62,2026-10-30,27715.57000000002,57084.830000000016,3443.209999999999,31159.59,27716.38,29,15993.14,5.302349007136811,158,7431.110000000001,20285.27,False,False,False,0.5166803314292152,0,0.0016206915445985,0.8558,0.4265,0.64925,0.8558,LIQUIDITY_PRESSURE,0.8558,0.7522249999999999,True,LIQUIDITY_PROTECTION,1,0,LIQUIDITY_PROTECTION_MEDIUM,0.2079107090207266,0,0.1401057181172409,0.0364769122824972,0.038228514167388,0.25545373844023384,0.286867121152571,0.03141338271233718,0.03141338271233718,in_sample
801,2026-09-01,26520.63,0.0,26520.63,24467.140000000003,9124.89,2240.66,6884.23,15342.250000000002,158,157,1,5.266666666666667,5.233333333333333,322.7074050632912,52.055,2243.7966835312213,44747.34,46800.83,44624.42,71145.05,52638.711962025314,2053.489999999998,0.0774299102246062,1.0839284853072324,0.2455547409338633,0.7544452590661367,1.6826304654150372,1.9848213244566704,2053.490000000005,SPENDING_PRESSURE,LIQUIDITY_STRESS,True,LIQUIDITY_STRESS->SPENDING_PRESSURE,3,1,11181.42875,4410.767962460691,-2056.53875,0.816075494824398,0.0,0.1044464396234694,8321.23,4306.887753947159,3669.12,12169.68,23834.83,4610.409404694994,51452.06883855933,44624.42,0.0037175956177023,156.33333333333334,171.34999999999732,1.4869423731030875,1.6449120569228757,0.4326755715170121,0.0458907725017845,2.1854455383465448,44624.42,1.6826304654150372,0.9225700897753938,0.2595801834270151,0,0.3641052208035673,True,2026-09-30,46800.83,2026-10-30,46454.86000000001,49086.70000000002,2285.8700000000063,25799.72,23513.849999999995,29,15342.250000000002,4.732066678616239,151,5388.169999999995,18125.68,False,False,False,0.992607609736836,0,0.0001546767151227,0.7804000000000001,0.7334,0.67555,0.7804000000000001,LIQUIDITY_PRESSURE,0.7804000000000001,0.7522249999999999,True,LIQUIDITY_PROTECTION,0,1,LIQUIDITY_PROTECTION_LOW,0.2079107090207266,0,-0.0684796285711988,0.0088654578065841,0.0042317497596409,0.08977243955166496,0.226412928233364,0.13664048868169903,0.13664048868169903,in_sample
824,2026-09-01,20000.0,0.0,20000.0,18802.83,4384.57,2945.61,1438.96,14418.26,156,155,1,5.2,5.166666666666667,248.73608974358976,22.39,1753.0716004079438,36052.78,37249.95,17397.55,37397.55,22263.51923076923,1197.1699999999985,0.0598584999999999,1.0636696710016522,0.671812743324887,0.328187256675113,0.8698775,1.1131759615384615,1197.1699999999985,SPENDING_PRESSURE,SPENDING_PRESSURE,False,NO_CHANGE,3,0,4563.493750000001,1638.7238972874811,-178.92375000000084,0.9607923753593394,10.0,-0.0310972737075902,4339.080000000001,615.5369856474928,3702.06,4930.610000000001,20428.283333333333,741.8084933682937,20064.919923571742,14214.99,0.0815994245691966,146.33333333333334,1670.9433333333327,-0.1107449179716101,-0.1636579213502736,-0.0603645315799734,0.0332060384802503,-0.4426006955657063,17397.55,0.8698775,0.9401415,0.071948,0,0.0618729373779697,True,2026-09-30,37249.95,2026-10-30,37229.95,37874.63000000001,624.6800000000003,20000.0,19375.32,29,14418.26,3.970655959873105,197,1546.0999999999983,17829.22,False,False,False,0.9994630865276328,0,0.0003435046296846,0.8873,0.40245,0.6870499999999999,0.8873,LIQUIDITY_PRESSURE,0.8873,0.7522249999999999,True,LIQUIDITY_PROTECTION,1,0,LIQUIDITY_PROTECTION_MEDIUM,0.2079107090207266,1,0.0890202304188997,0.0177853255665095,-0.0099676700840372,0.24697406737951397,0.33995962814051367,0.0929855607609997,0.0929855607609997,in_sample
827,2026-09-01,59331.06,0.0,59331.06,54735.64,16438.36,11228.37,5209.990000000001,38297.28,208,207,1,6.933333333333334,6.9,548.3975961538462,69.36,4394.718761851882,-4508.22,87.2,-38859.39,20471.67,5151.423413461539,4595.419999999998,0.0774538664908396,1.0839566322783474,0.683059015619563,0.316940984380437,-0.6549586338083291,0.0868250695919058,4595.42,LIQUIDITY_STRESS,LIQUIDITY_STRESS,False,NO_CHANGE,9,0,22608.78125,9105.589521234337,-6170.421249999999,0.7270785549309519,18.0,0.2288725942556381,25842.423333333336,8391.285155364068,16438.36,32565.93,58534.9,697.2702523412128,10820.49268658068,-38859.39,-0.0968985833230817,192.3333333333333,-5604.803333333337,-0.4236801344039087,-0.6840126467964218,0.0223679707642101,-1.01934244557719,-0.2995335186002146,0.0,0.0,0.9225461335091604,0.0878121847140435,0,0.3805044676240803,True,2026-09-30,87.2,2026-10-30,-20096.86999999999,-1952.0399999999968,-2039.2399999999907,66126.87,68166.10999999999,29,38297.28,1.7289496799772723,193,16915.90999999999,51250.2,True,False,True,-230.46869266055035,1,0.9962785456427816,0.95985,0.1502,0.9108,0.95985,LIQUIDITY_PRESSURE,0.95985,0.7522249999999999,True,LIQUIDITY_PROTECTION,1,0,LIQUIDITY_PROTECTION_HIGH,0.2079107090207266,0,0.0498180863974528,0.0089536373957936,0.0284239699601402,0.2482645064615017,0.22621290417300538,-0.022051602288496314,0.022051602288496314,in_sample
848,2026-09-01,41830.29,9660.51,51490.8,47581.100000000006,25342.329999999994,17435.640000000003,7906.689999999999,22238.77,144,142,2,4.8,4.733333333333333,687.9993055555556,160.34500000000003,3767.6787707347967,67667.0,71576.7,20873.33,72086.39,39308.95756944444,3909.699999999997,0.0759300690608807,1.082169180620036,0.6880046152031012,0.3119953847968991,0.4053797960023926,0.7634171069287026,3909.699999999997,SPENDING_PRESSURE,LIQUIDITY_STRESS,True,LIQUIDITY_STRESS->SPENDING_PRESSURE,1,1,21660.307500000003,9575.383568361638,3682.022499999992,1.1699893918865183,-4.0,0.3339718481135185,24453.623333333333,8687.728322146899,15355.7,32662.840000000004,45740.01,5040.410033449672,46045.64234162557,20873.33,-0.0251105809740703,147.66666666666666,-952.3833333333388,-0.2241234993650279,-0.6609565456776805,0.1798848455781816,0.0577785331106743,-1.3512059508325611,20873.33,0.4053797960023926,0.9240699309391192,0.1535553924196167,0,0.532913777975735,True,2026-09-30,71576.7,2026-10-30,71576.7,83832.84,12256.140000000009,51490.8,39234.66,29,22238.77,5.533916668952465,154,7934.229999999992,31300.430000000004,False,False,False,1.0,0,0.0075616031826332,0.8661,0.52455,0.7342500000000001,0.8661,LIQUIDITY_PRESSURE,0.8661,0.7522249999999999,True,LIQUIDITY_PROTECTION,1,0,LIQUIDITY_PROTECTION_MEDIUM,0.2079107090207266,0,0.1354000097078958,0.0488685546223838,0.0540160371776646,0.18902284159590496,0.16080873920761093,-0.028214102388294027,0.028214102388294027,in_sample
891,2026-09-01,44758.28,0.0,44758.28,59572.11,46034.85,31195.68,14839.17,13537.26,178,177,1,5.933333333333334,5.9,586.125786516854,169.02999999999997,3535.4173695465133,42215.45,27401.62,-16352.76,31929.09,8887.336741573034,-14813.830000000002,-0.3309740678149384,0.7513294392291964,0.6776535602918224,0.3223464397081776,-0.3653572031811767,0.1985629640275058,-14813.829999999998,LIQUIDITY_STRESS,LIQUIDITY_STRESS,False,NO_CHANGE,8,0,32009.24875,6959.272998049721,14025.601249999996,1.43817339668117,6.0,-0.2855470858644517,35111.066666666666,9798.238602495525,27097.96,46034.85,43426.83666666666,1519.1658669919275,15270.710878462838,-16352.76,-0.1163955536012091,177.33333333333334,-5221.4900000000025,0.4296364112360129,-0.1729638809112842,0.0230414894008508,-0.3509101525626281,0.241340687129844,0.0,0.0,1.3309740678149384,0.3315402200442018,1,0.4611816019150858,True,2026-09-30,27401.62,2026-10-30,27401.62,31841.42999999996,4439.809999999998,44758.28,40318.47,29,13537.26,5.33046569246657,209,13761.720000000008,26556.75,False,False,False,1.0,0,0.9293889440101462,0.99505,0.93295,0.72415,0.99505,LIQUIDITY_PRESSURE,0.99505,0.7522249999999999,True,LIQUIDITY_PROTECTION,1,0,LIQUIDITY_PROTECTION_HIGH,0.2079107090207266,1,0.0753741929814011,0.0142681685110607,0.0151490885660705,0.13039947368397958,0.1429034247198222,0.01250395103584262,0.01250395103584262,in_sample
918,2026-09-01,29764.87,0.0,29764.87,27435.69,7954.839999999999,4951.679999999999,3003.1600000000003,19480.85,141,140,1,4.7,4.666666666666667,405.6777304964539,48.03,2749.612640015569,51530.05,53859.23,24737.75,54502.62,31500.650851063827,2329.1800000000003,0.0782526515318225,1.084895987671533,0.6224738649677429,0.3775261350322572,0.8311055952873304,1.0583164264135485,2329.1800000000003,RECOVERY,RECOVERY,False,NO_CHANGE,6,0,7205.64625,622.3700606997068,749.1937499999995,1.1039731516101,-19.0,-0.0007637243364473,7393.369999999999,574.0324711198836,6807.55,7954.839999999999,29107.51,615.8868623375599,30858.02839479905,21157.76,0.0767247530488233,160.33333333333334,2233.290000000001,0.1685319975615307,0.2893802460124941,0.0427777211397348,0.0452004218897517,0.2507904273755436,24737.75,0.8311055952873304,0.9217473484681774,0.1008961235174217,0,0.0738701875319058,True,2026-09-30,53859.23,2026-10-30,28714.01,58021.779999999984,4162.549999999999,29681.34,25518.79,29,19480.85,4.288343167777588,112,1617.2999999999993,23901.49,False,False,False,0.5331307187273193,0,0.0005477066837785,0.8631,0.65235,0.73485,0.8631,LIQUIDITY_PRESSURE,0.8631,0.7522249999999999,True,LIQUIDITY_PROTECTION,0,1,LIQUIDITY_PROTECTION_MEDIUM,0.2079107090207266,0,0.0051859207544256,0.0066556277861995,-0.007832724150096,0.3268661829685494,0.2493986035964071,-0.07746757937214233,0.07746757937214233,in_sample
923,2026-09-01,20000.0,0.0,20000.0,17871.24,5471.24,3814.54,1656.6999999999998,12400.0,151,150,1,5.033333333333333,5.0,250.8029139072848,32.8,1724.2735068627558,33121.41,35250.17,17174.06,37174.06,27224.103841059605,2128.7599999999984,0.1064379999999999,1.1191165246507797,0.6971984413039823,0.3028015586960177,0.8587030000000001,1.3612051920529802,2128.7599999999948,RECOVERY,RECOVERY,False,NO_CHANGE,2,0,7764.93125,3659.44688141113,-2293.69125,0.7046089429317227,-5.0,-0.0176636035061623,7513.246666666666,3202.236897800247,5471.24,11203.89,21288.736666666664,1553.5411493209083,25170.297874339103,10260.28,0.0682993365479007,148.0,1375.4900000000005,-0.0670752189830186,-0.1065534870677568,-0.0408791685189687,0.0642714183967407,0.4094806915087837,17174.06,0.8587030000000001,0.8935620000000001,0.0828349999999999,0,0.092029374167445,True,2026-09-30,35250.17,2026-10-30,19705.70999999998,38236.68999999998,2986.5200000000004,20000.0,17013.48,28,12400.0,4.455658870967742,143,1386.83,15626.65,False,False,False,0.5590245380376884,0,0.0001677761267123,0.7964,0.3514,0.5534,0.7964,LIQUIDITY_PRESSURE,0.7964,0.7522249999999999,True,LIQUIDITY_PROTECTION,1,0,LIQUIDITY_PROTECTION_LOW,0.2079107090207266,1,0.0577642120923586,0.0264720837350895,0.0384757904668915,0.20291627885279961,0.38101114380389844,0.17809486495109883,0.17809486495109883,in_sample
930,2026-09-01,32945.49,0.0,32945.49,32870.72,18554.01,9924.22,8629.79,14316.71,162,161,1,5.4,5.366666666666666,406.272901234568,83.305,2734.6285532130414,66811.31,66886.08,47038.56,79984.05,62112.79141975309,74.7699999999968,0.0022695063876723,1.0022746687629598,0.5348827558031931,0.4651172441968071,1.427769324420429,1.8853200064638007,74.77000000000407,SPENDING_PRESSURE,STABLE,True,STABLE->SPENDING_PRESSURE,2,1,16347.3375,4399.8966305836575,2206.6724999999988,1.1349866606718066,2.0,-0.1168562642891454,19699.24,5776.751705353106,14580.88,25962.83,38949.39333333333,10520.463814026138,58960.45745116457,27669.51,0.1110337931417565,151.66666666666666,4933.443333333333,0.2724890404420033,0.74013312443162,0.0042648232404363,0.0011191218971757,0.7108830830020785,47038.56,1.427769324420429,0.9977304936123276,0.2619414675574715,0,0.2888383946250802,True,2026-09-30,66886.08,2026-10-30,43397.71999999999,72560.29999999994,5674.220000000001,40897.06,35222.84,29,14316.71,7.528485245562703,154,7158.350000000002,28064.489999999994,False,False,False,0.648830369487941,0,8.652630679041048e-05,0.87245,0.82745,0.7181,0.87245,LIQUIDITY_PRESSURE,0.87245,0.7522249999999999,True,LIQUIDITY_PROTECTION,1,0,LIQUIDITY_PROTECTION_MEDIUM,0.2079107090207266,0,0.0634960717502186,0.0210646654058541,0.0300356375052358,0.10316194153915231,0.1597749982481553,0.05661305670900299,0.05661305670900299,in_sample
937,2026-09-01,22285.23,0.0,22285.23,20267.72,10822.23,6869.52,3952.71,9445.490000000002,139,138,1,4.633333333333334,4.6,306.1363309352518,65.97,1933.28402628984,32547.49,34565.0,24714.96,47000.19,35755.71287769784,2017.5099999999984,0.0905312621857615,1.0995430171721337,0.6347601187555615,0.3652398812444385,1.109028715431701,1.6044578798467797,2017.5099999999984,SPENDING_PRESSURE,STABLE,True,STABLE->SPENDING_PRESSURE,2,1,12440.35625,2104.032448201294,-1618.1262500000012,0.8699292674998755,-7.0,-0.1229942582179446,11230.596666666666,2023.83936883176,9442.080000000002,13427.48,24398.56,2328.617537703433,32356.454450905032,14605.76,0.1512003860633173,141.33333333333334,3722.473333333333,0.1461701235321029,0.104010256066497,-0.0720476659022989,0.0619866539631781,0.4429793535588836,24714.96,1.109028715431701,0.9094687378142384,0.1773690466735142,0,0.1840524667807442,True,2026-09-30,34565.0,2026-10-30,26430.579999999994,37302.51,2737.5099999999984,22460.39,19722.88,28,9445.490000000002,6.037314104403264,125,4175.590000000002,15547.29,False,False,False,0.7646630985100533,0,0.0002100425293627,0.79145,0.60535,0.5111,0.79145,LIQUIDITY_PRESSURE,0.79145,0.7522249999999999,True,LIQUIDITY_PROTECTION,0,1,LIQUIDITY_PROTECTION_LOW,0.2079107090207266,0,-0.0228435368632042,0.0190696171853227,0.0082883979807448,0.19842114558780533,0.36874735441625545,0.17032620882845012,0.17032620882845012,in_sample
938,2026-09-01,20000.0,0.0,20000.0,18193.19,5123.150000000001,3239.2899999999995,1883.86,13070.04,115,114,1,3.8333333333333335,3.8,332.11469565217385,37.63,2046.5333826889344,20679.57,22486.38,2639.4,22639.4,7019.791826086956,1806.8100000000013,0.0903405,1.099312435037506,0.6322848247660129,0.3677151752339869,0.13197,0.3509895913043477,1806.8100000000013,LIQUIDITY_STRESS,LIQUIDITY_STRESS,False,NO_CHANGE,9,0,6677.702499999999,1630.0119180261051,-1554.5524999999989,0.7672024921745167,11.0,-0.0078986721361701,5363.68,212.448795477863,5123.150000000001,5525.7,20176.326666666664,305.4067453959173,5268.688671373715,-1208.08,0.08626422404539,109.0,1742.6066666666654,-0.058623458570906,0.0346842715204509,-0.0257674760265731,0.0873717393543482,-0.0435104412156387,2639.4,0.13197,0.9096595,0.094193,0,0.0918980299098887,True,2026-09-30,22486.38,2026-10-30,22486.38,24191.189999999995,1704.8099999999977,20000.0,18295.19,29,13070.04,3.2506694700245755,104,1550.1000000000022,16745.09,False,False,False,1.0,0,0.0088945851025423,0.7859499999999999,0.4065999999999999,0.51325,0.7859499999999999,LIQUIDITY_PRESSURE,0.7859499999999999,0.7522249999999999,True,LIQUIDITY_PROTECTION,1,0,LIQUIDITY_PROTECTION_LOW,0.2079107090207266,1,0.1181774954625895,0.0207707738124759,-0.0149979363898021,0.2380638543431957,0.39427302681518694,0.15620917247199123,0.15620917247199123,in_sample
940,2026-09-01,129603.27,0.0,129603.27,129136.67,83358.5,32874.14,50484.36,45778.17,141,140,1,4.7,4.666666666666667,1835.035035460993,480.29,11188.08653380184,190987.13,191453.73,64347.43,193950.7,115359.75340425532,466.59999999999127,0.0036002178031464,1.0036132262044546,0.3943705800848144,0.6056294199151856,0.4964954202158633,0.8900990955263344,466.6000000000058,SPENDING_PRESSURE,STABLE,True,STABLE->SPENDING_PRESSURE,1,1,75457.76375,12137.70881350223,7900.736250000002,1.1047040868607771,-2.0,-0.106424494828303,79375.19,8077.992514090333,70079.15999999999,84687.91,136862.04,12076.205911042587,102453.0793505853,30787.61,0.0828264539514495,139.66666666666666,11708.679999999998,0.1894905703778415,0.6577054976692995,-0.0044332329930798,0.0024430965583912,0.3619915802622514,64347.43,0.4964954202158633,0.9963997821968535,0.3895299863961766,0,0.3138248892597731,True,2026-09-30,191453.73,2026-10-30,191453.73,202070.7599999997,10617.030000000012,129603.27,118986.24,29,45778.17,7.013320978099387,169,43893.35999999999,75092.88,False,False,False,1.0,0,0.0006231513578364,0.947,0.87115,0.9389,0.947,LIQUIDITY_PRESSURE,0.947,0.7522249999999999,True,LIQUIDITY_PROTECTION,0,1,LIQUIDITY_PROTECTION_HIGH,0.2079107090207266,0,-0.0238191250206627,-0.0020009054957187,0.0299023844128466,0.10216716197293506,0.09910782545914122,-0.0030593365137938366,0.0030593365137938366,in_sample
942,2026-09-01,21557.23,0.0,21557.23,19965.1,3426.68,2257.7,1168.9800000000002,16538.420000000002,109,108,1,3.633333333333333,3.6,380.9388073394494,24.76,2275.298784420747,54190.48,55782.61,44229.94,65787.17,57315.50633027523,1592.1299999999974,0.0738559638691983,1.0797456561700165,0.6588593040494005,0.3411406959505995,2.051745052587925,2.6587602549249247,1592.1299999999974,SPENDING_PRESSURE,SPENDING_PRESSURE,False,NO_CHANGE,6,0,3817.1375,1384.6550234083577,-390.4575,0.8977093437163319,10.0,0.0081882767395638,3128.53,331.5285657375546,2771.51,3426.68,21385.823333333334,650.2016340592738,56231.14829234438,40737.93,0.0800542127009427,100.33333333333331,1718.8733333333305,0.2363946007771935,0.0387240092411589,0.043070408073899,0.0293802527676447,0.3668739883658236,44229.94,2.051745052587925,0.9261440361308018,0.0542268185662072,0,0.0905377133393344,True,2026-09-30,55782.61,2026-10-30,45709.50000000001,57086.94000000005,1304.329999999998,22209.51,20905.18,29,16538.420000000002,4.715814449022337,115,2137.869999999999,18767.31,False,False,False,0.8194220385170218,0,5.453426765259911e-05,0.75385,0.5585,0.7192,0.75385,LIQUIDITY_PRESSURE,0.75385,0.7522249999999999,True,LIQUIDITY_PROTECTION,0,1,LIQUIDITY_PROTECTION_LOW,0.2079107090207266,0,-0.0259483949379622,0.0185581598695255,0.0608034741114933,0.20636354769661389,0.27239939814306574,0.06603585044645185,0.06603585044645185,in_sample
948,2026-09-01,28859.68,0.0,28859.68,27696.0,2254.83,1679.7000000000005,575.13,25441.17,111,110,1,3.7,3.6666666666666665,509.51063063063054,20.0,3119.691809920647,45273.39,46437.07,17677.39,46537.07,22949.13513513513,1163.680000000004,0.040321999412329,1.0420161756210284,0.744934207900374,0.2550657920996261,0.6125289677501622,0.7951971447755183,1163.6800000000003,SPENDING_PRESSURE,SPENDING_PRESSURE,False,NO_CHANGE,8,0,2373.36375,431.9936238926781,-118.53375000000004,0.9500566442880912,8.0,-0.0022785845748958,2108.793333333333,131.433943992159,2000.0,2254.83,27941.88666666667,1484.6292384408046,22228.13864128484,16596.46,0.0122365670394222,106.33333333333331,391.9233333333359,0.0884748135454127,0.2349000493848367,0.0042715070816541,0.0257033988398041,0.0526998135454126,17677.39,0.6125289677501622,0.9596780005876708,0.0199284953956523,0,0.0250951375963438,True,2026-09-30,46437.07,2026-10-30,46437.07,47233.06999999999,796.0000000000036,28859.68,28063.68,29,25441.17,2.9596417932036934,107,659.0499999999956,27404.63,False,False,False,1.0,0,0.0355963806938836,0.91955,0.482,0.8250500000000001,0.91955,LIQUIDITY_PRESSURE,0.91955,0.7522249999999999,True,LIQUIDITY_PROTECTION,1,0,LIQUIDITY_PROTECTION_HIGH,0.2079107090207266,0,0.0460244751433358,0.0080354364816262,0.0312578545768693,0.13750528913889803,0.06463044557225239,-0.07287484356664564,0.07287484356664564,in_sample
953,2026-09-01,20000.0,0.0,20000.0,18356.03,8024.320000000001,4294.4400000000005,3729.88,10331.71,155,154,1,5.166666666666667,5.133333333333334,247.4582580645161,45.29,1731.036514503478,32280.69,33924.66,33924.66,52280.69,39038.69174193549,1643.9700000000012,0.0821985,1.0895602153624722,0.5351780587015473,0.4648219412984526,1.696233,1.9519345870967744,1643.9700000000048,RECOVERY,RECOVERY,False,NO_CHANGE,6,0,10086.9675,3380.9112229344746,-2062.6475,0.7955136169517747,-15.0,0.0785414362682671,8949.233333333334,1178.3355693660924,8024.320000000001,10275.91,20227.75333333333,394.48034492650953,38455.4411186167,32205.05,0.0472988545772443,174.0,946.8100000000026,-0.2191134410480433,-0.3860663859709187,-0.0330344442800601,0.0509273500659372,-0.4213300033758431,33924.66,1.696233,0.9178015,0.186494,0,0.1992619290673071,True,2026-09-30,33924.66,2026-10-30,33677.670000000006,35777.28999999999,1852.630000000001,20407.29,18554.66,29,10331.71,5.2587567788875225,155,3631.159999999996,14923.500000000004,False,False,False,0.9927194554050064,0,0.0001370654625552,0.76515,0.3833999999999999,0.5604,0.76515,LIQUIDITY_PRESSURE,0.76515,0.7522249999999999,True,LIQUIDITY_PROTECTION,0,1,LIQUIDITY_PROTECTION_LOW,0.2079107090207266,0,0.0600052050880938,-0.002504287029944,-0.0438988192405902,0.35166011071545417,0.32599637107423907,-0.0256637396412151,0.0256637396412151,in_sample
962,2026-09-01,22042.42,0.0,22042.42,19407.07,13081.13,6760.549999999999,6320.579999999999,6325.9400000000005,215,214,1,7.166666666666667,7.133333333333334,192.7883255813953,53.22,1525.510691743069,45104.05,47739.4,26086.33,48128.75,33433.32558139535,2635.3499999999985,0.1195581065962811,1.135793295948332,0.51681697223405,0.4831830277659498,1.1834603460055657,1.5167720051335267,2635.3499999999985,RECOVERY,RECOVERY,False,NO_CHANGE,7,0,10910.385,2974.8469245132123,2170.745000000001,1.1989613565424135,6.0,0.011085449502908,13944.943333333336,1940.6425074529664,12586.19,16167.51,22718.553333333333,1934.2022249323693,30934.975464133386,18371.59,0.1082271782707647,214.66666666666663,2447.6700000000005,0.0393240527911942,0.1177173778492985,0.0390907916681986,0.0584282342716451,0.2608374460100634,26086.33,1.1834603460055657,0.8804418934037189,0.2867461921150218,0,0.1452108574931264,True,2026-09-30,47739.4,2026-10-30,47739.4,53196.730000000025,5457.330000000002,22042.42,16585.089999999997,29,6325.9400000000005,11.031059415675774,155,3208.789999999997,13376.3,False,False,False,1.0,0,0.0001042924832842,0.7767,0.7392,0.45,0.7767,LIQUIDITY_PRESSURE,0.7767,0.7522249999999999,True,LIQUIDITY_PROTECTION,1,0,LIQUIDITY_PROTECTION_LOW,0.2079107090207266,0,0.1714379320334238,0.0187450189554399,-0.0301490849350054,0.11464869167503537,0.32015190304951346,0.20550321137447808,0.20550321137447808,in_sample
965,2026-09-01,20524.15,0.0,20524.15,20390.52,11598.52,5119.34,6479.180000000001,8792.0,92,91,1,3.066666666666667,3.033333333333333,444.7246739130434,82.105,2198.1599600807244,42433.48,42567.11,22167.96,42692.11,29063.902608695644,133.63000000000466,0.0065108664670646,1.0065535356626514,0.4413787276307667,0.5586212723692334,1.0800915019623225,1.4160831317592029,133.62999999999738,SPENDING_PRESSURE,SPENDING_PRESSURE,False,NO_CHANGE,4,0,9931.3,1185.026864517666,1667.2200000000012,1.167875303333904,15.0,-0.2196045617732506,11132.15,673.6330590907778,10359.84,11598.52,23491.686666666665,2580.0370941583974,24506.88894315829,11634.41,0.1433160489923891,85.66666666666667,3567.536666666668,0.1195655531359558,0.2828687625481634,-0.1706633392153684,0.0031491642919694,0.2138339143745892,22167.96,1.0800915019623225,0.9934891335329352,0.3156856678595703,0,0.3277290103386718,True,2026-09-30,42567.11,2026-10-30,42445.02,43686.97,1119.8599999999933,20524.15,19404.290000000008,29,8792.0,7.175984986351229,88,5150.380000000008,14253.91,False,False,False,0.9971318231376292,0,0.0001563529524887,0.9003,0.77705,0.6095999999999999,0.9003,LIQUIDITY_PRESSURE,0.9003,0.7522249999999999,True,LIQUIDITY_PROTECTION,1,0,LIQUIDITY_PROTECTION_MEDIUM,0.2079107090207266,0,0.0642631975637406,0.0116618073976896,-0.0486297625784252,0.13721969125915665,0.19893777187230663,0.061718080613149984,0.061718080613149984,in_sample
967,2026-09-01,75145.83,0.0,75145.83,72262.61,38223.39,17693.75,20529.64,34039.22,167,166,1,5.566666666666666,5.533333333333333,882.6852694610777,192.67,6182.313410691166,67416.96,70300.18,34319.79,109465.62,81702.75215568862,2883.220000000001,0.0383683299525735,1.0398991954483792,0.4629037351213484,0.5370962648786515,0.4567091746807507,1.0872559682378733,2883.2199999999866,SPENDING_PRESSURE,SPENDING_PRESSURE,False,NO_CHANGE,7,0,29052.4225,8146.035541328855,9170.9675,1.3156696313362508,-5.0,0.0045850344395412,30963.496666666662,6288.7066214789575,27198.300000000003,38223.39,67319.81999999999,6777.5819503787725,76676.57666899996,31600.11,0.034176134482615,160.0,2317.103333333335,0.4053595261468545,0.2709089231999733,0.1856645438701292,0.0427669832635584,0.4152070622605543,34319.79,0.4567091746807507,0.9616316700474264,0.2731973284478992,0,0.1699976263619008,True,2026-09-30,70300.18,2026-10-30,36602.88,77052.97999999997,6752.799999999996,70260.15,63507.35,29,34039.22,4.129364010103639,170,14866.46,48640.89,False,False,False,0.5206655231892721,0,0.0005761411485102,0.91025,0.8991500000000001,0.8612,0.91025,LIQUIDITY_PRESSURE,0.91025,0.7522249999999999,True,LIQUIDITY_PROTECTION,0,1,LIQUIDITY_PROTECTION_HIGH,0.2079107090207266,1,-0.0061698411832131,0.0194183644285646,-0.0015854098994538,0.1919909493176819,0.12306918827837303,-0.06892176103930887,0.06892176103930887,in_sample
977,2026-09-01,16060.32,0.0,16060.32,14702.43,2555.6100000000006,1047.48,1508.13,12146.82,84,83,1,2.8,2.7666666666666666,366.2232142857143,27.01,1852.012300702834,32417.19,33775.08,27660.55,43720.87,36133.90476190477,1357.8899999999994,0.0845493738605457,1.092358202011504,0.4098747461467124,0.5901252538532874,1.7222913366607888,2.2498869737280933,1357.890000000003,SPENDING_PRESSURE,LIQUIDITY_STRESS,True,LIQUIDITY_STRESS->SPENDING_PRESSURE,2,1,6588.44875,2789.020329426689,-4032.838749999999,0.3878925217411763,-31.0,0.1937383291693986,6528.793333333332,5046.410395601344,2555.6100000000006,12206.809999999998,19939.57,3360.41260783552,37606.04520427882,24959.7,0.0656535611599381,94.33333333333331,1263.9566666666651,-0.7906406342033667,-0.8514514737343929,-0.268530828351836,0.0418879612946094,-2.321094866825528,27660.55,1.7222913366607888,0.9154506261394544,0.0939041065184255,0,0.7229373930357936,True,2026-09-30,33775.08,2026-10-30,28761.8,38920.07999999997,5145.0,21724.85,16579.85,26,12146.82,4.569091334192818,74,1809.98,14769.87,False,False,False,0.8515686713399346,0,0.0002934163059,0.7778999999999999,0.1609999999999999,0.6136499999999999,0.7778999999999999,LIQUIDITY_PRESSURE,0.7778999999999999,0.7522249999999999,True,LIQUIDITY_PROTECTION,1,0,LIQUIDITY_PROTECTION_LOW,0.2079107090207266,1,0.1193423675340451,0.0181110778901794,0.0286681540717041,0.2310936901939947,0.34793998990387226,0.11684629970987756,0.11684629970987756,in_sample
990,2026-09-01,20250.73,0.0,20250.73,19283.1,12452.41,4486.1,7966.31,6830.6900000000005,154,153,1,5.133333333333334,5.1,256.71318181818174,68.37,1662.8450140760328,22964.39,23932.02,18427.03,38677.76,30633.302207792203,967.630000000001,0.0477824750021357,1.0501802096135997,0.3602595802740193,0.6397404197259808,0.9099439872044118,1.5127011326402655,967.630000000001,RECOVERY,RECOVERY,False,NO_CHANGE,3,0,12377.545,2688.3684765140147,74.86499999999978,1.006048453065612,-8.0,-0.0580084215133119,13656.819999999998,3807.7891994042952,10596.88,17921.17,22643.63333333333,4363.569935183042,29312.71361388488,12867.02,0.0940649571725278,163.66666666666666,2156.1233333333344,-0.3051564155688495,-0.2823370434265585,-0.2684029758487756,0.0421361072512704,-0.9963306102374688,18427.03,0.9099439872044118,0.9522175249978644,0.3933838434466313,0,0.2260745403149194,True,2026-09-30,23932.02,2026-10-30,18996.26,28920.430000000004,4988.41,24987.52,19999.11,29,6830.6900000000005,7.161727438955654,164,9244.64,10754.47,False,False,False,0.7937591561431087,0,0.0002776700660241,0.8755999999999999,0.51915,0.5327,0.8755999999999999,LIQUIDITY_PRESSURE,0.8755999999999999,0.7522249999999999,True,LIQUIDITY_PROTECTION,0,1,LIQUIDITY_PROTECTION_MEDIUM,0.2079107090207266,0,0.0987183247555483,0.0258659607859409,-0.0134184125516974,0.236937668684713,0.21263807959787237,-0.02429958908684063,0.02429958908684063,in_sample
993,2026-09-01,20100.26,0.0,20100.26,18680.1,9981.37,5456.01,4525.359999999999,8698.73,137,136,1,4.566666666666666,4.533333333333333,283.0683211678832,61.46,1785.9011839839427,40212.74,41632.9,33513.03,53613.29,45299.35817518248,1420.1599999999962,0.0706538124382468,1.076025288943849,0.5466193518525013,0.4533806481474987,1.6672933583943692,2.2536702597470124,1420.1600000000035,SPENDING_PRESSURE,SPENDING_PRESSURE,False,NO_CHANGE,4,0,11110.67375,3050.7532003937145,-1129.303750000001,0.8983586616428189,4.0,-0.026844965148977,10723.043333333331,1206.6234009140317,9981.37,12115.34,21865.123333333333,2476.450406253536,44031.342937049136,27331.05,0.1084479779176321,138.0,2443.3499999999985,-0.0090395356825868,-0.1141318497608837,-0.0335962782879778,0.0353161709448299,0.1595830535307575,33513.03,1.6672933583943692,0.9293461875617532,0.2251393763065751,0,0.1782093015827521,True,2026-09-30,41632.9,2026-10-30,33643.51999999999,41851.13000000002,218.2299999999996,26083.75,25865.52,29,8698.73,7.784659369816053,142,10423.52,15442.000000000002,False,False,False,0.808099363724362,0,0.0001246710581299,0.8022,0.57025,0.5686500000000001,0.8022,LIQUIDITY_PRESSURE,0.8022,0.7522249999999999,True,LIQUIDITY_PROTECTION,1,0,LIQUIDITY_PROTECTION_LOW,0.2079107090207266,1,0.0543850018219165,-0.0091588555013585,-0.024584812099515,0.11744591686459015,0.37830149812775443,0.26085558126316427,0.26085558126316427,in_sample
997,2026-09-01,20000.0,0.0,20000.0,18696.840000000004,9091.63,3527.28,5564.35,9605.21,166,165,1,5.533333333333333,5.5,233.1134939759036,33.885,1603.8752208776386,17838.17,19141.33,-450.05,19549.95,7379.209999999999,1303.1599999999962,0.0651579999999998,1.069699478628474,0.3879700339763056,0.6120299660236943,-0.0225025,0.3689604999999999,1303.1600000000035,LIQUIDITY_STRESS,LIQUIDITY_STRESS,False,NO_CHANGE,9,0,10266.69125,3680.15682876787,-1175.0612499999988,0.8855462562001172,4.0,0.1507614999999998,9480.126666666669,2455.642588047645,7241.89,12106.86,20196.97,341.1620475668411,7164.221954494636,-1354.52,0.0537910263897191,167.0,1111.6333333333314,-0.2490513642678613,-0.2938023760963841,0.0,0.073054579029127,-0.9208331781313694,0.0,0.0,0.9348420000000002,0.2782175,0,0.2342117807371513,True,2026-09-30,19141.33,2026-10-30,3069.970000000006,23537.04,4395.709999999997,20669.37,16273.660000000002,29,9605.21,4.144698554222136,178,3397.41,12876.250000000002,False,False,False,0.1603843620061932,0,0.9390250131607258,0.8483,0.4528,0.50135,0.8483,LIQUIDITY_PRESSURE,0.8483,0.7522249999999999,True,LIQUIDITY_PROTECTION,0,1,LIQUIDITY_PROTECTION_MEDIUM,0.2079107090207266,0,-0.0312779220737827,0.0125080987191095,0.0020649665779508,0.2541256170303623,0.32862880430252406,0.07450318727216176,0.07450318727216176,in_sample
9,2026-09-01,32012.82,0.0,32012.82,33448.68,6404.669999999999,2086.4,4318.27,27044.01,96,95,1,3.2,3.1666666666666665,681.890625,43.94,3648.347860135804,89898.88,88463.02,56721.09,89843.72,64760.15260416666,-1435.8600000000006,-0.0448526559047281,0.9570727454715702,0.32576229532513,0.6742377046748701,1.7718242254196912,2.02294432680928,-1435.8600000000006,LIQUIDITY_STRESS,LIQUIDITY_STRESS,False,NO_CHANGE,2,0,5808.0337500000005,2968.070576268781,596.6362499999987,1.1027260301302482,1.0,0.1433046801299454,8606.506666666666,3377.0990835380194,6404.669999999999,12494.669999999998,33230.246666666666,1194.5905110259996,69525.89693371474,56721.09,-0.0734411963316008,97.33333333333331,-2420.269999999997,-0.48740783069901,-0.5402515575959153,-0.0379985641868287,-0.0159719453679512,-1.2929490160438997,56721.09,1.7718242254196912,1.0448526559047282,0.1348918964339911,1,0.4184240685411263,True,2026-09-30,88463.02,2026-10-30,48478.029999999984,82477.79,-5985.230000000003,34186.74,40171.97,26,27044.01,4.535191341816542,106,10028.579999999998,30143.390000000003,False,False,False,0.5480033351789254,0,8.985751720844276e-05,0.84005,0.3996,0.8670500000000001,0.8670500000000001,OBLIGATION_PRESSURE,0.8670500000000001,0.7522249999999999,True,OBLIGATION_MANAGEMENT,0,1,OBLIGATION_MANAGEMENT_MEDIUM,0.0866043076454378,1,-0.0342814765566227,0.0160570632255413,0.035985755724148,0.5563477061766303,0.16998833490559825,-0.38635937127103204,0.38635937127103204,in_sample
20,2026-09-01,142720.92,0.0,142720.92,119950.3,36334.76,31239.220000000005,5095.54,83615.54,99,98,1,3.3,3.2666666666666666,2653.244646464647,316.39,15355.793937814651,322198.79,344969.41,344969.41,464919.71,373561.86989898985,22770.620000000024,0.1595464771387405,1.1898337894944826,0.8597612864375603,0.1402387135624399,2.4170907110183983,2.617428964856657,22770.619999999995,RECOVERY,LIQUIDITY_STRESS,True,LIQUIDITY_STRESS->RECOVERY,2,1,45407.325,26413.476285254204,-9072.56500000001,0.8001960036183587,0.0,0.2688732830813104,50942.32333333333,28778.626171101947,32397.05,84095.16000000002,142326.15666666668,9060.087487449193,371484.5432607232,321407.03,0.0594790276009589,104.33333333333331,7768.293333333339,-0.5679328037428077,-0.896499284102817,-0.0559687466286586,0.0706725807381212,-2.163698776261912,344969.41,2.4170907110183983,0.8404535228612594,0.0357028247856025,0,0.5358962196640465,True,2026-09-30,344969.41,2026-10-30,343861.11,369986.37,25016.96000000002,138526.64,113509.68,28,83615.54,5.7823707172135705,81,8540.76999999999,104968.91,False,False,False,0.996787251368172,0,8.402367830045624e-05,0.5472,0.0431,0.7812,0.7812,OBLIGATION_PRESSURE,0.7812,0.7522249999999999,True,OBLIGATION_MANAGEMENT,1,0,OBLIGATION_MANAGEMENT_LOW,0.0866043076454378,0,0.0434695440312235,0.0437155857417366,-0.020501851245324,0.30121858127875456,0.16171299256448673,-0.13950558871426783,0.13950558871426783,in_sample
31,2026-09-01,46816.83,0.0,46816.83,47636.100000000006,22162.83,13358.04,8804.79,25473.27,103,102,1,3.433333333333333,3.4,917.0187378640776,149.08,4836.21787925491,128423.48,127604.21,95947.97,142764.8,120997.82669902914,-819.2700000000041,-0.017499476149923,0.9828014887868654,0.6027226667352499,0.39727733326475,2.0494332914039672,2.584494223530921,-819.2699999999895,LIQUIDITY_STRESS,STABLE,True,STABLE->LIQUIDITY_STRESS,1,1,17523.5575,4552.138129092273,4639.272500000003,1.2647449012564944,12.0,-0.1835356126117028,17770.043333333335,3820.8791120674455,15217.72,22162.83,47680.40333333334,1010.8550751384796,116580.29858399207,82087.11,0.091883376127442,101.33333333333331,4437.089999999999,0.4563830849825072,0.3680743951894842,-0.040486741035004,-0.0063794408935187,0.501071017746585,95947.97,2.0494332914039672,1.0174994761499232,0.1880689059895768,1,0.2856849160143134,True,2026-09-30,127604.21,2026-10-30,94636.43,121038.61999999997,-6565.590000000004,51497.35,58062.94,27,25473.27,7.030960689381457,103,26269.150000000005,31793.79,False,False,False,0.7416403424307081,0,6.002249021963452e-05,0.7938000000000001,0.8486,0.85005,0.85005,OBLIGATION_PRESSURE,0.85005,0.7522249999999999,True,OBLIGATION_MANAGEMENT,1,0,OBLIGATION_MANAGEMENT_MEDIUM,0.0866043076454378,1,0.0363299465125636,0.0039620695123973,0.0014598806631629,0.4772546003345308,0.2687084479815265,-0.20854615235300433,0.20854615235300433,in_sample
44,2026-09-01,72865.19,0.0,72865.19,64012.61,20137.1,13194.73,6942.369999999999,43875.51,127,126,1,4.233333333333333,4.2,1077.7779527559055,137.67,7068.955367351676,226016.84,234869.42,193068.72,265933.91,247431.61031496068,8852.580000000002,0.1214925810253154,1.1382943141984057,0.655244796917133,0.3447552030828668,2.6496701648619867,3.395745078204842,8852.580000000016,RECOVERY,RECOVERY,False,NO_CHANGE,2,0,19387.3575,3766.669969883402,749.7425000000039,1.038671722022973,-3.0,-0.0452507973935963,17967.82,2034.6672616671265,16101.81,20137.1,72767.34000000001,743.8476704944476,234852.206164294,169216.11,0.150156965908493,129.33333333333334,10924.010000000002,0.2506109561595873,0.0421944665455689,0.0123060191796515,0.0391677894443618,0.3390785367093325,193068.72,2.6496701648619867,0.8785074189746847,0.0952769079446577,0,0.1215175005462637,True,2026-09-30,234869.42,2026-10-30,201456.42000000004,246340.33,11470.909999999996,71054.45,59583.54,29,43875.51,6.972542769303422,145,4966.74000000002,54616.79999999998,False,False,False,0.8577379720186648,0,0.0001200820956549,0.62885,0.6721,0.85925,0.85925,OBLIGATION_PRESSURE,0.85925,0.7522249999999999,True,OBLIGATION_MANAGEMENT,1,0,OBLIGATION_MANAGEMENT_MEDIUM,0.0866043076454378,0,0.0576048292401515,0.0120393942377361,-0.0480612234913295,0.18864631323767156,0.21637815569973678,0.027731842462065226,0.027731842462065226,in_sample
50,2026-09-01,68542.41,0.0,68542.41,63626.36,27892.17,12068.36,15823.81,35734.19,153,152,1,5.1,5.066666666666666,863.8481699346406,157.25,5958.665674066353,183829.18,188745.23,121015.15,189557.56,139306.39124183008,4916.050000000003,0.0717227480037542,1.0772643602431446,0.4326791353989309,0.567320864601069,1.765551430129171,2.032411630140085,4916.0500000000175,SPENDING_PRESSURE,SPENDING_PRESSURE,False,NO_CHANGE,9,0,30807.8975,5912.928892488176,-2915.727500000001,0.90535779015754,-14.0,-0.0118988635069399,28200.57666666667,1006.5332615136696,27384.33,29325.230000000003,69227.10666666667,1545.096301281275,134663.95507943255,110524.66,0.076358075523772,153.0,5292.340000000004,-0.0488678179165177,-0.0476350684430234,-0.0345628162843553,0.0267424899572528,-0.1197441183408846,121015.15,1.765551430129171,0.9282772519962458,0.2308615935739639,0,0.1373320501567975,True,2026-09-30,188745.23,2026-10-30,188745.23,198793.4,10048.169999999998,68542.41,58494.240000000005,27,35734.19,7.200041193042294,158,10940.550000000005,47553.69,False,False,False,1.0,0,7.725829969950749e-05,0.7998500000000001,0.46875,0.8741000000000001,0.8741000000000001,OBLIGATION_PRESSURE,0.8741000000000001,0.7522249999999999,True,OBLIGATION_MANAGEMENT,0,1,OBLIGATION_MANAGEMENT_HIGH,0.0866043076454378,0,-0.007384748095692,-0.0193732721202076,-0.044842810380974,0.41084818571965503,0.15616797245395297,-0.25468021326570206,0.25468021326570206,in_sample
75,2026-09-01,81346.23,0.0,81346.23,69495.47,11591.25,7911.29,3679.96,57904.22,178,177,1,5.933333333333334,5.9,847.4252808988765,57.765,6678.894961679107,266723.65,278574.41,197594.28,278940.51,211818.58752808988,11850.759999999997,0.1456829652707937,1.1705256472112495,0.6825225924727704,0.3174774075272296,2.429052704716617,2.6039140047189635,11850.759999999951,STABLE,RECOVERY,True,RECOVERY->STABLE,4,1,15512.857499999998,6510.680215454231,-3921.6074999999983,0.7472027639008482,44.0,0.0125119630751804,14310.066666666666,2633.316536467536,11591.25,16848.62,83540.35333333333,2206.131474920147,199742.39496985087,170278.53,0.1357283675872553,164.33333333333334,11326.066666666666,-0.2000699777023712,-0.3394245751089603,-0.0259864723785818,0.0444308556815262,-0.0601006508376192,197594.28,2.429052704716617,0.8543170347292063,0.0452382366091212,0,0.093084388682844,True,2026-09-30,278574.41,2026-10-30,278574.41,291435.50999999966,12861.099999999991,81346.23,68485.13,29,57904.22,6.215792907667178,159,3389.790000000008,65095.34,False,False,False,1.0,0,0.0001032895087222,0.62425,0.1858,0.84745,0.84745,OBLIGATION_PRESSURE,0.84745,0.7522249999999999,True,OBLIGATION_MANAGEMENT,0,1,OBLIGATION_MANAGEMENT_MEDIUM,0.0866043076454378,0,-0.0077731937578899,-0.0140000915621551,-0.0115606232589987,0.23443936080919536,0.17883581681227398,-0.055603543996921384,0.055603543996921384,in_sample
90,2026-09-01,55387.93,0.0,55387.93,60797.5,20055.61,4660.39,15395.22,40741.89000000001,108,107,1,3.6,3.566666666666667,1075.7910185185185,60.84,5921.332457335214,139268.29,133858.72,79592.23,139224.01,102672.55787037036,-5409.57,-0.0976669465712114,0.9110231506229696,0.2323733858007809,0.7676266141992193,1.43699593034078,1.8536991339154645,-5409.570000000007,LIQUIDITY_STRESS,STABLE,True,STABLE->LIQUIDITY_STRESS,2,1,14742.29625,6505.105961376884,5313.3137499999975,1.360412900398742,-22.0,-0.2039497689106337,17008.59333333333,5158.468920448519,11052.639999999998,20055.61,63166.94,11324.236935489294,95183.7514416386,59988.36,0.070710089177177,116.0,5416.456666666672,0.8145538079590036,2.091465508412803,-0.0442785275576081,-0.0388427975959208,1.2596335944586348,79592.23,1.43699593034078,1.0976669465712114,0.2779526153080644,1,0.409361558303951,True,2026-09-30,133858.72,2026-10-30,86131.06999999996,142235.85999999996,8377.14,56806.19,48429.05,29,40741.89000000001,4.679824868213035,105,3494.250000000008,44934.8,False,False,False,0.6434475841394566,0,7.423771434805463e-05,0.88635,0.9111,0.9444,0.9444,OBLIGATION_PRESSURE,0.9444,0.7522249999999999,True,OBLIGATION_MANAGEMENT,1,0,OBLIGATION_MANAGEMENT_HIGH,0.0866043076454378,0,0.0117692578485026,0.0170029472374953,-0.0493252464421421,0.4219270836879964,0.22040156176053013,-0.20152552192746628,0.20152552192746628,in_sample
95,2026-09-01,41647.53,0.0,41647.53,38529.53,13472.499999999998,11010.750000000002,2461.7499999999995,25057.03,139,138,1,4.633333333333334,4.6,576.813381294964,96.31,3725.0608787616497,110859.01,113977.01,73354.5,115002.03,86092.27676258991,3118.0,0.0748663846331343,1.0809249425051384,0.8172759324550012,0.182724067544999,1.7613169376431208,2.0671640494067693,3118.0,SPENDING_PRESSURE,SPENDING_PRESSURE,False,NO_CHANGE,7,0,14713.53375,3979.0983271337,-1241.0337500000023,0.9156535900153828,-16.0,0.0217387097885669,14926.756666666668,2673.386369463521,13295.740000000002,18012.030000000002,43838.59666666667,4818.767328574122,82849.52594051477,61381.61,0.0851691082756757,146.33333333333334,3854.81,0.0132944837970656,-0.2916398103174422,0.0282150042377806,0.0281258149427818,0.2751355977636758,73354.5,1.7613169376431208,0.9251336153668656,0.0591091476493323,0,0.0640965781635581,True,2026-09-30,113977.01,2026-10-30,78355.57,120721.64,6744.629999999997,43015.13,36270.5,29,25057.03,6.265392985521427,130,2461.959999999999,33808.54,False,False,False,0.6874682008240084,0,0.0001402439369173,0.79835,0.4259,0.80735,0.80735,OBLIGATION_PRESSURE,0.80735,0.7522249999999999,True,OBLIGATION_MANAGEMENT,1,0,OBLIGATION_MANAGEMENT_LOW,0.0866043076454378,1,0.0774522835476804,0.0237347244553478,0.0342345581716468,0.4685171200280607,0.23358159167176537,-0.2349355283562953,0.2349355283562953,in_sample
101,2026-09-01,33610.89,11512.28,45123.17,45341.67,4773.65,1902.08,2871.57,40568.02,184,182,2,6.133333333333334,6.066666666666666,491.65673913043474,20.0,3231.548657271434,121047.97,120829.47,99706.26,144785.27,124655.715,-218.5,-0.004842301637939,0.995181033252635,0.3984540131765001,0.6015459868234998,2.209646618355936,2.762565551134816,-218.5,LIQUIDITY_STRESS,LIQUIDITY_STRESS,False,NO_CHANGE,5,0,16119.3,12195.285882382115,-11345.65,0.2961449938893128,179.0,0.0818829837317801,8540.840000000002,10923.032337281627,0.0,20848.870000000003,45887.80666666667,8964.097248470345,128490.26888807786,99706.26,-0.0679987733771101,108.66666666666669,-3221.053333333337,,,0.2087474270382519,-0.0018050695108724,,99706.26,2.209646618355936,1.004842301637939,0.0636384810730274,1,0.2105634838769723,True,2026-09-30,120829.47,2026-10-30,99211.74,122429.97000000004,1600.5000000000073,48440.69,46840.19,27,40568.02,4.17250237995347,108,3547.489999999998,43292.7,False,False,False,0.8210889280570378,0,0.0001116546261634,0.7682,0.25945,0.9293,0.9293,OBLIGATION_PRESSURE,0.9293,0.7522249999999999,True,OBLIGATION_MANAGEMENT,0,1,OBLIGATION_MANAGEMENT_HIGH,0.0866043076454378,1,-0.0370810883513297,-0.0042094873727009,-0.0550674459022523,0.4843574949392156,0.22579287697777076,-0.2585646179614448,0.2585646179614448,in_sample
133,2026-09-01,144326.89,0.0,144326.89,123038.77,27843.05,20339.58,7503.469999999999,95195.72,108,107,1,3.6,3.566666666666667,2475.6079629629626,221.725,14846.775229150517,539477.87,560765.99,560765.99,683804.76,589112.2132407408,21288.12000000001,0.1474993329378884,1.1730196099977268,0.7305083315225883,0.2694916684774118,3.8853881629403912,4.081791087168447,21288.119999999995,SPENDING_PRESSURE,SPENDING_PRESSURE,False,NO_CHANGE,4,0,31291.28,12345.809683988213,-3448.230000000003,0.8898022068768039,-8.0,0.0961499485772127,22155.27333333333,12949.302879137298,7335.52,31287.25,133967.47666666663,22566.62600866671,570548.5779093456,533927.97,0.11759236395771,106.33333333333331,16616.483333333337,2.795647752306584,1.5978575855251995,0.3353568439415055,0.039460599190102,3.561190585249716,560765.99,3.8853881629403912,0.8525006670621115,0.05198941098225,0,0.3184647968806828,True,2026-09-30,560765.99,2026-10-30,559896.3399999999,595672.8600000001,34906.869999999995,165856.8,130949.93,27,95195.72,7.632935493318397,110,12142.399999999994,118807.53,False,False,False,0.9984491748509924,0,6.059505024138744e-05,0.479,0.5137499999999999,0.8691499999999999,0.8691499999999999,OBLIGATION_PRESSURE,0.8691499999999999,0.7522249999999999,True,OBLIGATION_MANAGEMENT,0,1,OBLIGATION_MANAGEMENT_MEDIUM,0.0866043076454378,1,-0.0190577103710322,0.0011162607092694,0.0427607190201294,0.226584050931719,0.22193100126629897,-0.004653049665420017,0.004653049665420017,in_sample
180,2026-09-01,116770.82,0.0,116770.82,95251.15,18190.76000000001,13345.7,4845.06,77060.39,61,60,1,2.033333333333333,2.0,3475.77,263.97,16228.082666154884,379718.73,401238.4,284467.58,401238.4,300812.3608196721,21519.670000000013,0.1842897908912518,1.225925566253006,0.7336526896072509,0.2663473103927488,2.436118715274929,2.576091876546488,21519.67000000004,SPENDING_PRESSURE,STABLE,True,STABLE->SPENDING_PRESSURE,3,1,29854.03125,21294.101378948948,-11663.271249999994,0.6093234058633206,-29.0,0.0385647084234561,18196.80666666667,2778.6349343758707,15421.2,20978.460000000003,112983.47000000002,4333.638171917465,287897.8734123019,250629.44,0.1564791679299167,83.0,17726.273333333327,0.1795943246958735,-0.1920308041737053,0.0786404367146784,0.0566726587334789,0.444497468205931,284467.58,2.436118715274929,0.8157102091087481,0.0414920439883868,0,0.1132616828488242,True,2026-09-30,401238.4,2026-10-30,401238.4,411754.3499999999,10515.949999999995,116770.82,106254.87,24,77060.39,6.722120404529487,73,11815.000000000016,94439.87,False,False,False,1.0,0,9.246121119123168e-05,0.55935,0.33865,0.7924499999999999,0.7924499999999999,OBLIGATION_PRESSURE,0.7924499999999999,0.7522249999999999,True,OBLIGATION_MANAGEMENT,0,1,OBLIGATION_MANAGEMENT_LOW,0.0866043076454378,0,-0.0127982110406976,0.0145098323038093,-0.0548516519565412,0.16627065362485347,0.2354874522202597,0.06921679859540625,0.06921679859540625,in_sample
184,2026-09-01,58141.01,0.0,58141.01,53286.49999999999,9102.22,7491.47,1610.75,44184.280000000006,75,74,1,2.5,2.466666666666667,1485.7001333333333,123.85,7291.527953048513,143487.03,148341.54,122791.43,180932.44,153879.11026666663,4854.510000000017,0.0834954535533527,1.0911020614977531,0.8230376765228702,0.1769623234771297,2.111959011375963,2.646653545692905,4854.510000000009,SPENDING_PRESSURE,SPENDING_PRESSURE,False,NO_CHANGE,9,0,10309.0225,1931.3773994798191,-1206.8024999999998,0.8829372522952589,1.0,-0.0108835838089787,10677.553333333335,1629.5740539887515,9102.22,12356.43,59633.030000000006,1294.977380960763,150108.70375325088,113170.91,0.0800371303496056,78.33333333333333,4771.196666666675,-0.1391893898341309,-0.3643750098653576,-0.0384338618878288,0.033832395861842,0.0050610125879277,122791.43,2.111959011375963,0.9165045464466473,0.0277041970891114,0,0.0840412670402045,True,2026-09-30,148341.54,2026-10-30,127989.02,154156.16999999998,5814.629999999997,56830.28,51015.65,25,44184.280000000006,4.6435478862618105,80,2193.139999999992,48822.51000000001,False,False,False,0.8627995907282612,0,9.441610587197416e-05,0.7311,0.29005,0.8876999999999999,0.8876999999999999,OBLIGATION_PRESSURE,0.8876999999999999,0.7522249999999999,True,OBLIGATION_MANAGEMENT,0,1,OBLIGATION_MANAGEMENT_HIGH,0.0866043076454378,1,-0.0190284533747247,-0.0051327680916089,0.0415022069105254,0.4858766964728641,0.23207076858395334,-0.25380592788891077,0.25380592788891077,in_sample
191,2026-09-01,41009.3,0.0,41009.3,36346.17,7004.09,5198.570000000001,1805.52,29342.08,124,123,1,4.133333333333334,4.1,623.834435483871,49.510000000000005,3951.99320450444,103982.96,108646.09,67852.09,108861.39,77907.52483870968,4663.130000000005,0.1137090855001183,1.1282976995925569,0.7422191890738127,0.2577808109261874,1.654553723179864,1.899752613156276,4663.12999999999,RECOVERY,RECOVERY,False,NO_CHANGE,8,0,6422.39,1204.3301187560064,581.6999999999998,1.0905737583672122,-16.0,-0.0107345174307397,6863.763333333333,503.2050637000136,6305.29,7281.909999999999,41509.66,438.8704816913647,72389.76197213464,57287.48,0.1277001962564669,126.0,5303.816666666673,-0.0381520782322218,-0.2946719118066435,-0.0196055931009272,0.0448451361646176,-0.1930410682707449,67852.09,1.654553723179864,0.8862909144998816,0.044027086538907,0,0.0512889540987387,True,2026-09-30,108646.09,2026-10-30,108646.09,114886.95000000008,6240.860000000001,41009.3,34768.44,29,29342.08,5.100367458612341,131,2026.7200000000007,32741.72,False,False,False,1.0,0,0.000101870777683,0.76325,0.4528999999999999,0.79295,0.79295,OBLIGATION_PRESSURE,0.79295,0.7522249999999999,True,OBLIGATION_MANAGEMENT,1,0,OBLIGATION_MANAGEMENT_LOW,0.0866043076454378,0,0.1239443756593559,0.0174677244626367,-0.0474561836845059,0.3496813001035635,0.14152257652546718,-0.20815872357809634,0.20815872357809634,in_sample
194,2026-09-01,76779.37,0.0,76779.37,66024.45000000001,18599.31,14996.63,3602.68,47425.14,125,124,1,4.166666666666667,4.133333333333334,1142.4305599999998,124.27,7551.534024100804,258499.34,269254.26,217678.86,294458.23,260536.99544,10754.919999999984,0.1400756479246962,1.1628929888851778,0.8063003412492183,0.1936996587507816,2.835121726057403,3.3933203077858027,10754.920000000013,STABLE,STABLE,False,NO_CHANGE,5,0,21587.43625,1863.7338225488384,-2988.126249999997,0.8615803092412144,4.0,0.025284238765986,20128.623333333333,2718.3199363087024,18519.43,23267.13,77869.92333333334,4031.3126279207568,250673.31746667816,186674.47,0.1320889265268864,126.66666666666669,10316.160000000003,0.0043133076989954,-0.3167075388855067,0.0306498006338051,0.0416052126090535,0.2083651181285586,217678.86,2.835121726057403,0.8599243520753037,0.0469225001455469,0,0.0774743470937946,True,2026-09-30,269254.26,2026-10-30,227919.37,281888.22,12633.959999999992,78857.84,66223.88,27,47425.14,7.34024401403981,114,2187.6400000000067,64036.24,False,False,False,0.8464838030789188,0,0.000111119257115,0.58175,0.33145,0.845,0.845,OBLIGATION_PRESSURE,0.845,0.7522249999999999,True,OBLIGATION_MANAGEMENT,1,0,OBLIGATION_MANAGEMENT_MEDIUM,0.0866043076454378,1,0.0795451853316467,0.0582677953383285,0.0550306513742768,0.19782504913001295,0.22451555764247938,0.026690508512466432,0.026690508512466432,in_sample
204,2026-09-01,55862.73,0.0,55862.73,50178.880000000005,5296.55,2952.06,2344.49,44882.33,125,124,1,4.166666666666667,4.133333333333334,848.3328800000002,36.15,5637.096303865541,154499.66,160183.51,105160.06,161022.79,118911.998,5683.849999999999,0.1017467280958162,1.113271758955162,0.5573552595557485,0.4426447404442514,1.8824726253085016,2.1286463801536373,5683.850000000006,RECOVERY,SPENDING_PRESSURE,True,SPENDING_PRESSURE->RECOVERY,1,1,5952.1075,1011.899115761335,-655.5574999999999,0.8898612802272137,-22.0,0.0224804940925707,6129.063333333334,1266.9475433629177,5296.55,7587.12,56208.23666666666,675.4599673062359,116945.15921008812,95465.8,0.0925476012343743,134.33333333333334,5196.843333333328,-0.3019024346524108,-0.3539641337654035,-0.0197209657856167,0.036788754098229,-0.6804964980881754,105160.06,1.8824726253085016,0.8982532719041837,0.0419687688016679,0,0.0878693411612496,True,2026-09-30,160183.51,2026-10-30,105434.74000000003,173069.15000000002,12885.64,69593.59,56707.95,29,44882.33,5.119544818640208,135,4337.640000000007,52370.30999999999,False,False,False,0.6582121967485919,0,7.050826891160225e-05,0.75205,0.26975,0.8767,0.8767,OBLIGATION_PRESSURE,0.8767,0.7522249999999999,True,OBLIGATION_MANAGEMENT,0,1,OBLIGATION_MANAGEMENT_HIGH,0.0866043076454378,0,0.0855377720221142,-0.018861728837259,-0.0408523987916614,0.4240184329532564,0.19435532495253852,-0.2296631080007179,0.2296631080007179,in_sample
213,2026-09-01,72289.44,0.0,72289.44,62438.41000000001,14341.57,8827.85,5513.719999999999,48096.84,103,102,1,3.433333333333333,3.4,1308.0373786407763,115.52,7610.223815826217,153857.34,163708.37,134651.29,206940.73,173886.0636893204,9851.029999999992,0.1362720474802404,1.157771954795133,0.6155427892483181,0.384457210751682,1.8626688766713368,2.405414451810948,9851.03,RECOVERY,RECOVERY,False,NO_CHANGE,4,0,18322.685,10567.345762103989,-3981.1150000000016,0.782722073757203,-7.0,-0.0799658505869808,25185.963333333333,12851.487848188372,14341.57,39380.85,87188.44333333334,13991.765556213164,162352.37243053105,101988.3,0.1593884405098587,113.66666666666669,13905.64,-0.3431984747752167,-0.3881428626913538,-0.1898205072598989,0.064027039593951,0.1023322844643629,134651.29,1.8626688766713368,0.8637279525197595,0.0762728276771821,0,0.174534112734554,True,2026-09-30,163708.37,2026-10-30,144215.66999999998,172801.84,9093.470000000008,69029.16,59935.69,29,48096.84,4.838935988310251,114,5166.259999999995,54769.43,False,False,False,0.880930339725452,0,6.32065508887882e-05,0.66945,0.1823,0.79455,0.79455,OBLIGATION_PRESSURE,0.79455,0.7522249999999999,True,OBLIGATION_MANAGEMENT,0,1,OBLIGATION_MANAGEMENT_LOW,0.0866043076454378,1,-0.008886679363047,-0.0055951293618739,0.0127187803328024,0.3824192774040201,0.08612001070637836,-0.2962992666976417,0.2962992666976417,in_sample
220,2026-09-01,35541.11,0.0,35541.11,33659.619999999995,4462.51,3020.87,1441.64,29197.11,171,170,1,5.7,5.666666666666667,404.68263157894734,20.0,3211.371186181193,88892.41,90773.9,56060.63,91601.74,67497.18456140353,1881.4900000000048,0.0529384141350679,1.0558975413269671,0.676944141301644,0.3230558586983558,1.5773460648809223,1.8991298966578007,1881.4899999999907,RECOVERY,RECOVERY,False,NO_CHANGE,4,0,13372.41875,1418.2123799894573,-8909.90875,0.3337100103898556,-5.0,-0.0997650558106059,11123.830000000002,5769.359462514016,4462.51,14529.46,45839.72,8929.762669281869,58098.73923807761,33069.16,0.1135296233188336,181.0,5518.779999999996,-0.6896621027683818,-0.7667932207557334,-0.3089447445275344,0.0211659240648329,-0.6793423799431703,56060.63,1.5773460648809223,0.947061585864932,0.0405626048257918,0,0.4035673282034738,True,2026-09-30,90773.9,2026-10-30,49993.24999999998,98626.42999999998,7852.529999999999,50287.67,42435.14,29,29197.11,4.831353856597451,198,4561.169999999998,37873.97,False,False,False,0.5507447625363676,0,0.000153506917039,0.8359,0.04095,0.85255,0.85255,OBLIGATION_PRESSURE,0.85255,0.7522249999999999,True,OBLIGATION_MANAGEMENT,0,1,OBLIGATION_MANAGEMENT_MEDIUM,0.0866043076454378,1,0.0190732001424538,0.0131954361510853,0.0131137941344224,0.5604549913992055,0.15499716520473691,-0.4054578261944686,0.4054578261944686,in_sample
225,2026-09-01,140842.94,0.0,140842.94,125574.33,70221.47,42573.34,27648.13,55352.85999999999,150,149,1,5.0,4.966666666666667,1776.1151333333337,399.12,11842.398098297746,461578.57,476847.18,345625.72,486468.66,391771.8572666667,15268.610000000015,0.108408770791067,1.1215902167266194,0.6062724121269463,0.3937275878730537,2.453979730897409,2.78162226141166,15268.609999999986,RECOVERY,RECOVERY,False,NO_CHANGE,4,0,61409.76875,7689.469335841134,8811.701249999998,1.1434902203568384,-13.0,-0.0536036168965218,60417.39333333333,8546.024736298948,54543.45,70221.47,133938.18666666668,6015.710297357526,374514.9208896917,318682.83,0.1363253660882014,149.33333333333334,18167.93333333333,0.2874409301208487,0.9390630150436584,0.0739636208136576,0.0330791137032207,0.3218524062660893,345625.72,2.453979730897409,0.8915912292089329,0.1963046923047758,0,0.2061585866994301,True,2026-09-30,476847.18,2026-10-30,368378.2699999997,505860.8399999997,29013.66000000001,142892.32,113878.66,29,55352.85999999999,11.19616041519806,127,20990.299999999974,92888.36000000002,False,False,False,0.7725289892665397,0,9.555986919222926e-05,0.6709499999999999,0.8482500000000001,0.89235,0.89235,OBLIGATION_PRESSURE,0.89235,0.7522249999999999,True,OBLIGATION_MANAGEMENT,1,0,OBLIGATION_MANAGEMENT_HIGH,0.0866043076454378,1,0.0664393272004926,0.0503254522960284,0.0400597867978012,0.18750100746359333,0.3053701124736627,0.11786910501006936,0.11786910501006936,in_sample
262,2026-09-01,57452.55,0.0,57452.55,51882.14,12059.97,5952.16,6107.81,39822.170000000006,105,104,1,3.5,3.466666666666667,1041.282761904762,97.59,6167.721242763767,138654.11,144224.52,87474.63,144927.18,103247.4858095238,5570.410000000004,0.0969567060121788,1.1073666198040406,0.4935468330352396,0.5064531669647603,1.5225543513734376,1.7970914399713116,5570.410000000004,RECOVERY,RECOVERY,False,NO_CHANGE,5,0,13452.39375,5329.510185587784,-1392.423749999998,0.8964924922748415,-13.0,0.0236429743178952,11970.616666666669,8116.22889975593,3810.08,20041.800000000003,55517.493333333325,10188.834120400294,99273.24950380602,76206.16,0.0632560046642019,119.66666666666669,3724.706666666663,-0.3982591384007424,-0.4873241399108077,-0.1106421915528225,0.0401748639113546,-4.658463648542263,87474.63,1.5225543513734376,0.9030432939878212,0.1063105118919873,0,0.2547490080932429,True,2026-09-30,144224.52,2026-10-30,76184.50999999994,137659.03999999995,-6565.480000000003,61820.37,68385.85,29,39822.170000000006,5.174125116737736,133,20614.9,47770.95,False,False,False,0.5282354900539793,0,8.606561183565625e-05,0.7999999999999999,0.2983,0.8621,0.8621,OBLIGATION_PRESSURE,0.8621,0.7522249999999999,True,OBLIGATION_MANAGEMENT,0,1,OBLIGATION_MANAGEMENT_MEDIUM,0.0866043076454378,1,0.0732275949449856,0.0114344798534375,-0.0588990188421222,0.5068666918720393,0.13599332015805293,-0.3708733717139863,0.3708733717139863,in_sample
267,2026-09-01,154564.14,0.0,154564.14,122688.68,48464.86,34469.79,13995.07,74223.82,93,92,1,3.1,3.066666666666667,2981.213118279569,451.26,17334.667644315363,615008.45,646883.91,546400.82,700964.96,670005.7041935483,31875.460000000006,0.2062280422871696,1.2598076692976077,0.7112326332934832,0.2887673667065168,3.535107302379452,4.334806923478811,31875.46000000008,SPENDING_PRESSURE,SPENDING_PRESSURE,False,NO_CHANGE,4,0,40889.99125000001,14590.948071585288,7574.868749999994,1.1852499479319405,-5.0,0.2012898532756289,50776.03666666668,20893.03890106544,31134.68,72728.57000000002,149200.6066666667,4788.297293635083,653101.1682227972,506152.0,0.1621118402748251,97.33333333333331,24200.75,-0.3336200615521523,-0.6906363530861606,0.0466034139511017,0.0518293041339514,-1.6695544601070764,546400.82,3.535107302379452,0.7937719577128304,0.0905453878241097,0,0.5041778815213457,True,2026-09-30,646883.91,2026-10-30,576882.83,686377.6799999996,39493.77000000005,152194.59,112700.81999999996,29,74223.82,10.765795939901771,104,10018.649999999963,102682.16999999998,False,False,False,0.8917872605611723,0,6.677078534368219e-05,0.4222,0.4593,0.78085,0.78085,OBLIGATION_PRESSURE,0.78085,0.7522249999999999,True,OBLIGATION_MANAGEMENT,0,1,OBLIGATION_MANAGEMENT_LOW,0.0866043076454378,0,-0.0274389241018103,-0.0111799634310934,0.0046474843305719,0.25921858332585934,0.1795017956891426,-0.07971678763671675,0.07971678763671675,in_sample
280,2026-09-01,41914.83,0.0,41914.83,36979.46,6012.27,4505.53,1506.74,30967.19,95,94,1,3.1666666666666665,3.1333333333333333,830.4662105263159,57.33,4681.000884486133,118582.93,123518.3,82028.03,123942.86,90746.44810526316,4935.370000000003,0.11774758480471,1.1334624680836336,0.7493891658225594,0.2506108341774404,1.957016884000245,2.165020068201712,4935.37000000001,STABLE,STABLE,False,NO_CHANGE,4,0,5838.0625,2198.369629402337,174.20750000000044,1.0298399511824343,3.0,-0.0167280142486449,5773.079999999999,212.3424477112244,5606.789999999999,6012.27,41969.26666666667,370.8636057007154,86618.32888283911,71829.41,0.124548542659618,94.66666666666669,5228.996666666671,0.0547509026030759,0.1574993086070737,-0.0106105748372332,0.0416195653118034,0.0380943130036794,82028.03,1.957016884000245,0.88225241519529,0.0359476586210656,0,0.0547304680802267,True,2026-09-30,123518.3,2026-10-30,87185.19999999997,128026.53999999996,4508.240000000005,41016.08,36507.84,28,30967.19,5.313184050603236,99,882.6800000000003,35625.16,False,False,False,0.705848445129183,0,0.0001283141274238,0.7276,0.4904,0.8077000000000001,0.8077000000000001,OBLIGATION_PRESSURE,0.8077000000000001,0.7522249999999999,True,OBLIGATION_MANAGEMENT,1,0,OBLIGATION_MANAGEMENT_MEDIUM,0.0866043076454378,0,0.0475784491922462,0.0318718950645202,0.0221913532135307,0.3986583729513637,0.15577860324192933,-0.24287976970943437,0.24287976970943437,in_sample
295,2026-09-01,181352.69,0.0,181352.69,169054.97,111996.4,101124.56,10871.84,57058.57,136,135,1,4.533333333333333,4.5,2576.526911764706,387.875,16497.219905703958,874239.23,886536.95,725967.22,907319.91,830697.8440441176,12297.72,0.0678110702410865,1.0727439128231486,0.9029268797925648,0.0970731202074352,4.003068385696402,4.580565328499498,12297.719999999972,SPENDING_PRESSURE,SPENDING_PRESSURE,False,NO_CHANGE,4,0,57350.005,10130.61743629817,54646.395,1.952857719890347,-24.0,-0.3290257224311846,72289.88333333333,34601.37904077283,48589.56999999999,111996.4,186034.13666666663,4080.4665387347713,781845.6779286492,630360.25,0.3017264848785405,149.66666666666666,56685.68333333332,0.9898556739715668,0.1510146695124843,-0.0349117812826963,0.0140667675139674,0.8315066702656271,725967.22,4.003068385696402,0.9321889297589134,0.0599486007072737,0,0.6747156319701995,True,2026-09-30,886536.95,2026-10-30,769699.3500000007,986559.7400000008,100022.78999999998,247667.0,147644.21000000002,29,57058.57,19.877889508972974,129,18353.470000000016,129290.74,False,False,False,0.8682089900483005,0,0.0001064041006561,0.5528500000000001,0.78395,0.9331,0.9331,OBLIGATION_PRESSURE,0.9331,0.7522249999999999,True,OBLIGATION_MANAGEMENT,1,0,OBLIGATION_MANAGEMENT_HIGH,0.0866043076454378,0,0.0782329153483874,0.0260852634086561,-0.0294415145172892,0.1972222723671338,0.3398658393100545,0.14264356694292069,0.14264356694292069,in_sample
313,2026-09-01,103096.28,0.0,103096.28,100162.37,33256.170000000006,15714.8,17541.37,66906.20000000001,129,128,1,4.3,4.266666666666667,1575.6484496124033,173.04,9991.20968520004,240341.94,243275.85,190822.98,293919.26,253544.80511627905,2933.909999999989,0.0284579618197668,1.0292915393275937,0.4725378779336284,0.5274621220663713,1.8509201301928648,2.459301199968409,2933.9100000000035,RECOVERY,RECOVERY,False,NO_CHANGE,4,0,33019.25,9399.063325833517,236.9200000000056,1.00717520840116,7.0,-0.0942130607954922,28358.300000000003,4289.451722388329,25270.97,33256.170000000006,104669.41666666669,1729.25596116743,243666.5579240056,164984.1,0.0893765085884575,123.66666666666669,9404.916666666662,0.2526921292041213,0.412053032376475,-0.0321506557392439,0.0122072327451463,0.2021681485258961,190822.98,1.8509201301928648,0.9715420381802332,0.1701455183445998,0,0.2148691517744022,True,2026-09-30,243275.85,2026-10-30,192258.24,255748.54000000027,12472.689999999971,105056.25,92583.56000000004,29,66906.20000000001,5.206275352657899,122,8629.73000000001,83953.83000000002,False,False,False,0.7902890484197259,0,7.474086054609546e-05,0.8119500000000001,0.72445,0.95235,0.95235,OBLIGATION_PRESSURE,0.95235,0.7522249999999999,True,OBLIGATION_MANAGEMENT,1,0,OBLIGATION_MANAGEMENT_HIGH,0.0866043076454378,0,0.0619156047728097,-0.0119370955969075,0.0416432531686444,0.33414061473230666,0.2625618283624811,-0.07157878636982556,0.07157878636982556,in_sample
332,2026-09-01,56891.14,0.0,56891.14,49626.83,12849.18,9132.13,3717.0499999999993,36777.65,204,203,1,6.8,6.766666666666667,522.1469117647059,54.375,4305.670136023555,117869.78,125134.09,70660.21,127551.35,88494.48970588234,7264.309999999998,0.1276878965687802,1.1463786826601658,0.710716948474533,0.2892830515254669,1.242024856594542,1.5555056500165465,7264.309999999998,RECOVERY,RECOVERY,False,NO_CHANGE,4,0,10889.4975,4160.187291511044,1959.6825000000008,1.1799607833143817,-27.0,0.0154983868240786,12419.356666666668,2143.306630800485,10093.71,14315.18,59066.30666666666,7596.817485923521,81736.73387998993,47688.63,0.1610324623082508,196.66666666666663,9869.299999999994,0.272988821751368,0.2556668085480129,0.0775994316056287,0.0616299614710402,0.5678834720456711,70660.21,1.242024856594542,0.8723121034312198,0.0653361841580252,0,0.0998901962116997,True,2026-09-30,125134.09,2026-10-30,74944.67999999996,139380.72,14246.630000000005,67085.5,52838.87,29,36777.65,5.226532690370374,195,3883.87999999999,48954.990000000005,False,False,False,0.5989149719313096,0,0.0001074825808847,0.75295,0.6600499999999999,0.7781499999999999,0.7781499999999999,OBLIGATION_PRESSURE,0.7781499999999999,0.7522249999999999,True,OBLIGATION_MANAGEMENT,1,0,OBLIGATION_MANAGEMENT_LOW,0.0866043076454378,0,0.091818887838769,0.0097398687934333,-0.029914344770772,0.2838318893127586,0.15768708186154345,-0.12614480745121515,0.12614480745121515,in_sample
338,2026-09-01,46058.99,0.0,46058.99,45420.94,12764.43,7928.260000000001,4836.169999999999,32656.51,156,155,1,5.2,5.166666666666667,586.4098076923076,77.99000000000001,3949.852530185427,121126.04,121764.09,85075.51,131134.5,112706.53096153845,638.0499999999956,0.0138528873516331,1.014047485587044,0.621121350502921,0.3788786494970789,1.847098905121454,2.447003960823684,638.0500000000029,SPENDING_PRESSURE,LIQUIDITY_STRESS,True,LIQUIDITY_STRESS->SPENDING_PRESSURE,6,1,12157.585,3690.170366775573,606.8450000000012,1.0499149296509136,15.0,0.0423296868421113,13863.646666666667,2117.3668938644864,12521.95,16304.56,46427.58666666667,1043.5561428276976,113256.85093915938,85075.51,-0.0016603606685985,152.33333333333334,-92.57000000000214,-0.2171251478114099,-0.300299344451566,-0.032484326364519,0.005267653429436,-0.5192034982280783,85075.51,1.847098905121454,0.9861471126483669,0.1049994800146507,0,0.1803619094215925,True,2026-09-30,121764.09,2026-10-30,82735.87000000004,124539.52000000008,2775.430000000008,53539.78,50764.34999999999,29,32656.51,5.368114045254683,147,6329.0,44435.34999999999,False,False,False,0.6794767652761996,0,7.925939975556519e-05,0.8166,0.4326,0.8890499999999999,0.8890499999999999,OBLIGATION_PRESSURE,0.8890499999999999,0.7522249999999999,True,OBLIGATION_MANAGEMENT,0,1,OBLIGATION_MANAGEMENT_HIGH,0.0866043076454378,1,-0.0046490101588308,0.0132893793672033,-0.0775511633640521,0.5408755793014713,0.1697073934543243,-0.37116818584714706,0.37116818584714706,in_sample
395,2026-09-01,134859.47,0.0,134859.47,117725.62,60221.48,45950.100000000006,14271.38,57504.13999999999,129,128,1,4.3,4.266666666666667,1958.023953488372,432.45,12396.881670199582,459618.34,476752.19,476752.19,594477.81,513929.8521705427,17133.850000000006,0.1270496613993812,1.1455405373953436,0.763018444581568,0.236981555418432,3.535177692749349,3.810854752510467,17133.849999999977,SPENDING_PRESSURE,STABLE,True,STABLE->SPENDING_PRESSURE,4,1,79258.54375,24291.418457277072,-19037.06375,0.759810578780663,9.0,-0.0650645116323111,68825.40666666666,20438.650905684404,54095.34999999999,92159.39,157301.53,36069.02077964273,495310.04417520505,433080.13,0.1889119150071458,121.33333333333331,30971.983333333334,0.1132468872093444,0.2517689284332824,-0.023731609835693,0.0372784297510842,0.5262708883447688,476752.19,3.535177692749349,0.8729503386006188,0.1058240848788742,0,0.2127883434385744,True,2026-09-30,476752.19,2026-10-30,474980.56000000006,513613.5000000002,36861.31000000001,158634.39,121773.08,28,57504.13999999999,11.049405834084297,118,14943.499999999984,106829.58000000002,False,False,False,0.9962839604365532,0,8.727207102332938e-05,0.5239,0.38905,0.8739999999999999,0.8739999999999999,OBLIGATION_PRESSURE,0.8739999999999999,0.7522249999999999,True,OBLIGATION_MANAGEMENT,1,0,OBLIGATION_MANAGEMENT_MEDIUM,0.0866043076454378,0,0.0740335914244391,0.0274103661973007,-0.0234037966478011,0.24231816497467348,0.18104343568604916,-0.06127472928862432,0.06127472928862432,in_sample
401,2026-09-01,50426.33,0.0,50426.33,44295.76,15747.940000000002,9460.05,6287.889999999999,28547.82,138,137,1,4.6,4.566666666666666,686.3919565217391,103.755,4474.035650276906,155512.51,161643.08,143393.75,193820.08,168370.5602898551,6130.57,0.1215747804767866,1.1384008311404974,0.6007166651638245,0.3992833348361753,2.843628517086213,3.338941388156844,6130.569999999978,RECOVERY,RECOVERY,False,NO_CHANGE,6,0,17373.87,1376.3998196952602,-1625.9299999999969,0.9064152085862276,0.0,0.0256682082779837,16143.26,373.9366079965713,15747.940000000002,16491.32,49946.136666666665,471.3302596198797,162331.09683515967,133330.61,0.1051324622543857,133.0,5255.056666666666,-0.0273357495620892,0.6063278366053981,0.0190390063899184,0.0394217159764187,-0.0090958512398203,143393.75,2.843628517086213,0.8784252195232134,0.1246945792009848,0,0.1250876986397386,True,2026-09-30,161643.08,2026-10-30,149374.56999999995,169214.57999999993,7571.5,50249.88,42678.38,28,28547.82,7.422386718145204,122,6126.510000000002,36551.87,False,False,False,0.924101235883404,0,0.0001308600811818,0.60285,0.4639,0.7927500000000001,0.7927500000000001,OBLIGATION_PRESSURE,0.7927500000000001,0.7522249999999999,True,OBLIGATION_MANAGEMENT,1,0,OBLIGATION_MANAGEMENT_LOW,0.0866043076454378,0,0.0948936535817668,0.0304971427102611,0.0236848376734572,0.3067950295810128,0.1223851472693611,-0.18440988231165167,0.18440988231165167,in_sample
403,2026-09-01,52280.69,0.0,52280.69,46863.43,14141.52,7505.71,6635.81,32721.91,146,145,1,4.866666666666666,4.833333333333333,679.0693150684931,90.835,4577.565730416362,126103.16,131520.42,79964.73,132245.42,93428.21691780824,5417.260000000002,0.1036187548404583,1.1155967456927502,0.530756948333701,0.469243051666299,1.5295270586520566,1.7870501884693608,5417.260000000009,STABLE,RECOVERY,True,RECOVERY->STABLE,3,1,23715.705,12680.560707458597,-9574.184999999998,0.59629346882161,-4.0,0.0129956327079888,20485.39,10106.5495538141,14141.52,32140.18,52513.3,205.34893011654503,91066.80293975248,70149.61,-0.0130392704336624,152.33333333333334,-694.0000000000049,-0.0680715702097009,-0.0220487456929711,-0.0073811289086936,0.0429589551919238,0.4597944840563298,79964.73,1.5295270586520566,0.8963812451595417,0.1269265956512816,0,0.0904244259617487,True,2026-09-30,131520.42,2026-10-30,77654.14999999994,141249.47999999992,9729.059999999998,64258.36,54529.3,29,32721.91,5.983109787906636,150,11128.48000000001,43400.81999999999,False,False,False,0.5904341698422186,0,0.0001019395033769,0.7889999999999999,0.3083,0.82185,0.82185,OBLIGATION_PRESSURE,0.82185,0.7522249999999999,True,OBLIGATION_MANAGEMENT,0,1,OBLIGATION_MANAGEMENT_MEDIUM,0.0866043076454378,0,-0.0728266538166857,-0.0047741978676199,-0.0789517641028629,0.43287823094966416,0.13438869400878753,-0.29848953694087665,0.29848953694087665,in_sample
407,2026-09-01,69855.12,0.0,69855.12,60536.59999999999,11685.37,6632.339999999998,5053.030000000001,48851.23,151,150,1,5.033333333333333,5.0,863.5213245033111,62.9,6099.101209535786,115987.31,125305.83,56163.51,126018.63,73666.68913907284,9318.520000000004,0.1333978096380051,1.1539320014668812,0.5675763796952941,0.4324236203047059,0.8039999072365778,1.0545639194245582,9318.520000000004,STABLE,RECOVERY,True,RECOVERY->STABLE,3,1,17031.83,7005.164212238611,-5346.460000000003,0.6860901030599764,11.0,0.0204318577896446,12664.926666666666,1931.5440659309893,11419.42,14889.989999999998,69473.88,2596.635759362501,66694.58134589678,42057.49,0.1142867059929814,138.33333333333334,7957.723333333331,-0.2152197550166252,-0.1458387566812827,-0.0278838422339806,0.0803408579783426,-0.5191379925453261,56163.51,0.8039999072365778,0.8666021903619949,0.0723358574146032,0,0.0857758684813866,True,2026-09-30,125305.83,2026-10-30,65380.02999999996,134541.92999999996,9236.100000000006,69534.11,60298.01,28,48851.23,3.9884346821973575,133,5015.410000000004,55282.59999999999,False,False,False,0.5217636721292214,0,0.000108583512318,0.73465,0.1887,0.7549,0.7549,OBLIGATION_PRESSURE,0.7549,0.7522249999999999,True,OBLIGATION_MANAGEMENT,1,0,OBLIGATION_MANAGEMENT_LOW,0.0866043076454378,0,0.0484205171378038,0.0273848402982974,-0.0802861365696114,0.36832642553101597,0.09996924584553808,-0.2683571796854779,0.2683571796854779,in_sample
408,2026-09-01,53000.71,0.0,53000.71,44808.85,13620.3,8608.57,5011.73,31188.55,122,121,1,4.066666666666666,4.033333333333333,801.7177049180326,105.115,5051.640875674762,171392.63,179584.49,135541.04,188541.75,167687.60418032788,8191.860000000001,0.1545613256879011,1.1828179031597552,0.6320396760717458,0.367960323928254,2.557343854450252,3.163874676024677,8191.859999999986,STABLE,RECOVERY,True,RECOVERY->STABLE,4,1,14389.9075,1980.4689656078224,-769.6074999999983,0.9465175505818924,-34.0,0.0255830761560572,13481.65,1948.8276302690304,11467.2,15357.45,51291.993333333325,3345.7906472511586,159816.8131709307,124844.31,0.1281096255694586,151.66666666666666,6621.79333333333,-0.1131144818964086,-0.2676485458854887,-0.0081903665136617,0.0477958708026127,-0.4523646911889999,135541.04,2.557343854450252,0.8454386743120988,0.0945596766533882,0,0.1121797564181714,True,2026-09-30,179584.49,2026-10-30,145207.34999999992,187503.4,7918.909999999996,49540.79,41621.880000000005,27,31188.55,7.346455029169359,110,4659.330000000009,36962.55,False,False,False,0.8085740032449346,0,9.156292183022882e-05,0.5948,0.4074,0.75995,0.75995,OBLIGATION_PRESSURE,0.75995,0.7522249999999999,True,OBLIGATION_MANAGEMENT,0,1,OBLIGATION_MANAGEMENT_LOW,0.0866043076454378,0,0.0044570576286556,-0.0007798482541945,0.0327633896865673,0.1959476790558869,0.14348688247285624,-0.052460796583030656,0.052460796583030656,in_sample
433,2026-09-01,105917.58,0.0,105917.58,105874.0,74060.84999999999,34719.29999999999,39341.55,31813.15,84,83,1,2.8,2.7666666666666666,2521.328333333333,507.11,11937.247819693632,226358.67,226402.25,224793.81,330711.39,271756.26166666666,43.58000000000175,0.0004114519988089,1.0004116213612408,0.4687942414919622,0.5312057585080378,2.122346545304377,2.565733296273071,43.5799999999872,RECOVERY,RECOVERY,False,NO_CHANGE,2,0,64618.87875,12949.507941626234,9441.971249999997,1.146117844082833,-14.0,-0.1012679835564224,73232.78333333334,11762.96010236085,61077.67000000002,84559.82999999999,107466.59666666668,5018.734351490859,263899.9914207522,201587.05,0.0243149594097542,89.66666666666667,2420.663333333325,0.2125683576338122,0.8300404137384385,0.0242986362939192,0.0001925263123343,0.4902671183810839,224793.81,2.122346545304377,0.9995885480011912,0.3714355067402409,0,0.4411692002873925,True,2026-09-30,226402.25,2026-10-30,224837.38000000003,237104.28,10702.030000000028,106341.82,95639.78999999998,29,31813.15,10.459324838942388,96,22372.749999999985,73267.04,False,False,False,0.9930880987269342,0,7.729567369338478e-05,0.7798499999999999,0.882,0.89055,0.89055,OBLIGATION_PRESSURE,0.89055,0.7522249999999999,True,OBLIGATION_MANAGEMENT,0,1,OBLIGATION_MANAGEMENT_HIGH,0.0866043076454378,1,-0.0674568007862407,-0.0144188016665877,0.0077809524680196,0.44324715479166005,0.27104385201179515,-0.1722033027798649,0.1722033027798649,in_sample
440,2026-09-01,61996.01,0.0,61996.01,54564.73,22164.610000000004,10400.490000000002,11764.12,32400.120000000003,77,76,1,2.566666666666667,2.533333333333333,1513.7758441558442,284.72,7644.601590548676,161129.93,168561.21,109731.59,171727.6,133037.5611688312,7431.279999999999,0.119867068864593,1.13619200534851,0.4692385744662324,0.5307614255337675,1.7699782615042483,2.145905215010308,7431.279999999999,STABLE,SPENDING_PRESSURE,True,SPENDING_PRESSURE->STABLE,5,1,23442.29375,10489.521150647626,-1277.6837499999965,0.9454966410870098,-11.0,-0.0349095836671471,20239.96666666667,2364.374425938816,17600.72,22164.610000000004,60844.21666666667,3025.7830394186053,123974.0410076722,96525.6,0.1345753886480674,88.66666666666667,8204.13,0.0577458759592777,-0.2579111079430582,-0.0178843677683121,0.0461197990962944,-0.1328059878281129,109731.59,1.7699782615042483,0.8801329311354069,0.1897560826898376,0,0.1938334481826851,True,2026-09-30,168561.21,2026-10-30,110579.09,180129.34999999998,11568.14,71409.38,59841.240000000005,26,32400.120000000003,7.406472259979283,82,16195.210000000006,43646.03,False,False,False,0.6560174194288235,0,5.720769314741767e-05,0.7413000000000001,0.589,0.80295,0.80295,OBLIGATION_PRESSURE,0.80295,0.7522249999999999,True,OBLIGATION_MANAGEMENT,1,0,OBLIGATION_MANAGEMENT_LOW,0.0866043076454378,0,0.0603260952330423,0.0169140352559561,-0.012441929134795,0.29020869356659545,0.12284688257854226,-0.1673618109880532,0.1673618109880532,in_sample
454,2026-09-01,87426.1,0.0,87426.1,80445.07,37708.45000000001,22981.89,14726.56,42736.62,130,129,1,4.333333333333333,4.3,1291.3166923076924,254.34,8350.68978471174,248038.76,255019.79,208035.74,295461.84,274718.3066923077,6981.029999999999,0.0798506395687329,1.0867800848454727,0.6094626005576997,0.3905373994422999,2.379561023538737,3.1422916805428547,6981.029999999999,SPENDING_PRESSURE,STABLE,True,STABLE->SPENDING_PRESSURE,2,1,38803.47875,10891.29015643816,-1095.0287499999831,0.9717801396865744,-32.0,-0.0432098353375548,41313.44,13767.978421587535,29706.6,56525.27,88963.93,7247.127966215317,268308.97081616014,208035.74,0.0593590228873028,140.0,4913.87000000001,0.2693627005446606,0.1268348820411109,0.0583102547732612,0.0281449157381692,0.7438172232740522,208035.74,2.379561023538737,0.9201493604312672,0.168445807373313,0,0.184520302326838,True,2026-09-30,255019.79,2026-10-30,253872.94000000003,271417.2699999999,16397.47999999998,92105.0,75707.52000000002,29,42736.62,8.122420303711433,125,12716.46000000002,62991.06,False,False,False,0.995502898029992,0,0.0001620649514864,0.7040500000000001,0.6675000000000001,0.89215,0.89215,OBLIGATION_PRESSURE,0.89215,0.7522249999999999,True,OBLIGATION_MANAGEMENT,1,0,OBLIGATION_MANAGEMENT_HIGH,0.0866043076454378,0,0.0401403459430865,0.0036518632345813,-0.0724724985094896,0.3416154908291236,0.2705795572149691,-0.0710359336141545,0.0710359336141545,in_sample
476,2026-09-01,88061.11,0.0,88061.11,80031.77999999998,8204.79,5317.39,2887.4,71826.99,129,128,1,4.3,4.266666666666667,1303.0456589147288,54.77,8773.930564666667,133271.92,141301.25,92290.96,180352.07,142258.15372093022,8029.330000000016,0.0911790687171671,1.100326770190542,0.648083619446689,0.3519163805533108,1.0480331215448,1.615448110078674,8029.329999999987,SPENDING_PRESSURE,SPENDING_PRESSURE,False,NO_CHANGE,8,0,7932.68125,2854.939522834253,272.10875000000124,1.03430224175464,-15.0,-0.016701558622388,9577.103333333334,1330.8816227348427,8204.79,10862.27,89771.0,2539.1284916876384,133846.68321471094,74997.05,0.0929710583058518,142.0,8366.906666666671,-0.2446523608785271,-0.1724252577393459,-0.0499247156283364,0.060247725102182,-0.368616455350421,92290.96,1.0480331215448,0.9088209312828328,0.0327885941932823,0,0.0681176162908387,True,2026-09-30,141301.25,2026-10-30,99655.56,149658.0700000001,8356.820000000007,90643.65,82286.82999999999,29,71826.99,3.22921648255064,102,2023.409999999989,80263.42,False,False,False,0.705270194000407,0,8.47012380602845e-05,0.79885,0.3153,0.8569,0.8569,OBLIGATION_PRESSURE,0.8569,0.7522249999999999,True,OBLIGATION_MANAGEMENT,0,1,OBLIGATION_MANAGEMENT_MEDIUM,0.0866043076454378,0,-0.05732261312558,-0.0013537350122138,0.0129279560917605,0.315118433522526,0.2180348669315758,-0.09708356659095019,0.09708356659095019,in_sample
480,2026-09-01,73869.82,0.0,73869.82,68136.82,32097.65,14868.7,17228.95,36039.17,120,119,1,4.0,3.966666666666667,1183.3886666666667,146.115,7315.835216882144,216400.07,222133.07,150139.12,224008.94,174232.73,5733.0,0.0776095027712264,1.0841395298459775,0.4632332896645081,0.5367667103354918,2.0324825483533058,2.3586456552892643,5733.0,SPENDING_PRESSURE,SPENDING_PRESSURE,False,NO_CHANGE,3,0,26651.08375,4598.868406528896,5446.566250000004,1.204365657362808,-14.0,-0.1317988981550043,28142.55,4814.390640610707,22781.77,32097.65,76831.61,5308.241732353565,161929.6457336047,128023.26,0.1628422439869774,121.33333333333331,12649.89,0.0862799565320833,2.808251788749611,-0.1095719739295731,0.0264925977149637,-0.2107320842356006,150139.12,2.0324825483533058,0.9223904972287736,0.2332339512943174,0,0.3830549277653629,True,2026-09-30,222133.07,2026-10-30,170332.69000000003,241095.17000000007,18962.1,71645.48,52683.38,29,36039.17,8.151645834240911,124,4722.270000000004,47961.10999999999,False,False,False,0.7668047355578349,0,8.693953197853744e-05,0.7580499999999999,0.7736,0.8745999999999999,0.8745999999999999,OBLIGATION_PRESSURE,0.8745999999999999,0.7522249999999999,True,OBLIGATION_MANAGEMENT,0,1,OBLIGATION_MANAGEMENT_HIGH,0.0866043076454378,0,0.0078586616906473,-0.0244583152419669,0.052584644435166,0.33215676952345813,0.2179116857062712,-0.11424508381718693,0.11424508381718693,in_sample
495,2026-09-01,60941.6,0.0,60941.6,51550.36,12129.07,7120.68,5008.389999999999,39421.29,170,169,1,5.666666666666667,5.633333333333334,661.717411764706,62.81,5078.729577760611,213307.72,222698.96,171836.7,232778.3,214262.85529411765,9391.239999999998,0.1541022880922062,1.1821760313604015,0.5870755136214071,0.4129244863785928,2.819694592856112,3.5158718395007296,9391.23999999999,RECOVERY,SPENDING_PRESSURE,True,SPENDING_PRESSURE->RECOVERY,2,1,21786.605,8717.902872847346,-9657.535,0.5567214350285417,0.0,0.0913865710074982,19419.65,6596.170267079218,12129.07,24974.14,69539.03666666667,11841.151821771113,207480.5731316945,145544.86,0.1471303903493031,158.0,10698.09666666667,-0.4266771098529288,-0.0674500618175861,-0.0570748705291336,0.0440267234584852,-0.2737829561403286,171836.7,2.819694592856112,0.8458977119077937,0.0821834346325006,0,0.268162208820547,True,2026-09-30,222698.96,2026-10-30,179210.05999999988,233564.1999999998,10865.239999999998,67764.47,56899.23,29,39421.29,7.368186835083276,166,6481.430000000015,50417.79999999999,False,False,False,0.8047188904698966,0,8.734445194024689e-05,0.5661,0.1166,0.8068500000000001,0.8068500000000001,OBLIGATION_PRESSURE,0.8068500000000001,0.7522249999999999,True,OBLIGATION_MANAGEMENT,1,0,OBLIGATION_MANAGEMENT_LOW,0.0866043076454378,0,0.0910566833506173,0.0131646481098152,0.0352446597761788,0.30357557305917815,0.1176465546524538,-0.18592901840672435,0.18592901840672435,in_sample
496,2026-09-01,88948.36,0.0,88948.36,81258.05000000002,24481.620000000003,13787.03,10694.59,56776.43,219,218,1,7.3,7.266666666666667,777.1982191780824,97.29,6493.534363367949,257828.78,265519.09,180415.12,269363.48,207688.57251141555,7690.309999999983,0.08645814267964,1.0946405925320628,0.5631584020992074,0.4368415979007924,2.028313057149114,2.334934252991461,7690.310000000027,RECOVERY,LIQUIDITY_STRESS,True,LIQUIDITY_STRESS->RECOVERY,3,1,27322.93375,8057.652161623291,-2841.313749999997,0.8960099315835732,1.0,0.0865907888694786,29235.353333333333,11732.59839137662,20625.620000000003,42598.82,92427.29333333332,6005.703859618247,203226.76418994635,165171.39,0.07212015612749,212.66666666666663,6415.509999999995,-0.4252981655360406,-0.5317877724283131,-0.1048056869185596,0.0298271977240089,-1.4906334136400972,180415.12,2.028313057149114,0.91354185732036,0.1202336951462623,0,0.2858035891323198,True,2026-09-30,265519.09,2026-10-30,188448.6000000002,276234.15000000026,10715.059999999998,90687.1,79972.04000000001,29,56776.43,6.2738391617789295,210,10017.27000000002,69954.76999999999,False,False,False,0.7097365390940448,0,8.288998770511064e-05,0.74745,0.2479,0.9081,0.9081,OBLIGATION_PRESSURE,0.9081,0.7522249999999999,True,OBLIGATION_MANAGEMENT,1,0,OBLIGATION_MANAGEMENT_HIGH,0.0866043076454378,0,0.0448336606531506,0.0298487899394575,0.0147700409488378,0.46301349582064727,0.16852754277188595,-0.29448595304876135,0.29448595304876135,in_sample
497,2026-09-01,75549.91,0.0,75549.91,67857.14000000001,12135.9,9503.81,2632.09,55721.240000000005,148,147,1,4.933333333333334,4.9,968.966554054054,73.97,6916.003393348487,280656.21,288348.98,213186.36,288736.27,227085.0830405405,7692.769999999989,0.101823681854816,1.1133671416154585,0.7831153849323084,0.2168846150676917,2.8217950226545603,3.005762456110676,7692.76999999996,STABLE,SPENDING_PRESSURE,True,SPENDING_PRESSURE->STABLE,5,1,16970.458749999998,6098.465255161539,-4834.558749999998,0.7151191478545034,11.0,-0.0167966477598288,15907.653333333335,3334.061093881357,12135.9,18461.64,81055.52666666667,4781.457603015381,216062.6937806774,188282.16,0.1158350527790741,133.33333333333334,9426.633333333337,-0.3426423654669899,-0.3533552149922121,-0.1023784089611612,0.0274099404392298,-0.4206678971035862,213186.36,2.8217950226545603,0.898176318145184,0.0348390884913033,0,0.1456927120535146,True,2026-09-30,288348.98,2026-10-30,288348.98,291989.52000000014,3640.540000000008,75549.91,71909.37,29,55721.240000000005,6.530703372717477,126,2207.670000000013,69701.69999999998,False,False,False,1.0,0,0.000123744314098,0.63035,0.11695,0.9008,0.9008,OBLIGATION_PRESSURE,0.9008,0.7522249999999999,True,OBLIGATION_MANAGEMENT,0,1,OBLIGATION_MANAGEMENT_HIGH,0.0866043076454378,1,-0.067149793291,0.0077345836437271,-0.037945898412306,0.3409101780929723,0.25903342671671503,-0.08187675137625727,0.08187675137625727,in_sample
500,2026-09-01,35838.64,0.0,35838.64,34083.56,4251.57,2616.5200000000004,1635.0500000000002,29831.99,108,107,1,3.6,3.566666666666667,647.4277777777778,31.995,3824.565545274595,100446.45,102201.53,66443.31,102281.95,72688.79416666667,1755.0800000000015,0.0489717243734695,1.0514934472807418,0.6154244196849635,0.3845755803150366,1.8539573488279688,2.028224122529948,1755.0800000000015,RECOVERY,RECOVERY,False,NO_CHANGE,4,0,10835.91875,6889.343246008781,-6584.348750000001,0.3923589774055845,6.0,-0.056875642822725,10786.74,8591.49526455669,4251.57,20518.26,44540.263333333336,10311.76400411847,66255.07976250189,41308.06,0.084859710029791,113.0,3921.533333333328,-0.439874630947817,-0.5834150766008728,-0.1436885010491647,0.0174727927169153,0.1901919536456134,66443.31,1.8539573488279688,0.9510282756265304,0.0456225459448238,0,0.1620414394544977,True,2026-09-30,102201.53,2026-10-30,101973.77000000003,101973.77000000003,-227.76000000000204,35838.64,36066.4,28,29831.99,4.6272531601143605,111,2774.0800000000163,33292.319999999985,False,False,False,0.997771461934083,0,0.0001160788965147,0.8053500000000001,0.0866,0.8625,0.8625,OBLIGATION_PRESSURE,0.8625,0.7522249999999999,True,OBLIGATION_MANAGEMENT,1,0,OBLIGATION_MANAGEMENT_MEDIUM,0.0866043076454378,0,0.0132253505112067,0.0255573193566914,-0.0478652098628167,0.6072750199382588,0.15647118660817008,-0.4508038333300888,0.4508038333300888,in_sample
511,2026-09-01,65361.61,0.0,65361.61,64550.34,29994.88,14821.96,15172.92,34555.45999999999,138,137,1,4.6,4.566666666666666,941.3909420289856,161.6,5823.499675179138,205382.09,206193.36,190935.32,256296.93,222315.53681159412,811.2700000000041,0.0124120259583569,1.01256802055574,0.4941496682100412,0.5058503317899589,2.9212150679886864,3.401316718048931,811.2699999999895,SPENDING_PRESSURE,SPENDING_PRESSURE,False,NO_CHANGE,4,0,22131.95,8585.956407501397,7862.929999999997,1.3552750661374169,-4.0,-0.1215938702557695,23260.58333333333,6510.285293029279,17000.21,29994.88,64286.98666666667,2635.4816095797887,214419.19632408573,173084.21,0.101719802434829,131.0,6470.943333333334,0.3163350837726986,1.3559666532613068,-0.0128936831433547,0.0039500523146882,-0.0240401233570957,190935.32,2.9212150679886864,0.987587974041643,0.2321381006373619,0,0.2525160231345131,True,2026-09-30,206193.36,2026-10-30,188577.6,223392.55,17199.190000000002,95458.04,78258.84999999999,28,34555.45999999999,8.729485875748725,115,12400.739999999976,65858.11000000002,False,False,False,0.9145667930334906,0,5.995878588238136e-05,0.6668,0.8652,0.90035,0.90035,OBLIGATION_PRESSURE,0.90035,0.7522249999999999,True,OBLIGATION_MANAGEMENT,0,1,OBLIGATION_MANAGEMENT_HIGH,0.0866043076454378,0,-0.0597367242696253,0.0080560735703079,0.0789440484401086,0.2782973610737145,0.28125536148690006,0.0029580004131855575,0.0029580004131855575,in_sample
513,2026-09-01,75754.31,0.0,75754.31,64984.41,28290.38,21078.47,7211.91,36694.03,189,188,1,6.3,6.266666666666667,744.6493121693122,130.15,5775.576852113125,170333.45,181103.35,107890.08,183644.39,129500.16603174602,10769.9,0.1421688086130017,1.1657305190583402,0.7450755345103176,0.2549244654896823,1.424210450864116,1.7094758837054422,10769.899999999994,SPENDING_PRESSURE,STABLE,True,STABLE->SPENDING_PRESSURE,2,1,33357.92625,8563.33673973434,-5067.546249999996,0.848085692976793,-17.0,-0.0113394710307276,31998.57,7333.461997085689,27259.74,40445.59,83338.12333333334,13311.522679507154,113804.40448359656,63660.0,0.1713959853717074,185.3333333333333,14645.523333333333,0.0378081375684435,0.2253316524173927,0.0026835977973187,0.0632283324267781,0.3638226672118484,107890.08,1.424210450864116,0.8578311913869983,0.0952013159383274,0,0.0847469075717625,True,2026-09-30,181103.35,2026-10-30,118505.30999999988,193891.93999999983,12788.589999999997,77035.12,64246.53,29,36694.03,7.0348901442550735,172,5025.470000000001,59221.06,False,False,False,0.6543518383287767,0,0.0001172231637041,0.72245,0.3829499999999999,0.7634,0.7634,OBLIGATION_PRESSURE,0.7634,0.7522249999999999,True,OBLIGATION_MANAGEMENT,1,0,OBLIGATION_MANAGEMENT_LOW,0.0866043076454378,0,0.0571392768415275,0.0176431623632726,0.004232189303058,0.30145361004627086,0.10206281471478677,-0.19939079533148407,0.19939079533148407,in_sample
551,2026-09-01,64869.65,0.0,64869.65,56592.63000000001,19541.92,8934.289999999999,10607.63,37050.71,144,143,1,4.8,4.766666666666667,843.4880555555557,121.06,6079.566523814251,258120.34,266397.36,213494.72,278364.37,249253.71631944447,8277.01999999999,0.1275946455700006,1.1462561467809498,0.4571858855219958,0.5428141144780043,3.291134143624946,3.8423780044973954,8277.01999999999,RECOVERY,RECOVERY,False,NO_CHANGE,4,0,40930.3925,17988.786521508144,-21388.472500000003,0.4774427706746276,-12.0,-0.1027754847129492,29020.286666666663,9924.75693659214,19541.92,39338.11,80315.58333333333,17456.181947371362,230142.7298558594,174973.3,0.1696171648251079,152.66666666666666,14244.586666666664,-0.503231853284258,-0.5209611638954333,-0.3464276542288435,0.0320665159514357,-0.8991492198061098,213494.72,3.291134143624946,0.8724053544299994,0.1635222326619613,0,0.3569062624147789,True,2026-09-30,266397.36,2026-10-30,218896.53999999983,280871.5699999996,14474.210000000006,75427.65,60953.43999999999,29,37050.71,9.225869355809916,171,14903.109999999986,46050.33,False,False,False,0.8216918516009313,0,7.999774087997376e-05,0.55375,0.1799,0.83815,0.83815,OBLIGATION_PRESSURE,0.83815,0.7522249999999999,True,OBLIGATION_MANAGEMENT,1,0,OBLIGATION_MANAGEMENT_MEDIUM,0.0866043076454378,0,0.1037529810120878,0.0231847496441474,0.0803364098402055,0.29981871222285167,0.13059702721051147,-0.1692216850123402,0.1692216850123402,in_sample
561,2026-09-01,66066.6,0.0,66066.6,59765.23000000001,25808.97,14594.75,11214.22,33956.259999999995,210,209,1,7.0,6.966666666666667,599.1991904761904,113.63,4904.288978161911,200204.93,206506.3,145680.83,211747.43,172438.28285714285,6301.369999999995,0.0953790568910765,1.1054353844200049,0.5654913776101874,0.4345086223898126,2.2050601968316816,2.6100674600651894,6301.369999999995,RECOVERY,RECOVERY,False,NO_CHANGE,4,0,22918.6425,2473.7077701397952,2890.327500000003,1.1261125086269836,6.0,-0.0176409570713548,24746.353333333333,1615.7502408582068,22886.97,25808.97,66205.27,2191.637713149667,163623.26438831346,130302.79,0.113108307329683,195.3333333333333,7502.656666666669,0.1276708974582483,0.2705733329858797,0.0309011635255358,0.0314745995515695,0.2316578027384176,145680.83,2.2050601968316816,0.9046209431089236,0.1697411400011503,0,0.1415523060976005,True,2026-09-30,206506.3,2026-10-30,151448.47000000006,213256.9200000001,6750.620000000003,65707.85,58957.23,29,33956.259999999995,8.016611664535496,197,9304.78,49652.45,False,False,False,0.7333842599475177,0,9.152157113655722e-05,0.71505,0.73585,0.8487,0.8487,OBLIGATION_PRESSURE,0.8487,0.7522249999999999,True,OBLIGATION_MANAGEMENT,1,0,OBLIGATION_MANAGEMENT_MEDIUM,0.0866043076454378,0,0.1203837463381235,0.0118273370790136,-0.0386930078923409,0.2704869189042468,0.26156948047839157,-0.00891743842585524,0.00891743842585524,in_sample
578,2026-09-01,80962.41,0.0,80962.41,73124.85,16293.69,9664.68,6629.009999999999,56831.16,143,142,1,4.766666666666667,4.733333333333333,1077.5332867132868,105.61,7389.453503579195,146945.52,154783.08,79492.7,160455.11,116139.92916083918,7837.559999999998,0.0968049246557754,1.1071805275498,0.5931547734122842,0.4068452265877158,0.9818470077657026,1.43449199648132,7837.559999999998,SPENDING_PRESSURE,STABLE,True,STABLE->SPENDING_PRESSURE,1,1,13676.8325,4577.04092572842,2616.8575,1.1913350551013913,18.0,-0.0599722304032212,12805.793333333331,3217.701757781996,9953.0,16293.69,80650.17,1320.943520405105,107209.3304906501,57057.54,0.1366349355732064,128.33333333333334,11013.21666666666,0.6370631970260223,1.3696785978558892,0.0222387118963529,0.0533365018545648,0.8192788314723848,79492.7,0.9818470077657026,0.9031950753442246,0.0818776269135269,0,0.1498922775178516,True,2026-09-30,154783.08,2026-10-30,87779.81999999998,164631.3099999999,9848.23000000001,81669.57,71821.34,29,56831.16,4.160616288669807,149,5526.130000000005,66295.20999999999,False,False,False,0.5671150877731596,0,6.2255655167686e-05,0.8204,0.73535,0.8631499999999999,0.8631499999999999,OBLIGATION_PRESSURE,0.8631499999999999,0.7522249999999999,True,OBLIGATION_MANAGEMENT,0,1,OBLIGATION_MANAGEMENT_MEDIUM,0.0866043076454378,0,-0.0358896303383123,0.0071787897810489,-0.0152320765994922,0.2867496494957463,0.24648044563621022,-0.04026920385953606,0.04026920385953606,in_sample
580,2026-09-01,153580.14,34355.36,187935.5,178247.58000000002,104413.61,42828.33,61585.28,73833.97,108,106,2,3.6,3.533333333333333,3390.584074074074,821.19,15628.193764592406,424021.77,433709.69,252265.95,436955.57,317846.0089814815,9687.919999999984,0.0515491751159306,1.054350920220067,0.4101795733333996,0.5898204266666003,1.342300682947075,1.691250503398674,9687.919999999984,SPENDING_PRESSURE,SPENDING_PRESSURE,False,NO_CHANGE,2,0,60473.12875,25236.22499443576,43940.48125,1.7266116729573049,-15.0,0.002302860012255,82181.91333333334,30338.23391024984,47619.91,104413.61,173180.12,17034.07876700117,312330.39359930425,252265.95,0.1049612348100399,102.33333333333331,17164.236666666675,0.1047630666172054,0.2153028998216863,0.0613864747864694,0.0228476948247255,-0.8799576100913395,252265.95,1.342300682947075,0.9484508248840694,0.3276937034248452,0,0.1917368766748782,True,2026-09-30,433709.69,2026-10-30,308463.0599999999,446814.1499999999,13104.459999999992,138351.09,125246.63,27,73833.97,7.747934724355199,104,27233.2,98013.43,False,False,False,0.7112201251486908,0,7.056701936068515e-05,0.85955,0.85505,0.9428,0.9428,OBLIGATION_PRESSURE,0.9428,0.7522249999999999,True,OBLIGATION_MANAGEMENT,0,1,OBLIGATION_MANAGEMENT_HIGH,0.0866043076454378,0,-0.0003173947235646,0.0105710119215886,-0.0424507552277976,0.31695636649337067,0.23942346217469399,-0.07753290431867668,0.07753290431867668,in_sample
601,2026-09-01,43596.04,0.0,43596.04,36658.86,5241.6,3816.16,1425.4400000000005,31417.26,123,122,1,4.1,4.066666666666666,652.4788617886178,39.14,4248.514390884898,149463.41,156400.59,113138.99,156735.03,122932.7049593496,6937.18,0.159124085582085,1.189236108269597,0.7280525030525029,0.271947496947497,2.59516667110132,2.819813564703345,6937.179999999993,SPENDING_PRESSURE,STABLE,True,STABLE->SPENDING_PRESSURE,3,1,6027.9125,1009.5587072542428,-786.3125,0.8695547587991697,-13.0,0.002943760594955,5904.8533333333335,574.7234470885389,5241.6,6255.93,44632.31333333333,1052.8438141212216,115752.42058028188,97320.52,0.1636544815256002,128.66666666666666,7310.2,-0.1568964602068834,0.2912062031233018,-0.0225085605534718,0.0464139015696216,-0.1506783599404163,113138.99,2.59516667110132,0.840875914417915,0.0326965476680909,0,0.0775908890119264,True,2026-09-30,156400.59,2026-10-30,119380.11000000004,163797.50000000003,7396.909999999996,44593.67,37196.76,29,31417.26,6.3975744542967785,130,1168.0,36028.76,False,False,False,0.7632970566159631,0,6.395699369808818e-05,0.5860000000000001,0.3021999999999999,0.7588,0.7588,OBLIGATION_PRESSURE,0.7588,0.7522249999999999,True,OBLIGATION_MANAGEMENT,1,0,OBLIGATION_MANAGEMENT_LOW,0.0866043076454378,0,0.081767618332468,0.0315686338188175,-0.0640374721629803,0.21854103770762498,0.16812576686249786,-0.05041527084512712,0.05041527084512712,in_sample
611,2026-09-01,80397.12,0.0,80397.12,73769.92000000001,24142.06,17639.059999999998,6503.000000000001,49627.86,120,119,1,4.0,3.966666666666667,1284.7253333333333,158.76,8218.16503376135,137918.19,144545.39,68420.26,148817.38,92742.96025,6627.199999999983,0.0824308134420733,1.0898360741071698,0.7306360766231217,0.2693639233768785,0.8510287433181686,1.153560727672832,6627.200000000012,RECOVERY,RECOVERY,False,NO_CHANGE,4,0,34103.92625,2706.306723446115,-9961.866250000005,0.7078967923817862,-3.0,-0.0111408442640697,32521.36,7449.326253232576,24142.06,38394.15,89333.91333333333,7750.20890769618,81025.13517767773,42084.83,0.0805610772269072,116.66666666666669,7184.693333333334,-0.3107756766254985,-0.2471889691130997,-0.1391695729657013,0.0480516746920764,-0.2230987779312963,68420.26,0.8510287433181686,0.9175691865579266,0.0808859819854243,0,0.2681699512900038,True,2026-09-30,144545.39,2026-10-30,30731.910000000003,120897.23,-23648.15999999997,94148.3,117796.45999999998,28,49627.86,4.809671220963386,111,43370.56,74425.89999999998,False,False,True,0.2126107930526183,1,0.0001726364492722,0.85155,0.1437,0.8772,0.8772,OBLIGATION_PRESSURE,0.8772,0.7522249999999999,True,OBLIGATION_MANAGEMENT,0,1,OBLIGATION_MANAGEMENT_HIGH,0.0866043076454378,1,0.0183930654158291,0.0006512980787503,0.02505730952082,0.47369693114289635,0.14506156226577546,-0.32863536887712086,0.32863536887712086,in_sample
677,2026-09-01,101657.26,0.0,101657.26,89683.83999999998,12010.579999999998,7173.77,4836.81,77673.26,115,114,1,3.8333333333333335,3.8,1663.8356521739129,97.65,10431.41113826401,282314.73,294288.15,193007.82,294665.08,211347.3502608696,11973.420000000013,0.1177822420159663,1.1335069952401684,0.5972875581362433,0.4027124418637569,1.8986132421826047,2.079018756366929,11973.420000000042,STABLE,SPENDING_PRESSURE,True,SPENDING_PRESSURE->STABLE,3,1,18118.895,4769.719297982101,-6108.315000000002,0.6628759645662717,-24.0,-0.0163764733362297,17893.943333333333,8456.858204808294,12010.579999999998,27585.29,107451.80666666666,12290.061935606069,194815.3107965065,161544.5,0.1087658680150985,130.0,11884.603333333342,-0.5646020034590901,-0.6244779790422997,-0.1637823949486686,0.0424116021151288,-1.5229555697051964,193007.82,1.8986132421826047,0.8822177579840337,0.0475795826092499,0,0.2563007750296787,True,2026-09-30,294288.15,2026-10-30,294288.15,297825.3799999999,3537.229999999996,101657.26,98120.03,28,77673.26,5.097576823735737,104,8443.529999999984,89676.50000000001,False,False,False,1.0,0,9.768804072364949e-05,0.73225,0.0776,0.8875,0.8875,OBLIGATION_PRESSURE,0.8875,0.7522249999999999,True,OBLIGATION_MANAGEMENT,1,0,OBLIGATION_MANAGEMENT_HIGH,0.0866043076454378,0,0.1114575897365608,0.0202561686367973,-0.0481557930841751,0.35353294798771023,0.11951169438377339,-0.23402125360393683,0.23402125360393683,in_sample
697,2026-09-01,78489.31,0.0,78489.31,65731.0,20588.16,12655.12,7933.04,45142.84,146,145,1,4.866666666666666,4.833333333333333,987.8103424657534,127.21,7127.588980937083,235399.82,248158.13,171359.45,249848.76,192344.33520547944,12758.309999999998,0.1625483776070906,1.1940988270374708,0.6146795051136188,0.3853204948863813,2.183220237252691,2.450580024279477,12758.309999999998,STABLE,STABLE,False,NO_CHANGE,7,0,25006.90625,5509.612831235284,-4418.74625,0.8232989636612885,2.0,0.0299582829282605,25067.18333333333,5657.014613436428,20588.16,31424.41,85021.47333333334,11065.95580856139,178487.54333425892,131195.66,0.1707427754802634,146.0,14811.450000000004,-0.1121575851977964,-0.0630337804559729,-0.0036500570916456,0.0541984696504864,0.1499135244905001,171359.45,2.183220237252691,0.8374516223929094,0.1010715981577618,0,0.1181731308475832,True,2026-09-30,248158.13,2026-10-30,184035.34,262532.79,14374.660000000003,79757.0,65382.34,29,45142.84,7.263945511624878,145,7817.230000000018,57565.10999999998,False,False,False,0.7416051208960995,0,0.0001040870992326,0.6213,0.29525,0.7896000000000001,0.7896000000000001,OBLIGATION_PRESSURE,0.7896000000000001,0.7522249999999999,True,OBLIGATION_MANAGEMENT,0,1,OBLIGATION_MANAGEMENT_LOW,0.0866043076454378,0,0.0163793396737378,0.0240207386856188,-0.0439896547436905,0.25004005678504637,0.11481411833307106,-0.1352259384519753,0.1352259384519753,in_sample
711,2026-09-01,65970.54,0.0,65970.54,61285.45999999999,21861.2,9058.1,12803.100000000002,39424.26,102,101,1,3.4,3.3666666666666667,1247.6078431372546,181.68,7118.403462543113,221389.98,226075.06,160633.51,226604.05,176544.58980392158,4685.080000000002,0.0710177603518176,1.0764468439985602,0.4143459645399154,0.5856540354600847,2.434927923888451,2.676112546659791,4685.079999999987,RECOVERY,RECOVERY,False,NO_CHANGE,5,0,25705.625,3187.5793358373294,-3844.4249999999993,0.8504442121131076,1.0,0.0205174218760078,25820.11333333333,3463.957201530258,21861.2,28293.79,69552.44,3102.1066997123216,171070.63572687688,147260.87,0.0621661190756502,102.66666666666669,4308.066666666661,-0.227349888438417,-0.2403470298827331,-0.075002818294856,0.0211621140216011,-0.2635493878039259,160633.51,2.434927923888451,0.9289822396481824,0.1940729907622403,0,0.1939663659787905,True,2026-09-30,226075.06,2026-10-30,200875.5300000001,200875.5300000001,-25199.53,65970.54,91170.07,27,39424.26,7.407763646039267,101,28844.869999999995,62325.2,False,False,False,0.8885346751649654,0,7.591503989918099e-05,0.7061,0.3308999999999999,0.89645,0.89645,OBLIGATION_PRESSURE,0.89645,0.7522249999999999,True,OBLIGATION_MANAGEMENT,0,1,OBLIGATION_MANAGEMENT_HIGH,0.0866043076454378,0,0.1273657683149174,0.0131796320601919,-0.0260170823136743,0.44239391380170795,0.20192875130134513,-0.24046516250036282,0.24046516250036282,in_sample
717,2026-09-01,76555.29,0.0,76555.29,76128.35000000002,40247.15999999999,22583.19,17663.969999999998,35881.189999999995,108,107,1,3.6,3.566666666666667,1413.7374074074075,271.62,7711.577724519863,156402.62,156829.56,156071.18,232626.47,184544.8854629629,426.9399999999732,0.0055768843668409,1.0056081604290643,0.5611126350281612,0.438887364971839,2.0386727030881864,2.410609187986394,426.9400000000023,SPENDING_PRESSURE,SPENDING_PRESSURE,False,NO_CHANGE,2,0,33703.49,10991.58146669142,6543.669999999991,1.1941540772187091,17.0,-0.1808817587782116,34664.68333333333,6305.446070472205,27825.53,40247.15999999999,79875.39666666667,7312.784534534928,173364.6955197982,139945.92,0.1134913464760508,96.0,9329.523333333318,0.1204241710224778,0.6358541990607527,-0.1326088766899787,0.0027297496678764,-0.1705255431428944,156071.18,2.0386727030881864,0.9944231156331592,0.2307348061773392,0,0.2217457791142201,True,2026-09-30,156829.56,2026-10-30,155827.8,168370.79000000007,11541.230000000003,70059.0,58517.77,26,35881.189999999995,6.323328741326584,91,9148.889999999992,49368.880000000005,False,False,False,0.9936124286773488,0,6.351464858866565e-05,0.7899999999999999,0.7966,0.90565,0.90565,OBLIGATION_PRESSURE,0.90565,0.7522249999999999,True,OBLIGATION_MANAGEMENT,1,0,OBLIGATION_MANAGEMENT_HIGH,0.0866043076454378,0,0.081170334077151,0.0165921431524151,-0.0077409166460073,0.37591389901260075,0.21959706862575024,-0.1563168303868505,0.1563168303868505,in_sample
728,2026-09-01,85647.7,0.0,85647.7,75006.0,14565.86,9723.089999999998,4842.77,60440.14,159,158,1,5.3,5.266666666666667,1010.4006289308176,81.53,7381.304973032533,157015.1,167656.8,167656.8,242662.8,183114.71603773587,10641.699999999995,0.1242496879659348,1.1418779830946857,0.6675259819880184,0.3324740180119814,1.9575166641953023,2.137999222836525,10641.699999999984,SPENDING_PRESSURE,SPENDING_PRESSURE,False,NO_CHANGE,3,0,10434.85375,1596.943877687607,4131.00625,1.3958853999271432,-17.0,-0.0846419926825612,11641.376666666663,2702.105362570698,9237.37,14565.86,85575.22666666667,4918.100505076454,166920.84611830986,98525.46,0.1562948070336463,173.0,13493.709999999995,0.3097734895557014,0.0395824299434568,-0.0531634531398397,0.0677750101741805,0.1058702140562894,167656.8,1.9575166641953023,0.8757503120340652,0.0565429077488362,0,0.1022096674748131,True,2026-09-30,167656.8,2026-10-30,167204.88999999996,181974.9599999999,14318.160000000018,88220.21,73902.04999999999,29,60440.14,4.233560842182033,179,5757.429999999993,68144.62,False,False,False,0.9973045531108788,0,0.0001319213773713,0.6575,0.6797499999999999,0.8114,0.8114,OBLIGATION_PRESSURE,0.8114,0.7522249999999999,True,OBLIGATION_MANAGEMENT,1,0,OBLIGATION_MANAGEMENT_MEDIUM,0.0866043076454378,0,0.0262335540650394,0.0007275862528368,-0.0668306892110523,0.2453716537414818,0.19980832513308633,-0.04556332860839546,0.04556332860839546,in_sample
739,2026-09-01,30279.73,0.0,30279.73,27443.81,6003.74,4454.35,1549.39,21440.07,185,184,1,6.166666666666667,6.133333333333334,312.0191351351351,26.72,2473.22291636477,95255.94,98091.86,68598.53,98878.26,76877.08902702703,2835.920000000002,0.0936573740915127,1.1033355062580597,0.7419291974669123,0.2580708025330877,2.265493450569077,2.538896120507912,2835.9199999999983,SPENDING_PRESSURE,SPENDING_PRESSURE,False,NO_CHANGE,5,0,8891.8675,2559.3379098271826,-2888.1275000000005,0.6751944965441736,-13.0,-0.0470236039958116,8905.866666666667,4338.746172298321,6003.74,13893.59,34371.32666666667,5886.940855761455,71189.14829879349,56439.56,0.1144319462248764,193.3333333333333,4025.3900000000017,-0.5678769849981178,-0.6397035569445995,-0.2635931865711082,0.0297715816987371,-1.6049796216972512,68598.53,2.265493450569077,0.9063426259084872,0.0511692145207371,0,0.352484790067863,True,2026-09-30,98091.86,2026-10-30,66705.50999999997,103638.79999999996,5546.940000000002,37819.27,32272.33,29,21440.07,6.339117829372759,183,3192.400000000005,29079.93,False,False,False,0.6800310443700421,0,0.000165302904133,0.70775,0.1376,0.76625,0.76625,OBLIGATION_PRESSURE,0.76625,0.7522249999999999,True,OBLIGATION_MANAGEMENT,0,1,OBLIGATION_MANAGEMENT_LOW,0.0866043076454378,0,-0.0121721374159105,0.0147996220782348,-0.0213619223772735,0.4332517573457442,0.21661932547854282,-0.2166324318672014,0.2166324318672014,in_sample
741,2026-09-01,71321.7,0.0,71321.7,60920.22,28151.51,16882.949999999997,11268.56,32768.71,139,138,1,4.633333333333334,4.6,951.3807194244604,190.33,6316.082953675107,217465.17,227866.65,192698.49,264020.19,238284.1308633093,10401.480000000003,0.1458389241983856,1.1707393702780458,0.5997173863853128,0.400282613614687,2.7018213250665646,3.3409766012771613,10401.47999999998,STABLE,STABLE,False,NO_CHANGE,5,0,30548.6575,4745.171361938815,-2397.147499999999,0.9215301850826014,17.0,-0.0482640223802657,27452.846666666668,2046.781738005628,25148.21,29058.82,72473.77333333333,1547.8740104198714,227475.3053082138,166336.03,0.1690198794223726,134.66666666666666,12252.216666666667,0.1194240067185696,0.0325945719087388,-0.0075793416673159,0.0478305560380081,0.2539996708370714,192698.49,2.7018213250665646,0.8541610758016144,0.1579962339652588,0,0.1098928914136424,True,2026-09-30,227866.65,2026-10-30,201709.77,240678.35999999967,12811.710000000006,75273.39,62461.67999999999,28,32768.71,9.250899409833345,147,15609.909999999987,46851.77,False,False,False,0.885209704886608,0,7.40578437480631e-05,0.5795,0.54805,0.7774999999999999,0.7774999999999999,OBLIGATION_PRESSURE,0.7774999999999999,0.7522249999999999,True,OBLIGATION_MANAGEMENT,1,0,OBLIGATION_MANAGEMENT_LOW,0.0866043076454378,0,0.0896333271011985,-0.0039999114964971,-0.0056065718543856,0.19240390206915003,0.17536405263098623,-0.017039849438163807,0.017039849438163807,in_sample
746,2026-09-01,88808.6,0.0,88808.6,79628.89000000001,19530.22,7442.120000000001,12088.1,60098.670000000006,166,165,1,5.533333333333333,5.5,1014.6836746987952,100.63,7506.088953387214,149285.23,158464.94,70260.62,159069.22,87733.34981927711,9179.709999999992,0.103365102028407,1.1152811498439823,0.3810566394029355,0.6189433605970645,0.791146578146711,0.9878924993669206,9179.709999999992,SPENDING_PRESSURE,STABLE,True,STABLE->SPENDING_PRESSURE,1,1,18321.38375,2902.245083059159,1208.8362500000003,1.0659795278836404,-20.0,-0.0097373638540185,18987.676666666663,2906.652186284644,15847.98,21584.83,86794.09333333334,1751.4876627979038,81773.10048889004,54953.81,0.0886722931678589,170.33333333333334,7707.746666666669,0.2323475925638474,0.276405903856429,0.037098125439819,0.0614910798610151,0.4981291623051889,70260.62,0.791146578146711,0.8966348979715929,0.136114070033758,0,0.1043610598556526,True,2026-09-30,158464.94,2026-10-30,158464.94,167884.24999999988,9419.310000000012,88808.6,79389.29,29,60098.670000000006,4.114459438120677,153,9031.490000000003,70357.79999999999,False,False,False,1.0,0,0.0001770619357052,0.81185,0.7219,0.8429,0.8429,OBLIGATION_PRESSURE,0.8429,0.7522249999999999,True,OBLIGATION_MANAGEMENT,1,0,OBLIGATION_MANAGEMENT_MEDIUM,0.0866043076454378,1,0.0615976528294861,0.0006500060483662,-0.0195266926858454,0.24586016993505921,0.25049398379585147,0.004633813860792257,0.004633813860792257,in_sample
764,2026-09-01,19020.88,0.0,19020.88,20021.47,3585.63,1261.0,2324.63,16435.84,181,180,1,6.033333333333333,6.0,215.70359116022092,20.0,1694.4442233575614,86534.25,85533.66,66752.78,86514.25,72018.2917127072,-1000.59,-0.0526048216486303,0.950024149075967,0.3516815733915657,0.6483184266084342,3.509447512417932,3.786275488447811,-1000.5899999999964,LIQUIDITY_STRESS,RECOVERY,True,RECOVERY->LIQUIDITY_STRESS,3,1,8900.16625,2781.8218581864526,-5314.53625,0.4028722497178072,-21.0,-0.1402828407849213,6008.02,2165.286035308035,3585.63,7755.389999999999,23712.596666666668,4088.838717684191,68944.22002674085,59131.93,0.0440067226316118,183.66666666666663,1268.7366666666665,-0.5376596147969348,-0.5108441543411337,-0.2826670277050441,-0.0115629360628883,-0.6981180289318192,66752.78,3.509447512417932,1.0526048216486303,0.1222146399115077,1,0.2836002519456964,True,2026-09-30,85533.66,2026-10-30,59811.96000000006,89642.34000000005,4108.679999999997,30068.82,25960.140000000003,29,16435.84,7.033560803707021,176,6838.940000000002,19121.2,False,False,False,0.6992797923063278,0,0.0001071702414619,0.6195999999999999,0.18325,0.76225,0.76225,OBLIGATION_PRESSURE,0.76225,0.7522249999999999,True,OBLIGATION_MANAGEMENT,0,1,OBLIGATION_MANAGEMENT_LOW,0.0866043076454378,0,0.054421519122799,-0.0310176332353092,-0.0073396657971691,0.44745945590071007,0.20432932853317495,-0.24313012736753511,0.24313012736753511,in_sample
778,2026-09-01,61729.1,0.0,61729.1,53923.17,17628.77,11211.590000000002,6417.179999999999,36294.4,175,174,1,5.833333333333333,5.8,660.8701142857142,84.92,5102.207906592198,147798.15,155604.08,94916.89,156645.99,109709.65679999998,7805.93,0.126454621888218,1.14476022088464,0.635982544442976,0.3640174555570241,1.5376360581962154,1.777276143666439,7805.929999999993,STABLE,RECOVERY,True,RECOVERY->STABLE,3,1,20647.69375,6532.377312241226,-3018.923749999998,0.8537888160027558,26.0,0.0179659976962943,24557.59333333333,10323.806339554869,17628.77,36422.87,63861.42333333333,2878.1588810267817,105243.4868047125,75822.25,0.0505990116889791,159.33333333333334,3009.429999999998,-0.1015420103011343,-0.1824290235288722,-0.0157978467453892,0.0528148018090888,0.359754147854442,94916.89,1.5376360581962154,0.8735453781117819,0.1039571288095889,0,0.087689529212064,True,2026-09-30,155604.08,2026-10-30,96917.74999999996,167526.99999999997,11922.919999999998,71298.67,59375.75,29,36294.4,6.251728916857696,140,10240.269999999997,49135.48,False,False,False,0.6228483854664992,0,7.483632275300997e-05,0.7501,0.33575,0.79915,0.79915,OBLIGATION_PRESSURE,0.79915,0.7522249999999999,True,OBLIGATION_MANAGEMENT,0,1,OBLIGATION_MANAGEMENT_LOW,0.0866043076454378,1,0.0007688152355337,0.0070841809435232,0.0476277215248984,0.43440409731382307,0.06885142263374194,-0.3655526746800811,0.3655526746800811,in_sample
788,2026-09-01,83857.24,0.0,83857.24,84207.63,38085.41,15795.54,22289.870000000003,46122.22,96,95,1,3.2,3.1666666666666665,1750.6757291666663,290.22,9273.433259526832,299041.55,298691.16,215953.82,299811.06,244312.774375,-350.3899999999994,-0.0041784108325053,0.9958389756367684,0.4147399227158117,0.5852600772841885,2.575255517591564,2.9134368645450293,-350.390000000014,LIQUIDITY_STRESS,RECOVERY,True,RECOVERY->LIQUIDITY_STRESS,3,1,73880.43375,18794.78460488816,-35795.02375,0.5155006280671708,-29.0,-0.0316966293772695,49550.37333333333,21773.68690231936,35904.78999999999,74660.92,97717.59666666668,23583.00464984132,239361.4937458805,175373.59,0.0188893814258282,109.0,2045.0033333333365,0.0607334007523787,-0.2278310169860845,-0.0058196910612825,-0.0011717100851036,0.5798286650486131,215953.82,2.575255517591564,1.0041784108325054,0.2658073411431142,1,0.2346913765201856,True,2026-09-30,298691.16,2026-10-30,262173.64999999985,262173.64999999985,-36517.50999999998,83857.24,120374.75,29,46122.22,8.294232151010943,118,47938.74999999999,72436.0,False,False,False,0.8777415776215134,0,7.599481941014735e-05,0.7190500000000001,0.46625,0.9427,0.9427,OBLIGATION_PRESSURE,0.9427,0.7522249999999999,True,OBLIGATION_MANAGEMENT,1,0,OBLIGATION_MANAGEMENT_HIGH,0.0866043076454378,0,0.0823730861755156,0.0282092707029886,-0.0666419143749464,0.36385200244172894,0.24703955886136877,-0.11681244358036016,0.11681244358036016,in_sample
796,2026-09-01,56690.35,0.0,56690.35,52100.16,5652.09,4363.2,1288.89,46448.07,110,109,1,3.6666666666666665,3.633333333333333,989.0046363636365,43.3,5947.294773706084,97268.11,101858.3,45913.79,102604.14,60234.16036363637,4590.190000000002,0.0809695124478857,1.0881031843280329,0.7719622299007977,0.2280377700992022,0.8099048603510122,1.0625117037315237,4590.190000000002,RECOVERY,RECOVERY,False,NO_CHANGE,4,0,10269.1975,11143.871050399666,-4617.1075,0.5503925696238678,-8.0,-0.0151666767366882,5355.983333333334,1196.160980400789,4039.58,6376.28,56402.363333333335,2198.641408377748,57087.55443542334,38202.14,0.0811424407035006,119.33333333333331,4598.310000000005,-0.113575627168192,-0.2210921353203524,-0.0299860615897726,0.0471911091929306,-0.6920268522955568,45913.79,0.8099048603510122,0.9190304875521144,0.0227356154971701,0,0.0251042916696022,True,2026-09-30,101858.3,2026-10-30,49005.32999999999,107585.66999999998,5727.370000000003,59015.05,53287.68,29,46448.07,3.4635098939525366,107,1838.770000000004,51448.91,False,False,False,0.4811127811871981,0,0.0003326425189084,0.858,0.1938,0.876,0.876,OBLIGATION_PRESSURE,0.876,0.7522249999999999,True,OBLIGATION_MANAGEMENT,1,0,OBLIGATION_MANAGEMENT_HIGH,0.0866043076454378,0,0.090102579451682,0.037701260339156,-0.0072898774500336,0.43918942147824946,0.17735145536873897,-0.2618379661095105,0.2618379661095105,in_sample
806,2026-09-01,42783.79,0.0,42783.79,41615.29000000001,6187.74,1954.03,4233.709999999999,35427.55,111,110,1,3.7,3.6666666666666665,760.3520720720722,45.3,4591.407388513722,122019.8,123188.3,80560.33,123344.12,88699.0903603604,1168.4999999999927,0.0273117458738459,1.0280786220641498,0.3157905794361108,0.6842094205638891,1.882963851496092,2.073193851231048,1168.5,RECOVERY,RECOVERY,False,NO_CHANGE,7,0,6747.93875,3087.454680604062,-560.1987500000005,0.9169822414289104,-2.0,-0.0560147465644512,9358.473333333332,3200.935801751316,6187.74,12588.78,48294.72666666666,4954.696646237136,83741.85462165526,68302.02,0.0703531810884558,107.33333333333331,3508.703333333326,-0.5084718296769029,-0.2829312742306735,-0.1832202326566128,0.0095763146636858,-0.8622642137223278,80560.33,1.882963851496092,0.972688254126154,0.09895593634879,0,0.2499688696920038,True,2026-09-30,123188.3,2026-10-30,123151.44,124632.73999999987,1444.4400000000169,42783.79,41339.349999999984,27,35427.55,4.68483115541436,104,3109.1799999999857,38230.17,False,False,False,0.9997007832724374,0,0.0001389116087025,0.8046499999999999,0.30625,0.8969,0.8969,OBLIGATION_PRESSURE,0.8969,0.7522249999999999,True,OBLIGATION_MANAGEMENT,1,0,OBLIGATION_MANAGEMENT_HIGH,0.0866043076454378,0,0.070018969019583,0.0250002477219299,0.0497596942367133,0.5785175481539497,0.1528275250486988,-0.42569002310525095,0.42569002310525095,in_sample
847,2026-09-01,71962.85,0.0,71962.85,63780.64,12586.84,8510.23,4076.61,51193.8,125,124,1,4.166666666666667,4.133333333333334,1085.9479199999996,97.7,7015.272739645507,187817.1,195999.31,161437.72,233400.57,202984.73456,8182.210000000006,0.1137004718406789,1.128286734030891,0.6761212504488815,0.3238787495511184,2.243348060839725,2.8206878210076445,8182.209999999992,SPENDING_PRESSURE,SPENDING_PRESSURE,False,NO_CHANGE,8,0,12559.32125,6720.58234169467,27.51875000000109,1.002191101688716,-10.0,0.0327889513915378,10592.11,1783.4452499866554,9151.5,12586.84,68707.85333333333,3157.5307690081536,194896.20171664903,149051.22,0.1002518706063809,133.33333333333334,6921.943333333341,0.3753854559361853,0.3242626039501037,0.0960294569858222,0.0435647765831759,0.463698952960988,161437.72,2.243348060839725,0.886299528159321,0.0566488125470294,0,0.1047477974931989,True,2026-09-30,195999.31,2026-10-30,169607.39,199596.94,3597.6299999999974,61492.89,57895.26,28,51193.8,5.029753602975361,120,2186.320000000007,55708.94,False,False,False,0.8653468729048077,0,0.0001045052618354,0.6821,0.6111500000000001,0.86975,0.86975,OBLIGATION_PRESSURE,0.86975,0.7522249999999999,True,OBLIGATION_MANAGEMENT,1,0,OBLIGATION_MANAGEMENT_MEDIUM,0.0866043076454378,1,0.0142648838422018,0.0256213813527736,-0.0358586449381797,0.19837851970733597,0.300913358788278,0.10253483908094205,0.10253483908094205,in_sample
854,2026-09-01,64028.67,0.0,64028.67,58192.9,17900.47,7737.91,10162.559999999998,40292.43,175,174,1,5.833333333333333,5.8,698.4089714285714,88.81,5236.999805490776,149891.51,155727.28,92250.69,156279.36,106363.8833142857,5835.770000000004,0.0911430769997253,1.1002831960600006,0.4322741246458891,0.5677258753541107,1.4407716105925674,1.6611915148992742,5835.7699999999895,RECOVERY,RECOVERY,False,NO_CHANGE,2,0,14790.70625,1981.231273670402,3109.763750000002,1.2102512008174051,12.0,-0.0145055773330021,16028.42,1622.6697640308746,15024.36,17900.47,61855.04333333333,2251.495815815185,100703.59949002872,84257.23,0.0892044788883521,171.66666666666666,5534.193333333336,0.180736298376761,0.5750046494327692,0.032663187719907,0.0389332924860119,0.1716796730030347,92250.69,1.4407716105925674,0.9088569230002748,0.1587188988932613,0,0.1396836564789694,True,2026-09-30,155727.28,2026-10-30,155727.28,166802.44999999984,11075.169999999993,64028.67,52953.50000000001,29,40292.43,5.454025731384283,152,4635.020000000011,48318.48,False,False,False,1.0,0,8.764376838654065e-05,0.8097000000000001,0.75095,0.8673,0.8673,OBLIGATION_PRESSURE,0.8673,0.7522249999999999,True,OBLIGATION_MANAGEMENT,0,1,OBLIGATION_MANAGEMENT_MEDIUM,0.0866043076454378,0,-0.0161895897085742,0.009218544119346,-0.0016876313357693,0.37450038896332527,0.21903548805207854,-0.15546490091124673,0.15546490091124673,in_sample
856,2026-09-01,44340.75,0.0,44340.75,40630.03,4098.4400000000005,2813.9300000000003,1284.51,36531.59,144,143,1,4.8,4.766666666666667,590.0748611111112,22.165,4397.679839027007,181071.96,184782.68,151735.13,196075.88,184973.19319444444,3710.720000000001,0.0836864509508747,1.0913294920038208,0.6865856277022476,0.3134143722977522,3.4220244357616867,4.171629780606878,3710.720000000001,SPENDING_PRESSURE,STABLE,True,STABLE->SPENDING_PRESSURE,3,1,17501.27625,2175.724057792108,-13402.836249999998,0.2341794930526852,19.0,-0.1793546170769678,11272.616666666669,6213.091600293147,4098.4400000000005,14889.69,59988.66,13692.830730900749,178470.88532542088,117310.29,0.1889187938089379,141.0,12184.453333333337,-0.7247464520752278,-0.710525782047555,-0.3645177295694616,0.0204930680597923,-0.7287903585009727,151735.13,3.4220244357616867,0.9163135490491252,0.0289690634461528,0,0.3918573928109066,True,2026-09-30,184782.68,2026-10-30,155188.53999999998,191431.4400000001,6648.759999999995,48920.24,42271.48,28,36531.59,6.3972830090341,138,1367.7499999999927,40903.73000000001,False,False,False,0.8398435394486106,0,0.0001239443674429,0.58365,0.02085,0.8766,0.8766,OBLIGATION_PRESSURE,0.8766,0.7522249999999999,True,OBLIGATION_MANAGEMENT,1,0,OBLIGATION_MANAGEMENT_HIGH,0.0866043076454378,1,0.0970081003686855,0.0107902857149965,0.0174973910659445,0.37144986328887303,0.2176933755195265,-0.15375648776934653,0.15375648776934653,in_sample
869,2026-09-01,43614.07,0.0,43614.07,37403.91,8392.28,3368.4299999999994,5023.85,29011.63,113,112,1,3.7666666666666666,3.733333333333333,716.9732743362832,68.61,4492.186161298671,124501.99,130712.15,90109.75,133723.82,110007.0117699115,6210.159999999996,0.1423889125688108,1.166029701172952,0.4013724518247721,0.5986275481752277,2.0660706510536624,2.522282643420151,6210.159999999989,STABLE,SPENDING_PRESSURE,True,SPENDING_PRESSURE->STABLE,5,1,14461.94125,5415.210201408721,-6069.661249999999,0.5803010712686999,12.0,-0.0592072788503043,9982.513333333334,2207.1313052089376,8392.28,12502.39,47182.363333333335,4327.699578544396,99363.37236723334,71448.7,0.1717855364576826,102.66666666666669,8188.219999999998,-0.3287459437755501,-0.1817407421885181,-0.1612077173997288,0.0498800059340416,-0.7097875361103566,90109.75,2.0660706510536624,0.8576110874311892,0.1151887452833455,0,0.1713950399787689,True,2026-09-30,130712.15,2026-10-30,95516.61999999997,140131.03999999998,9418.890000000009,47918.72,38499.83,27,29011.63,6.157215916513481,112,6334.28999999999,32165.540000000005,False,False,False,0.7307401798532116,0,7.834311210919884e-05,0.66775,0.2113499999999999,0.7541499999999999,0.7541499999999999,OBLIGATION_PRESSURE,0.7541499999999999,0.7522249999999999,True,OBLIGATION_MANAGEMENT,0,1,OBLIGATION_MANAGEMENT_LOW,0.0866043076454378,1,-0.0488937234171187,0.0204504262907875,-0.0167423303125211,0.4203168484208198,0.11614071068512108,-0.30417613773569874,0.30417613773569874,in_sample
873,2026-09-01,74201.34,0.0,74201.34,67980.38,34756.939999999995,23864.44,10892.500000000002,33223.44,234,233,1,7.8,7.766666666666667,607.614188034188,134.325,5004.2560720191295,147515.94,153736.9,126844.7,201046.04,169765.9101282051,6220.959999999992,0.0838389171947567,1.0915111095289551,0.6866093505354616,0.3133906494645387,1.7094664328164424,2.287908953237302,6220.959999999992,SPENDING_PRESSURE,STABLE,True,STABLE->SPENDING_PRESSURE,3,1,35826.45125,10262.66778543396,-1069.5112500000032,0.9701474409916612,31.0,-0.0263829896404215,38903.16333333334,10602.615165751962,31000.2,50952.350000000006,74055.68,1807.866310958922,163131.18758607068,118836.12,0.027787225110481,219.3333333333333,1929.0766666666605,0.1211843794556162,0.1684724308088394,0.0280128441096549,0.0421714426251156,0.5127688696704935,126844.7,1.7094664328164424,0.9161610828052432,0.146796540332021,0,0.1726578014537151,True,2026-09-30,153736.9,2026-10-30,131167.73999999996,161566.04000000027,7829.139999999999,83558.18,75729.04,29,33223.44,7.142399462548128,231,11584.219999999994,64144.82,False,False,False,0.8531962072866044,0,5.909552143639129e-05,0.7796500000000001,0.59805,0.8381500000000001,0.8381500000000001,OBLIGATION_PRESSURE,0.8381500000000001,0.7522249999999999,True,OBLIGATION_MANAGEMENT,1,0,OBLIGATION_MANAGEMENT_MEDIUM,0.0866043076454378,0,0.028619966042799,0.0041566627970167,-0.0191249110482548,0.4462940413069036,0.1987366907495121,-0.24755735055739148,0.24755735055739148,in_sample
879,2026-09-01,76635.01,0.0,76635.01,63709.17,19882.13,14601.840000000002,5280.289999999999,43827.04,114,113,1,3.8,3.7666666666666666,1231.089298245614,149.865,7638.848982789436,215956.5,228882.34,171421.17,248056.18,219806.79008771927,12925.839999999997,0.1686675580782203,1.2028882184464182,0.7344203060738465,0.2655796939261537,2.236851929685923,2.868229417438835,12925.839999999997,STABLE,STABLE,False,NO_CHANGE,3,0,21252.4575,6409.184047139474,-1370.327500000003,0.9355214567538837,0.0,0.0361489572969342,17459.103333333333,2345.888149109712,15198.83,19882.13,70623.64,5931.602681375396,209105.1823933144,157410.81,0.1299812645768839,125.33333333333331,9337.496666666671,0.1494985936339168,-0.2356710671067108,0.0876269412403358,0.059853905763429,0.0114932340108406,171421.17,2.236851929685923,0.8313324419217797,0.0689017982773147,0,0.1278611948524058,True,2026-09-30,228882.34,2026-10-30,184452.8500000001,242501.52000000005,13619.180000000008,72857.3,59238.12,29,43827.04,6.88478254520497,90,4876.319999999992,54361.8,False,False,False,0.805885023720048,0,0.0001073941130589,0.59385,0.5056499999999999,0.76665,0.76665,OBLIGATION_PRESSURE,0.76665,0.7522249999999999,True,OBLIGATION_MANAGEMENT,0,1,OBLIGATION_MANAGEMENT_LOW,0.0866043076454378,0,-0.0128747396479894,0.0100185086281758,0.0121000285113689,0.2045718369069798,0.18808832228554268,-0.01648351462143713,0.01648351462143713,in_sample
887,2026-09-01,28176.81,0.0,28176.81,26074.240000000005,5029.98,3671.66,1358.3200000000002,21044.26,90,89,1,3.0,2.966666666666667,602.7894444444446,51.92,3237.565820749627,75402.56,77505.13,75337.16,103513.97,82024.54711111111,2102.569999999996,0.0746205833804464,1.0806378249183868,0.7299551886886231,0.270044811311377,2.673729212071913,2.9110657704371468,2102.570000000007,SPENDING_PRESSURE,SPENDING_PRESSURE,False,NO_CHANGE,8,0,7001.72,1723.134187171736,-1971.7400000000007,0.7183920522385927,-16.0,-0.0023336935457581,6051.7300000000005,903.7968123975676,5029.98,6746.64,29368.213333333333,1062.7922661712105,80743.31861146052,73096.32,0.077305889075089,95.33333333333331,2272.22333333333,-0.2114251313382155,-0.2576431624165179,-0.0515754952948711,0.0278845970216397,-0.1568690856621456,75337.16,2.673729212071913,0.9253794166195536,0.0482070184666042,0,0.1336739031260885,True,2026-09-30,77505.13,2026-10-30,77349.88,80632.95000000003,3127.820000000004,29538.48,26410.66,29,21044.26,5.086594159167394,103,2338.229999999996,24072.43,False,False,False,0.997996906785396,0,0.0001160536975654,0.66685,0.2441499999999999,0.7793500000000001,0.7793500000000001,OBLIGATION_PRESSURE,0.7793500000000001,0.7522249999999999,True,OBLIGATION_MANAGEMENT,1,0,OBLIGATION_MANAGEMENT_LOW,0.0866043076454378,0,0.1177842216790612,0.0229949518528703,-0.0379001917824938,0.40270774191483627,0.22634320431155477,-0.1763645376032815,0.1763645376032815,in_sample
901,2026-09-01,48322.5,0.0,48322.5,43146.61000000001,10118.149999999998,4339.150000000001,5779.0,33028.46,135,134,1,4.5,4.466666666666667,677.548962962963,68.89,4521.079098544828,133578.38,138754.27,96521.08,144843.58,124280.04177777776,5175.889999999992,0.1071113870350249,1.1199605252880815,0.4288481590013986,0.5711518409986016,1.997435563143464,2.571887666775886,5175.889999999985,RECOVERY,SPENDING_PRESSURE,True,SPENDING_PRESSURE->RECOVERY,4,1,12647.26125,1981.154435427107,-2529.1112500000017,0.8000269623591431,-34.0,0.0091867127378262,12076.659999999998,2045.0892653622748,10118.149999999998,14198.53,50325.49,2015.7234261425608,119697.67507150272,86128.81,0.103855441929371,155.0,5220.369999999995,-0.2873804541737773,-0.2746938565477738,-0.0769995096813578,0.0387479620579316,-0.4792021996179448,96521.08,1.997435563143464,0.8928886129649751,0.1195923224170934,0,0.1429640073346616,True,2026-09-30,138754.27,2026-10-30,102744.67999999998,145810.3199999999,7056.050000000003,49289.81,42233.76,28,33028.46,5.693395332389097,133,4542.059999999998,37691.7,False,False,False,0.7404794101111266,0,0.0001323020906371,0.73195,0.29105,0.83005,0.83005,OBLIGATION_PRESSURE,0.83005,0.7522249999999999,True,OBLIGATION_MANAGEMENT,1,0,OBLIGATION_MANAGEMENT_MEDIUM,0.0866043076454378,0,0.0983301334354395,0.0217126225653463,-0.0476191337793683,0.4415765230168249,0.14298762148310198,-0.29858890153372286,0.29858890153372286,in_sample
905,2026-09-01,78266.73,0.0,78266.73,70022.14,28522.58,12725.98,15796.6,41499.56,102,101,1,3.4,3.3666666666666667,1453.8124509803922,235.035,8324.930882833165,246243.64,254488.23,177108.83,255375.56,198226.4637254902,8244.589999999997,0.1053396507047119,1.1177426168351896,0.446172120474375,0.553827879525625,2.262887819639328,2.5327040458377423,8244.589999999997,STABLE,RECOVERY,True,RECOVERY->STABLE,3,1,33054.46375,8309.264689496445,-4531.8837500000045,0.8628964673492849,9.0,0.0099661702297332,37925.98666666666,13112.139204814492,28522.58,52904.37,89787.37,17119.118904102506,185647.0033731665,132009.55,0.1127508907649711,102.33333333333331,10361.82333333334,-0.1183403547524483,0.0602335566343628,-0.0412780896003296,0.0334814332666622,0.2701598768919319,177108.83,2.262887819639328,0.894660349295288,0.2018303307165126,0,0.2469419024076924,True,2026-09-30,254488.23,2026-10-30,254488.23,262641.7399999998,8153.509999999995,78266.73,70113.22,28,41499.56,8.01827682028436,115,15830.18999999998,54283.03000000002,False,False,False,1.0,0,7.356128819527501e-05,0.69745,0.375,0.868,0.868,OBLIGATION_PRESSURE,0.868,0.7522249999999999,True,OBLIGATION_MANAGEMENT,0,1,OBLIGATION_MANAGEMENT_MEDIUM,0.0866043076454378,0,-0.049335406822469,-0.002861705361988,0.0055693137304848,0.2606563291776952,0.1898842171943162,-0.07077211198337902,0.07077211198337902,in_sample
939,2026-09-01,45251.96,0.0,45251.96,40042.380000000005,7894.280000000001,6153.77,1740.51,32148.1,152,151,1,5.066666666666666,5.033333333333333,561.1469736842105,50.165,3969.172914341947,79636.64,84846.22,64633.85,109885.81,89660.32888157894,5209.5799999999945,0.1151238531988447,1.1301016572940967,0.7795226417102002,0.2204773582897997,1.4283105085392986,1.9813579098359264,5209.580000000002,RECOVERY,RECOVERY,False,NO_CHANGE,4,0,7453.5675,2166.375156461991,440.71250000000055,1.0591277264209389,5.0,-0.0183530060651207,8893.606666666667,3252.7161666726074,6257.799999999999,12528.740000000002,48528.73333333333,6497.709664715208,84339.74760590662,47084.96,0.150325538313849,157.33333333333334,7487.026666666665,0.2615104349771489,0.1692811028329963,0.0209855908509213,0.0654168734391607,0.7620348292897454,64633.85,1.4283105085392986,0.8848761468011552,0.0384626433860544,0,0.0800928850997804,True,2026-09-30,84846.22,2026-10-30,69784.52,90243.53000000004,5397.309999999998,42600.41,37203.100000000006,29,32148.1,3.9643596355616655,142,1130.4800000000032,36072.62,False,False,False,0.8224823686900843,0,0.0001311303636394,0.73995,0.59015,0.7602,0.7602,OBLIGATION_PRESSURE,0.7602,0.7522249999999999,True,OBLIGATION_MANAGEMENT,0,1,OBLIGATION_MANAGEMENT_LOW,0.0866043076454378,0,-0.0552702176575624,-0.0235214381591336,0.0235146909814775,0.3309675000108205,0.17854048663244051,-0.15242701337837997,0.15242701337837997,in_sample
946,2026-09-01,101270.59,0.0,101270.59,98309.4,4560.58,2995.27,1565.3099999999995,93748.82,87,86,1,2.9,2.8666666666666667,2294.022873563218,47.52,12527.332704723489,202286.12,205247.31,104458.49,205729.08,124731.7224137931,2961.189999999988,0.0292403747228093,1.030121127786356,0.6567739191067803,0.3432260808932196,1.0314790305852866,1.2316677765360418,2961.1900000000023,RECOVERY,RECOVERY,False,NO_CHANGE,4,0,16078.2625,15233.337429878446,-11517.6825,0.2836488084455643,-2.0,-0.0965374878314981,9534.57,6672.606698967046,4560.58,17117.47,112430.85333333332,13075.195649749705,116284.2386268922,77790.97,0.0777107104779602,84.0,9147.46333333332,-0.7335716084211044,-0.6619361499021645,-0.2014435438383807,0.0146386217699958,-2.2051728709722545,104458.49,1.0314790305852866,0.9707596252771906,0.0154567086061214,0,0.2181492518513701,True,2026-09-30,205247.31,2026-10-30,81047.16000000003,186162.85000000003,-19084.459999999992,105681.65,124766.11,26,93748.82,3.316617318489981,68,1048.4699999999866,123717.64,False,False,False,0.3948756258973627,0,0.0001641768394214,0.8958499999999999,0.01475,0.96065,0.96065,OBLIGATION_PRESSURE,0.96065,0.7522249999999999,True,OBLIGATION_MANAGEMENT,1,0,OBLIGATION_MANAGEMENT_HIGH,0.0866043076454378,0,0.1090929266714635,0.0366986501955772,0.0325396887403915,0.47292965993041397,0.18256065489764176,-0.2903690050327722,0.2903690050327722,in_sample
955,2026-09-01,74845.11,0.0,74845.11,63627.26,17474.769999999997,12259.77,5215.000000000001,46152.490000000005,132,131,1,4.4,4.366666666666666,1049.033106060606,113.22,6935.912169947523,211094.38,222312.23,195282.21,270127.32,236606.47681818184,11217.85,0.1498808673004822,1.176305721792829,0.7015697488436187,0.2984302511563815,2.60915121909768,3.1612817032159057,11217.850000000006,STABLE,SPENDING_PRESSURE,True,SPENDING_PRESSURE->STABLE,5,1,25363.595,4961.049255187858,-7888.825000000004,0.6889705501132626,-29.0,-0.0544463434523518,23191.680000000004,7615.72657946043,17474.769999999997,31836.930000000004,83974.45333333332,12342.521987180467,225760.94496093172,191066.85,0.1713844030787783,145.66666666666666,14630.283333333333,-0.4511163607797612,-0.4487454863724386,-0.2364064582707378,0.0531413958059896,-1.0222754095841542,195282.21,2.60915121909768,0.8501191326995178,0.0696772307502788,0,0.2764229788190897,True,2026-09-30,222312.23,2026-10-30,221603.47,234840.51000000013,12528.28,79520.35,66992.07,29,46152.490000000005,6.53989806400478,127,4925.320000000014,62066.74999999999,False,False,False,0.9968118713037064,0,8.041424388308013e-05,0.57955,0.10025,0.8077,0.8077,OBLIGATION_PRESSURE,0.8077,0.7522249999999999,True,OBLIGATION_MANAGEMENT,0,1,OBLIGATION_MANAGEMENT_LOW,0.0866043076454378,0,0.0046126658476828,9.590387605310924e-05,0.0498583827580656,0.2520809588158662,0.1403276103305717,-0.11175334848529447,0.11175334848529447,in_sample
956,2026-09-01,57220.59,0.0,57220.59,58260.16,26862.549999999992,9378.89,17483.66,31397.61,123,122,1,4.1,4.066666666666666,938.8678861788616,194.33,5422.51298919625,125197.77,124158.2,103725.76,160946.35,135210.9749593496,-1039.5699999999997,-0.0181677609405984,0.9821564170094969,0.3491436963356049,0.6508563036643954,1.8127348914088444,2.3629776442247383,-1039.570000000007,LIQUIDITY_STRESS,LIQUIDITY_STRESS,False,NO_CHANGE,3,0,30192.18625,10700.01462980567,-3329.636250000007,0.889718610556067,-11.0,-1.952265682934537e-05,26832.99333333333,106.75899696649098,26714.57,26921.86,57963.73333333334,1236.1196518270592,134913.29392151593,103158.47,-0.0049297391080376,124.33333333333331,-266.8700000000026,-0.0022030424346611,-0.0007612742313244,-0.001036139353498,-0.0083034226568093,-0.0099624785775599,103725.76,1.8127348914088444,1.0181677609405986,0.3055484048661505,1,0.1454628676049769,True,2026-09-30,124158.2,2026-10-30,100919.56,113597.05999999988,-10561.140000000014,61393.89,71955.03000000001,25,31397.61,5.909752048006202,92,9705.100000000006,62249.93000000001,False,False,False,0.8128304050799706,0,9.298838762817278e-05,0.8314999999999999,0.5193,0.89225,0.89225,OBLIGATION_PRESSURE,0.89225,0.7522249999999999,True,OBLIGATION_MANAGEMENT,0,1,OBLIGATION_MANAGEMENT_HIGH,0.0866043076454378,1,0.0139983446455488,-0.0148297976946556,0.0180347215460991,0.47864896283602065,0.18745783573737196,-0.2911911270986487,0.2911911270986487,in_sample
971,2026-09-01,73714.46,0.0,73714.46,63708.77,20471.93,18039.76,2432.17,43236.84,163,162,1,5.433333333333334,5.4,843.087300613497,114.26,6108.648366196256,290607.51,300613.2,248293.01,322007.47,293249.3243558282,10005.69000000001,0.1357357837254727,1.157053573628874,0.8811948848984928,0.1188051151015072,3.3683080633026408,3.978179102930798,10005.690000000002,RECOVERY,RECOVERY,False,NO_CHANGE,4,0,24930.2325,6628.249335369136,-4458.302499999998,0.8211688358702632,-5.0,-0.0339585839925694,21343.126666666667,1656.23302347023,20304.32,23253.13,77194.18000000001,3223.672715351123,282042.63681789086,220352.67,0.1628640078208201,166.66666666666666,12614.213333333337,-0.1196054036596362,-0.1257539485697444,-0.0794772306466209,0.0344302526799806,-0.2648360737830385,248293.01,3.3683080633026408,0.8642642162745273,0.03299447625337,0,0.1364942554377902,True,2026-09-30,300613.2,2026-10-30,257781.22999999992,312785.29999999976,12172.099999999991,75601.06,63428.96000000001,29,43236.84,8.701243199086706,138,2613.4800000000178,60815.47999999999,False,False,False,0.857517999874922,0,6.259792745251375e-05,0.53595,0.20075,0.84555,0.84555,OBLIGATION_PRESSURE,0.84555,0.7522249999999999,True,OBLIGATION_MANAGEMENT,0,1,OBLIGATION_MANAGEMENT_MEDIUM,0.0866043076454378,0,-0.0032075553817002,-0.0006222279055295,0.0699478541585907,0.23366108162002974,0.171761788281764,-0.06189929333826574,0.06189929333826574,in_sample
975,2026-09-01,80754.44,0.0,80754.44,73773.48999999999,8136.57,5703.460000000001,2433.11,65636.92,129,128,1,4.3,4.266666666666667,1197.890930232558,57.63,7814.179783644565,124997.29,131978.24,51481.33,132235.77,69571.27426356588,6980.950000000012,0.08644663996184,1.094626809711727,0.7009661319204531,0.299033868079547,0.6375046375159062,0.8615163979041385,6980.949999999997,SPENDING_PRESSURE,SPENDING_PRESSURE,False,NO_CHANGE,5,0,9633.07125,2493.828485868021,-1496.5012500000012,0.8446496230368896,-5.0,-0.0087465480393139,9037.633333333331,1696.9143178231889,7981.32,10995.009999999998,81888.30333333333,1468.3806349286172,60162.30046625109,33987.72,0.0881360765484988,134.0,7213.750000000005,0.0194516696486295,-0.1604609837310009,-0.0074855441918728,0.0558488108022181,0.2935478278149249,51481.33,0.6375046375159062,0.91355336003816,0.0301297365197504,0,0.0421863507570716,True,2026-09-30,131978.24,2026-10-30,131978.24,137519.54000000015,5541.3000000000175,80754.44,75213.13999999998,28,65636.92,3.2410521395580414,127,2497.3899999999994,72715.74999999999,False,False,False,1.0,0,0.0010588521909593,0.84595,0.3892499999999999,0.86935,0.86935,OBLIGATION_PRESSURE,0.86935,0.7522249999999999,True,OBLIGATION_MANAGEMENT,0,1,OBLIGATION_MANAGEMENT_MEDIUM,0.0866043076454378,0,-0.0795033416695249,-0.0083224934266279,0.0003865985810164,0.29884137988014736,0.22285163716074335,-0.07598974271940401,0.07598974271940401,in_sample
986,2026-09-01,53718.89,0.0,53718.89,48292.2,10376.55,4291.15,6085.400000000001,37915.65,198,197,1,6.6,6.566666666666666,515.2075252525253,44.725,4186.450118533599,95237.35,100664.04,95205.47,148924.36,109075.48424242424,5426.689999999995,0.1010201439381937,1.112371977255126,0.4135430369438782,0.5864569630561217,1.7722903433038173,2.0304865614763123,5426.689999999988,RECOVERY,RECOVERY,False,NO_CHANGE,4,0,15081.315,5950.734429628954,-4704.764999999999,0.6880401344312482,15.0,-0.0263015028032222,11226.53,1399.165435071901,10376.55,12841.4,55688.09,2264.3956756936373,102939.72840617488,59154.7,0.1172238735061697,187.66666666666663,6545.909999999996,-0.1919455822573862,-0.1145753005299101,-0.0763980084721429,0.0569806908739058,-0.419420433236774,95205.47,1.7722903433038173,0.8989798560618063,0.113282310933826,0,0.0869096527792424,True,2026-09-30,100664.04,2026-10-30,100348.53,108600.07000000004,7936.029999999984,60174.36,52238.330000000016,29,37915.65,4.242005609820747,158,5763.670000000013,46474.66,False,False,False,0.9968657129199268,0,8.349247224652935e-05,0.72615,0.2664999999999999,0.8166,0.8166,OBLIGATION_PRESSURE,0.8166,0.7522249999999999,True,OBLIGATION_MANAGEMENT,0,1,OBLIGATION_MANAGEMENT_MEDIUM,0.0866043076454378,0,0.0284824804687392,0.0011331667826157,0.0019730496927533,0.39479349999222824,0.13521893204074856,-0.2595745679514797,0.2595745679514797,in_sample
989,2026-09-01,119391.02,0.0,119391.02,96085.30999999998,13174.53,10612.97,2561.5599999999995,82910.78,167,166,1,5.566666666666666,5.533333333333333,1290.2774251497003,74.38,10179.800889264065,428556.77,451862.48,451862.48,547947.79,465669.5259281437,23305.71000000002,0.1952048822432375,1.2425522694364,0.8055672574277793,0.1944327425722207,3.78472752808377,3.900373126288256,23305.709999999963,RECOVERY,RECOVERY,False,NO_CHANGE,3,0,17080.59,4796.992710423599,-3906.060000000001,0.7713158620398943,-15.0,-0.0046898577192672,13562.61,1091.738889661801,12717.93,14795.37,118728.66333333332,3763.110736296964,442748.874090987,403808.79,0.187071092785976,178.0,22255.27333333335,-0.1095504877539392,-0.0248140280347506,-0.0223196482182359,0.0543818500405441,-0.2728978249385281,451862.48,3.78472752808377,0.8047951177567625,0.0214552149734544,0,0.0336405795592051,True,2026-09-30,451862.48,2026-10-30,451445.35,477003.3200000004,25140.84000000001,121237.57,96096.73,29,82910.78,6.9122501320093725,170,2028.9900000000048,94067.74,False,False,False,0.9990768651559652,0,0.0001739306203743,0.40675,0.2102,0.78835,0.78835,OBLIGATION_PRESSURE,0.78835,0.7522249999999999,True,OBLIGATION_MANAGEMENT,0,1,OBLIGATION_MANAGEMENT_LOW,0.0866043076454378,0,-0.0096405082902357,-0.022703681870981,-0.0383108164148936,0.14904041902320284,0.1904552432742971,0.04141482425109427,0.04141482425109427,in_sample
7,2026-09-01,29153.81,0.0,29153.81,32461.770000000004,17852.790000000008,5281.610000000001,12571.179999999998,14608.98,114,113,1,3.8,3.7666666666666666,540.4875438596492,51.370000000000005,2977.646056706913,123116.96,119809.0,119809.0,152270.77,129399.00298245616,-3307.9600000000028,-0.1134657871475461,0.898096745802832,0.2958422745128351,0.7041577254871644,4.109548631894081,4.438493733150355,-3307.9600000000064,LIQUIDITY_STRESS,STABLE,True,STABLE->LIQUIDITY_STRESS,1,1,8035.556250000001,1222.1591574041352,9817.233750000009,2.221724227243137,3.0,-0.3674359532377164,10552.200000000004,6323.043216292299,6818.749999999999,17852.790000000008,30339.896666666667,2437.582682440396,127240.84749610854,115822.34,0.1629910986007046,108.0,5178.716666666667,1.6181910174152168,20.83368358893308,0.0150217513539108,-0.0268684346981927,1.6420004048793189,119809.0,4.109548631894081,1.1134657871475462,0.43120195953805,1,0.7207815097405845,True,2026-09-30,119809.0,2026-10-30,119405.62,128923.35000000012,9114.350000000002,30261.17,21146.82,29,14608.98,10.272460500322405,112,1120.0299999999988,20026.79,False,False,False,0.9966331410828904,0,6.491314197952846e-05,0.5844499999999999,0.9702,0.7405999999999999,0.9702,SPENDING_PRESSURE,0.9702,0.7522249999999999,True,SPENDING_CONTROL,1,0,SPENDING_CONTROL_HIGH,0.1487078495095696,1,0.0076441353785253,0.0245688869827549,-0.1088316138678954,0.41014979210632246,0.372036336656462,-0.038113455449860445,0.038113455449860445,in_sample
12,2026-09-01,56908.93,0.0,56908.93,51841.97,26014.67,17381.760000000002,8632.91,25827.300000000003,131,130,1,4.366666666666666,4.333333333333333,830.1595419847329,108.72,5271.040656969837,120998.38,126065.34,126065.34,177907.31,145215.43786259543,5066.959999999999,0.0890362900866349,1.0977385697341362,0.668152238717616,0.3318477612823841,2.2152119184106955,2.551716186942812,5066.959999999992,SPENDING_PRESSURE,SPENDING_PRESSURE,False,NO_CHANGE,4,0,21115.24375,6960.639884101248,4899.42625,1.2320326636058845,8.0,-0.171072250403942,19364.14,6036.420192539616,14231.61,26014.67,57822.176666666666,1088.599341371013,131328.80039504555,105645.0,0.217613623154277,122.33333333333331,12630.736666666666,0.4577197085756359,0.2919746481191867,-0.0358801304220691,0.0418762631367459,0.2037407139292115,126065.34,2.2152119184106955,0.9109637099133652,0.1516969305168802,0,0.4648885791625674,True,2026-09-30,126065.34,2026-10-30,125567.37,139385.18000000005,13319.840000000013,56912.91,43593.06999999999,28,25827.300000000003,7.084683648697308,130,8640.220000000008,34952.849999999984,False,False,False,0.9960499055489797,0,5.300360403319421e-05,0.70195,0.8250500000000001,0.7861,0.8250500000000001,SPENDING_PRESSURE,0.8250500000000001,0.7522249999999999,True,SPENDING_CONTROL,1,0,SPENDING_CONTROL_MEDIUM,0.1487078495095696,0,0.1055084109100887,0.0335911951257018,-0.1189488956010858,0.1618570753581981,0.23379847055095657,0.07194139519275847,0.07194139519275847,in_sample
14,2026-09-01,107642.78,38676.19,146318.97,114747.57,84605.67000000001,60729.27000000001,23876.4,30141.9,143,141,2,4.766666666666667,4.7,1825.64013986014,525.52,9716.983068032603,138385.38,169956.78,28774.14,175093.11,73332.72125874127,31571.4,0.2157710650915598,1.275137852592434,0.717791963588256,0.2822080364117439,0.1966535166287734,0.5011839630824442,31571.4,LIQUIDITY_STRESS,SPENDING_PRESSURE,True,SPENDING_PRESSURE->LIQUIDITY_STRESS,5,1,59643.19500000001,16301.210630189404,24962.47500000001,1.4185301441346327,-1.0,0.1324273844837484,60518.57666666668,21471.564466089407,43387.100000000006,84605.67000000001,106752.68333333336,34924.93002532766,79371.5834883432,28774.14,0.1353406934283889,150.0,16092.206666666663,0.9500190148684748,0.9037306947113276,0.8240994505223254,0.2281411519049194,1.1399984334816358,28774.14,0.1966535166287734,0.7842289349084401,0.1631804816559329,0,0.4149388494445963,True,2026-09-30,169956.78,2026-10-30,97481.97,189732.66,19775.879999999976,93600.9,73825.02000000002,27,30141.9,8.743897365461367,133,11694.78000000002,62130.24,False,False,False,0.5735691744689444,0,0.000878707825743,0.58165,0.8958,0.4993,0.8958,SPENDING_PRESSURE,0.8958,0.7522249999999999,True,SPENDING_CONTROL,1,0,SPENDING_CONTROL_HIGH,0.1487078495095696,0,0.0239261074858892,0.045825302209284,-0.0914972265881348,0.07497075158505544,0.08917773578922497,0.014206984204169534,0.014206984204169534,in_sample
25,2026-09-01,46567.65,8197.86,54765.51,43971.48,16228.88,10196.65,6032.2300000000005,27742.6,73,71,2,2.433333333333333,2.3666666666666667,1352.561506849315,184.01,5918.482227062967,129469.15,140263.18,86023.08,140788.59,100226.9519178082,10794.03,0.197095398180351,1.2454779779984662,0.6283027541025629,0.3716972458974372,1.570752833306948,1.8301108109430224,10794.03,SPENDING_PRESSURE,STABLE,True,STABLE->SPENDING_PRESSURE,4,1,11381.718750000002,3667.896950232762,4847.161249999997,1.4258725203519895,-5.0,0.0791254481776555,12713.196666666665,3073.409677285691,10536.04,16228.88,47840.09666666666,6076.968922138183,96248.84626628357,79603.73,0.1508746612457787,70.66666666666667,7384.299999999996,0.5403206517818837,0.7793034080384167,0.2619263778291982,0.0833714440853283,0.614048504985537,86023.08,1.570752833306948,0.802904601819649,0.1101465137456037,0,0.2671475385203111,True,2026-09-30,140263.18,2026-10-30,140263.18,140692.5700000001,429.38999999999214,54765.51,54336.12000000001,25,27742.6,7.029935550381003,68,18964.530000000013,35371.59,False,False,False,1.0,0,4.46997257274978e-05,0.59935,0.78935,0.6034,0.78935,SPENDING_PRESSURE,0.78935,0.7522249999999999,True,SPENDING_CONTROL,1,0,SPENDING_CONTROL_LOW,0.1487078495095696,0,0.0467483724213241,0.0395671467468533,-0.0707854439432557,0.10336987648867908,0.21734488057677315,0.11397500408809406,0.11397500408809406,in_sample
27,2026-09-01,68685.1,0.0,68685.1,70034.2,47198.17,22198.56,24999.61,22836.03,172,171,1,5.733333333333333,5.7,806.507558139535,183.27,5374.705586373671,138994.26,137645.16,70032.99,138874.01,99305.76779069768,-1349.0999999999913,-0.0196418146002552,0.9807365544262662,0.4703267097008211,0.529673290299179,1.0196241979701566,1.4458123783862538,-1349.1000000000058,LIQUIDITY_STRESS,RECOVERY,True,RECOVERY->LIQUIDITY_STRESS,2,1,38029.00375,4362.780114255252,9169.166250000002,1.2411098200278257,-20.0,-0.1432126997640972,39791.12,7132.941542947055,32968.21000000001,47198.17,66883.45,2787.8577906521914,96287.482562177,65012.28,0.0651486524314626,185.3333333333333,4256.3,0.4316267094877153,1.095749585873421,0.0787284513763291,-0.009706156211055,0.5907506715985434,70032.99,1.0196241979701566,1.0196418146002553,0.3639742826318953,1,0.3276291031499379,True,2026-09-30,137645.16,2026-10-30,137645.16,150986.33000000007,13341.169999999998,68685.1,55343.93000000001,29,22836.03,9.035294663739714,170,10460.79,44883.14000000001,False,False,False,1.0,0,4.6625736811025104e-05,0.91395,0.92385,0.8316000000000001,0.92385,SPENDING_PRESSURE,0.92385,0.7522249999999999,True,SPENDING_CONTROL,0,1,SPENDING_CONTROL_HIGH,0.1487078495095696,1,0.0171357785582047,0.0292604600177749,-0.0205728677502617,0.2831002046285554,0.3597954681334642,0.0766952635049088,0.0766952635049088,in_sample
28,2026-09-01,62821.19,21962.05,84783.24,70906.39,17880.28,12305.92,5574.3600000000015,53026.11000000001,110,108,2,3.6666666666666665,3.6,1415.3602727272728,149.17000000000002,6984.295719203302,69726.88,83603.73,9786.89,94307.14,61085.985000000015,13876.850000000006,0.1636744479215468,1.1957066210816825,0.6882397814799321,0.311760218520068,0.1154342532793037,0.7204959966144253,13876.849999999991,LIQUIDITY_STRESS,SPENDING_PRESSURE,True,SPENDING_PRESSURE->LIQUIDITY_STRESS,8,1,5606.35375,1121.1791737010958,12273.92625,3.1892885817274728,-7.0,0.1283186980196544,9497.303333333331,7278.235184605765,4789.109999999999,17880.28,68696.60666666667,13949.977129132982,53957.4622831424,9786.89,0.0800504970756498,122.66666666666669,6173.193333333334,2.733528776745576,1.4855575868372952,0.4146044064294467,0.1990172226263384,2.9110137832376104,9786.89,0.1154342532793037,0.8363255520784532,0.0657483719659687,0,0.3386652753351207,True,2026-09-30,83603.73,2026-10-30,31276.850000000013,85709.74999999997,2106.020000000004,58850.21,56744.19,28,53026.11000000001,2.6864867138094795,102,963.4700000000012,55780.72,False,False,False,0.374108308325478,0,0.0005314582111377,0.63805,0.78515,0.625,0.78515,SPENDING_PRESSURE,0.78515,0.7522249999999999,True,SPENDING_CONTROL,1,0,SPENDING_CONTROL_LOW,0.1487078495095696,0,0.0294392630963482,0.0418060652990255,-0.0621763960586201,0.16753302115791202,0.20942640968921608,0.04189338853130406,0.04189338853130406,in_sample
39,2026-09-01,108103.47,22265.58,130369.05,93770.54,50202.69,29403.93,20798.76,43567.84999999999,160,158,2,5.333333333333333,5.266666666666667,1400.8724375,289.595,9141.96338345227,402914.55,439513.06,361160.23,491400.71,452976.0085,36598.51,0.2807300505756542,1.3902985948465263,0.5857042720220769,0.4142957279779231,2.770291184909301,3.4745670732432274,36598.51000000001,SPENDING_PRESSURE,SPENDING_PRESSURE,False,NO_CHANGE,3,0,36843.20625,9752.93803061846,13359.483750000009,1.362603722904817,13.0,0.0448401000572236,39680.15,9525.018793907975,31647.04,50202.69,114180.84666666666,15971.797311017754,417680.23732790304,306289.3,0.2688616713104619,159.33333333333334,30932.846666666675,0.58633129670263,0.3413864313253043,0.3244226142771096,0.0908344213431855,0.7353921376866174,361160.23,2.770291184909301,0.7192699494243457,0.1595375589528342,0,0.2654821928417696,True,2026-09-30,439513.06,2026-10-30,393928.58,476880.36000000016,37367.30000000002,149078.42,111711.12,29,43567.84999999999,13.509766490657675,167,22119.93,89591.19,False,False,False,0.8962841286217978,0,5.536716589019404e-05,0.3390999999999999,0.8727499999999999,0.5839,0.8727499999999999,SPENDING_PRESSURE,0.8727499999999999,0.7522249999999999,True,SPENDING_CONTROL,1,0,SPENDING_CONTROL_MEDIUM,0.1487078495095696,0,0.0696558880825923,0.0439682336703673,-0.076919491016039,0.08932368056416053,0.06732635019692038,-0.02199733036724015,0.02199733036724015,in_sample
43,2026-09-01,47532.69,21636.22,69168.91,56138.84,30091.8,16893.890000000003,13197.91,26047.04,109,107,2,3.633333333333333,3.566666666666667,1149.6123853211009,221.04,5166.417249137631,143540.31,156570.38,88300.91,157469.82,108647.886146789,13030.07,0.188380444335468,1.2321043683838142,0.5614117467216984,0.4385882532783017,1.2765982578010844,1.5707618660867868,13030.070000000009,RECOVERY,RECOVERY,False,NO_CHANGE,3,0,20575.4925,7615.165318439534,9516.3075,1.4625069120459693,-25.0,0.0391042373709419,23949.156666666662,8968.871934509565,13656.920000000002,30091.8,59223.12333333333,11473.306560840829,104398.2549823147,76164.13,0.1539771578161527,132.33333333333334,9226.926666666668,1.2034104322204415,0.9276054910403267,0.4820596604300762,0.0907763819097229,1.7173774236346504,88300.91,1.2765982578010844,0.8116195556645319,0.1908069680438798,0,0.3906471103255075,True,2026-09-30,156570.38,2026-10-30,156570.38,183164.7000000001,26594.32,69168.91,42574.59,29,26047.04,8.666600504318343,121,8478.500000000007,34096.09,False,False,False,1.0,0,6.365429711570969e-05,0.6219,0.9031,0.58635,0.9031,SPENDING_PRESSURE,0.9031,0.7522249999999999,True,SPENDING_CONTROL,0,1,SPENDING_CONTROL_HIGH,0.1487078495095696,0,0.0036109265986528,0.0051188757277686,0.0132174247113372,0.0843107037004383,0.24566592260929354,0.16135521890885524,0.16135521890885524,in_sample
45,2026-09-01,33723.27,0.0,33723.27,29191.21,11389.02,7498.27,3890.750000000001,17802.190000000002,134,133,1,4.466666666666667,4.433333333333334,469.5110447761194,79.06,3094.502096671962,99770.83,104302.89,72872.49,106595.76,85347.0873880597,4532.059999999998,0.1343896958984107,1.1552542700353976,0.6583771035611493,0.3416228964388508,2.1608963187733576,2.5308069884106645,4532.059999999998,RECOVERY,RECOVERY,False,NO_CHANGE,7,0,6776.1475,1752.4598423012642,4612.8725,1.680751488954454,40.0,-0.1002007781444834,6967.766666666667,4265.512535467846,2877.25,11389.02,29250.176666666663,6258.8484577782665,82216.0389171783,69361.3,0.1443866053706617,116.0,4480.219999999997,0.7159813952927738,0.9492442498359244,0.0561757742032471,0.045424699784496,-0.590745514082498,72872.49,2.1608963187733576,0.8656103041015892,0.1153728567840544,0,0.255848304629014,True,2026-09-30,104302.89,2026-10-30,79640.70000000003,110121.66,5818.77,31788.91,25970.14,29,17802.190000000002,7.6446661899462915,129,2454.459999999999,23515.68,False,False,False,0.7635521892058794,0,0.000114945549621,0.6705000000000001,0.8039499999999999,0.67005,0.8039499999999999,SPENDING_PRESSURE,0.8039499999999999,0.7522249999999999,True,SPENDING_CONTROL,1,0,SPENDING_CONTROL_LOW,0.1487078495095696,1,0.1202518994472207,0.0150085177017116,-0.0484286797692685,0.20156380932212703,0.4170868256784838,0.2155230163563568,0.2155230163563568,in_sample
46,2026-09-01,90623.89,20433.63,111057.52,81068.93,55388.62,25480.19,29908.43,25680.31,136,134,2,4.533333333333333,4.466666666666667,1412.6944852941178,344.865,8044.513383958297,231020.4,261008.99,212092.62,323150.14,284814.31558823533,29988.59000000001,0.2700275496877655,1.3699147133186538,0.4600257236955894,0.5399742763044105,1.909754692883472,2.564565781661929,29988.59,SPENDING_PRESSURE,STABLE,True,STABLE->SPENDING_PRESSURE,1,1,37393.68375,2376.302206736563,17994.936250000006,1.481229299854685,-30.0,-0.0044891363956611,44124.97666666666,9775.998004983096,37846.71,55388.62,95266.92333333334,13817.023681286528,254189.31743264373,167464.45,0.2668778760689065,149.66666666666666,25461.63666666668,0.4151554946907991,0.4128522927341755,0.2429881134508844,0.1298092722547446,0.3809942690518995,212092.62,1.909754692883472,0.7299724503122345,0.2693057615549131,0,0.219030029953452,True,2026-09-30,261008.99,2026-10-30,242139.53,293252.41000000015,32243.42000000001,89886.23,57642.80999999999,26,25680.31,13.663979134208269,114,16761.05999999999,40881.75,False,False,False,0.9277057085275108,0,4.701332113752064e-05,0.40675,0.91605,0.4432,0.91605,SPENDING_PRESSURE,0.91605,0.7522249999999999,True,SPENDING_CONTROL,0,1,SPENDING_CONTROL_HIGH,0.1487078495095696,0,-0.0120973084768835,0.0023515132486618,0.0192973383074631,0.0629136975497338,0.06269970581590294,-0.00021399173383086778,0.00021399173383086778,in_sample
49,2026-09-01,83729.5,18699.53,102429.03,65635.85,51301.88999999999,29442.9,21858.99,14333.96,58,56,2,1.933333333333333,1.8666666666666667,2897.670344827586,897.45,11138.159417750196,335966.5,372759.68,321238.4,423667.43,386614.2079310344,36793.17999999999,0.3592065647795356,1.5605653008226448,0.5739145282951565,0.4260854717048437,3.1362046482330257,3.774459329850477,36793.17999999999,SPENDING_PRESSURE,SPENDING_PRESSURE,False,NO_CHANGE,4,0,39996.82625,7512.456622754614,11305.063749999994,1.282649020183195,-5.0,0.0708849053840667,45308.55333333332,6406.420898694789,38556.6,51301.88999999999,89224.49666666666,11654.548301797631,353796.7824015129,269097.59,0.329821673223769,57.66666666666666,29581.983333333337,0.1136323329607613,0.1131044828713516,0.206873482336038,0.1095144307542568,-0.0811610357491352,321238.4,3.1362046482330257,0.6407934352204644,0.2134061993948395,0,0.3629274548646059,True,2026-09-30,372759.68,2026-10-30,356713.48,402956.3399999998,30196.66,82662.15,52465.49,24,14333.96,31.77222693519446,67,11934.520000000004,40530.97,False,False,False,0.9569529622946344,0,3.984769266737677e-05,0.2012,0.8038,0.2749999999999999,0.8038,SPENDING_PRESSURE,0.8038,0.7522249999999999,True,SPENDING_CONTROL,1,0,SPENDING_CONTROL_LOW,0.1487078495095696,0,0.0928290337155395,0.0261868220239547,-0.0996303950361903,0.2359487780415716,0.021358030731382663,-0.21459074731018896,0.21459074731018896,in_sample
52,2026-09-01,27330.71,0.0,27330.71,26816.14,15427.990000000002,4263.36,11164.63,11388.15,110,109,1,3.6666666666666665,3.633333333333333,492.24409090909086,74.425,2770.586323425242,109107.89,109622.46,83858.17,111188.88,95822.05118181815,514.5699999999997,0.0188275386918232,1.01918881688416,0.2763393027866883,0.7236606972133115,3.068276308957945,3.506021291866116,514.570000000007,SPENDING_PRESSURE,STABLE,True,STABLE->SPENDING_PRESSURE,2,1,12986.86375,2921.6948600717424,2441.126250000001,1.1879688812474067,6.0,-0.2446671923890384,14676.923333333334,3255.7061381877365,11111.320000000002,17491.46,31052.97,3998.1623091490446,89265.8698308968,69144.18,0.1545738618769876,113.66666666666669,4987.8966666666665,0.388492996331669,1.5528023450433066,-0.1053472851448953,0.0047161575574417,0.7532504265290337,83858.17,3.068276308957945,0.9811724613081768,0.4085012793301015,0,0.5255024286556935,True,2026-09-30,109622.46,2026-10-30,91453.64000000004,118215.57000000004,8593.11,27473.29,18880.18,25,11388.15,12.038456641333314,82,4477.550000000003,14402.629999999996,False,False,False,0.8342600594805117,0,7.756126818875023e-05,0.64585,0.8775999999999999,0.6562,0.8775999999999999,SPENDING_PRESSURE,0.8775999999999999,0.7522249999999999,True,SPENDING_CONTROL,0,1,SPENDING_CONTROL_MEDIUM,0.1487078495095696,1,0.0199335913377249,-0.0027569578067222,0.023734484199394,0.3392249884217115,0.3387294445353847,-0.0004955438863267769,0.0004955438863267769,in_sample
63,2026-09-01,52428.22,7748.25,60176.47,57232.52,40272.64,7681.76,32590.88,16959.88,45,43,2,1.5,1.4333333333333331,2609.0886666666665,470.19,8325.818882559242,204868.65,207812.6,147636.13,207812.6,173835.67199999996,2943.9500000000044,0.0489219457372624,1.0514384129861836,0.1907438896481581,0.8092561103518419,2.4533863485179506,2.8887648610827448,2943.950000000012,SPENDING_PRESSURE,STABLE,True,STABLE->SPENDING_PRESSURE,2,1,19538.56375,5924.236957655843,20734.07625,2.0611873275485766,7.0,-0.3325290159546502,24663.243333333336,13596.189786665722,15403.750000000002,40272.64,55865.21666666667,3983.214943451254,164044.39248970253,131090.49,0.2633915176632861,43.0,14242.093333333336,1.614469853120181,2.405372590364278,0.1501212208666169,0.0143699389828557,1.7733480260804386,147636.13,2.4533863485179506,0.9510780542627376,0.541588431491578,0,0.8173921011608635,True,2026-09-30,207812.6,2026-10-30,207812.6,213026.00999999995,5213.410000000004,60176.47,54963.06,27,16959.88,15.801354136939649,66,9152.700000000004,45810.35999999999,False,False,False,1.0,0,7.166147847382716e-05,0.7177500000000001,0.98865,0.7461,0.98865,SPENDING_PRESSURE,0.98865,0.7522249999999999,True,SPENDING_CONTROL,0,1,SPENDING_CONTROL_HIGH,0.1487078495095696,0,0.0196225986212518,-0.0136916154221338,-0.0156449337820943,0.10776953477223694,0.06804977843428756,-0.039719756337949386,0.039719756337949386,in_sample
71,2026-09-01,46292.59,12579.75,58872.34,64715.58,50879.80000000001,11066.39,39813.41,13835.78,69,67,2,2.3,2.2333333333333334,1791.1292753623188,373.88,6529.746880517903,252689.5,246846.26,188764.93,247307.68,223592.7350724637,-5843.239999999998,-0.0992527220762755,0.9097089139894906,0.2175006584145377,0.782499341585462,3.206343250497602,3.797925053980592,-5843.239999999991,LIQUIDITY_STRESS,STABLE,True,STABLE->LIQUIDITY_STRESS,1,1,22886.47125,3103.850683413554,27993.32875000001,2.2231387025206,7.0,-0.4417132351932314,31061.55333333334,17164.061135151944,20971.27,50879.80000000001,55421.23333333334,3083.9553600746726,210389.59274165216,180498.16,0.1991258521786725,65.66666666666667,10523.9,1.4261668463569448,2.735002636136268,0.1121565382646361,-0.0231241899643633,1.4431503920236612,188764.93,3.206343250497602,1.0992527220762756,0.6762668173203239,1,0.928184412221894,True,2026-09-30,246846.26,2026-10-30,246846.26,270871.41000000003,24025.15,58872.34,34847.19,29,13835.78,22.09623165444955,73,11504.440000000002,23342.75,False,False,False,1.0,0,6.950710184742067e-05,0.6527000000000001,0.99155,0.7229,0.99155,SPENDING_PRESSURE,0.99155,0.7522249999999999,True,SPENDING_CONTROL,1,0,SPENDING_CONTROL_HIGH,0.1487078495095696,0,0.0565800296641004,-0.004144281213235,-0.1521461673604929,0.30032270257530247,0.058069734372346936,-0.24225296820295553,0.24225296820295553,in_sample
72,2026-09-01,58862.49,0.0,58862.49,49567.51,29207.91,16990.32,12217.59,20359.6,105,104,1,3.5,3.466666666666667,1032.6666666666667,179.56,5908.042808004426,309733.68,319028.66,274327.56,333190.05,298573.7524761905,9294.979999999996,0.1579100714223947,1.1875216245480154,0.5817026962901488,0.4182973037098512,4.660481743127074,5.072394193249224,9294.97999999998,SPENDING_PRESSURE,STABLE,True,STABLE->SPENDING_PRESSURE,4,1,15792.35,2680.462471589558,13415.56,1.8494973832266888,38.0,-0.2530841264400757,20214.266666666663,7914.161824288996,14313.97,29207.91,61446.996666666666,4471.760536593323,280148.1591997224,224446.49,0.3354075825706176,81.0,20873.13,1.0405177599226492,4.102973423383915,-9.29198158047262e-05,0.0300095875915076,1.204466309416485,274327.56,4.660481743127074,0.8420899285776052,0.2075615557547769,0,0.4487721009914344,True,2026-09-30,319028.66,2026-10-30,286354.56000000006,338301.0600000002,19272.4,58474.44,39202.04,27,20359.6,18.54177390518478,99,5038.720000000008,34163.31999999999,False,False,False,0.8975825557490668,0,6.211833107529429e-05,0.44035,0.92175,0.70225,0.92175,SPENDING_PRESSURE,0.92175,0.7522249999999999,True,SPENDING_CONTROL,0,1,SPENDING_CONTROL_HIGH,0.1487078495095696,1,-0.0395897772281442,0.00093493087205,-0.0466243398136289,0.30112418378799544,0.08730079726189637,-0.21382338652609906,0.21382338652609906,in_sample
74,2026-09-01,41897.27,0.0,41897.27,28997.990000000005,23461.18,10273.38,13187.8,5536.81,162,161,1,5.4,5.366666666666666,437.6250617283951,124.57,3288.119176205372,131549.23,144448.51,107312.37,149209.64,123049.60574074076,12899.279999999992,0.3078787710989282,1.4448335901902165,0.4378884608532051,0.5621115391467948,2.5613212984998786,2.9369361235407645,12899.28,RECOVERY,RECOVERY,False,NO_CHANGE,4,0,21874.365,3923.415325129005,1586.8149999999987,1.0725422200827317,-6.0,-0.0549136959871729,21437.733333333334,2543.028875520931,18583.120000000003,23461.18,39714.15333333333,2041.4377500265216,111854.21750271332,83076.97,0.3216035672668559,162.0,12739.61,0.2624995156895073,0.2752259334683227,0.1068546240609944,0.0980566742960031,0.4280119568069401,107312.37,2.5613212984998786,0.6921212289010717,0.3147651386355244,0,0.1362903225352599,True,2026-09-30,144448.51,2026-10-30,113358.08000000007,162604.07000000018,18155.56,54518.11,36362.55,28,5536.81,35.93524430132152,156,17539.410000000003,18823.14,False,False,False,0.7847646195865924,0,3.883304491021947e-05,0.3252,0.8287500000000001,0.1668,0.8287500000000001,SPENDING_PRESSURE,0.8287500000000001,0.7522249999999999,True,SPENDING_CONTROL,0,1,SPENDING_CONTROL_MEDIUM,0.1487078495095696,0,0.0529496986544026,-0.0064422334856648,0.0268756275817883,0.13190705084298174,0.15361801669635186,0.021710965853370123,0.021710965853370123,in_sample
108,2026-09-01,111581.32,0.0,111581.32,82216.88999999998,43679.130000000005,21516.21,22162.92,38537.76,180,179,1,6.0,5.966666666666667,1076.6567222222222,140.76,8676.28504732836,495066.4,524430.83,413534.03,525115.35,446502.06622222223,29364.430000000026,0.2631661822964634,1.357158121646295,0.4925970366168006,0.5074029633831991,3.7061224047179215,4.001584371131496,29364.42999999993,SPENDING_PRESSURE,STABLE,True,STABLE->SPENDING_PRESSURE,5,1,32855.083750000005,11124.343252331078,10824.04625,1.3294481405788532,-20.0,-0.0918530573975424,30323.340000000007,11655.862840961194,22204.51,43679.130000000005,101434.18333333332,9079.746312702398,417206.3407385319,367275.2,0.3241715115086446,182.0,32573.083333333343,0.7411491813486042,3.7876970668417895,0.1311399196837306,0.0593141243275647,0.6113615841442521,413534.03,3.7061224047179215,0.7368338177035366,0.1986257197889395,0,0.4249495330455722,True,2026-09-30,524430.83,2026-10-30,524256.69,575276.88,50846.05000000001,111581.32,60735.27,29,38537.76,16.50360970642819,155,3144.019999999997,57591.25,False,False,False,0.9996679447697612,0,5.214885479353683e-05,0.3363,0.9021,0.66615,0.9021,SPENDING_PRESSURE,0.9021,0.7522249999999999,True,SPENDING_CONTROL,0,1,SPENDING_CONTROL_HIGH,0.1487078495095696,0,-0.0082957666406752,-0.0238991555654907,-0.0480346550617877,0.25880853028511647,0.07858030772565916,-0.1802282225594573,0.1802282225594573,in_sample
114,2026-09-01,101706.51,0.0,101706.51,95274.42,58935.23,21400.4,37534.83,36339.19,108,107,1,3.6,3.566666666666667,1823.8975,481.325,9935.993699121656,191886.29,198318.38,98169.15,199875.66,135565.70240740743,6432.0899999999965,0.0632416745004817,1.0675111955549033,0.3631172729791672,0.6368827270208329,0.9652199254501996,1.3329107685182338,6432.0899999999965,SPENDING_PRESSURE,STABLE,True,STABLE->SPENDING_PRESSURE,3,1,47903.92875,6401.984292954889,11031.301249999997,1.2302796772174975,13.0,-0.1020927153543966,55438.64333333333,5902.277789314332,48624.06,58935.23,107601.33666666668,10135.190788565998,119881.71151347742,59098.84,0.1438299911462114,98.0,15823.503333333336,0.2120590094697974,0.4850393526330636,-0.0008512359769556,0.0335203208108301,0.3845089657640989,98169.15,0.9652199254501996,0.9367583254995182,0.369050417716624,0,0.2382483906060282,True,2026-09-30,198318.38,2026-10-30,198070.93,207641.84,9323.459999999992,101706.51,92383.05,28,36339.19,8.256234935341157,91,32432.310000000005,59950.74,False,False,False,0.9987522588677862,0,5.813466738158732e-05,0.8765000000000001,0.8869,0.87425,0.8869,SPENDING_PRESSURE,0.8869,0.7522249999999999,True,SPENDING_CONTROL,0,1,SPENDING_CONTROL_MEDIUM,0.1487078495095696,0,0.0338602659238835,0.0279091090682888,0.1144339085455952,0.061327771010374676,0.05630638925957348,-0.005021381750801197,0.005021381750801197,in_sample
119,2026-09-01,60464.87,8285.45,68750.32,48723.31,40158.96,28281.35,11877.609999999995,8564.35,122,120,2,4.066666666666666,4.0,962.8986065573772,299.47,5500.8318275618885,260384.98,280411.99,255277.13,323108.22,293694.7877868852,20027.01000000001,0.2913006077644439,1.4110354982040425,0.7042351196345723,0.2957648803654277,3.713104608094915,4.271904302218306,20027.00999999998,RECOVERY,RECOVERY,False,NO_CHANGE,2,0,34646.34125,1579.93509329102,5512.6187500000015,1.15911113702374,-24.0,-0.0325183886476792,37205.63,2785.484258777988,34625.65,40158.96,65238.76,3066.062854492719,274430.09666704683,217114.88,0.2985316543817902,132.0,19468.78,0.1598037870769213,0.1436702254677664,0.0763524050610717,0.0769130769370798,0.219714007133893,255277.13,3.713104608094915,0.708699392235556,0.1727644322237335,0,0.3348572331754448,True,2026-09-30,280411.99,2026-10-30,271003.7,299039.83000000025,18627.84,56890.38,38262.54,28,8564.35,39.38446817329978,129,6831.749999999996,31430.790000000005,False,False,False,0.9664483319703984,0,3.769698594706378e-05,0.26585,0.7783500000000001,0.2815999999999999,0.7783500000000001,SPENDING_PRESSURE,0.7783500000000001,0.7522249999999999,True,SPENDING_CONTROL,0,1,SPENDING_CONTROL_LOW,0.1487078495095696,0,-0.0158451596378166,-0.0098318197588507,-0.0072296733274246,0.3307599672854001,0.09660222238876161,-0.2341577448966385,0.2341577448966385,in_sample
134,2026-09-01,60748.74,0.0,60748.74,37616.55000000001,25488.5,18436.63,7051.870000000001,12128.05,76,75,1,2.533333333333333,2.5,1294.2801315789472,274.46500000000003,7000.156540297747,254238.61,277370.8,243065.86,303814.6,288482.8073684211,23132.189999999988,0.3807846878799459,1.614947144275591,0.723331306275379,0.2766686937246209,4.001167102395868,4.7487866804878776,23132.19,SPENDING_PRESSURE,STABLE,True,STABLE->SPENDING_PRESSURE,2,1,20639.06875,3803.135625651314,4849.4312500000015,1.234963665693492,-4.0,-0.0557018028108714,21179.786666666667,3749.0140301195647,18663.009999999995,25488.5,56138.18333333333,4073.853403773066,263338.22759638424,198478.06,0.4076358101412256,79.33333333333333,22830.34666666666,0.3657228925023352,-0.3470170295394126,0.1117751601767238,0.0909861409327246,0.403109193716756,243065.86,4.001167102395868,0.619215312120054,0.116082572247589,0,0.4694726105071025,True,2026-09-30,277370.8,2026-10-30,266004.97,298356.8200000002,20986.020000000004,57118.96,36132.94,28,12128.05,27.579846718969662,85,10712.279999999995,25420.66,False,False,False,0.9590229757422194,0,2.8042712890867517e-05,0.16255,0.7768999999999999,0.26065,0.7768999999999999,SPENDING_PRESSURE,0.7768999999999999,0.7522249999999999,True,SPENDING_CONTROL,1,0,SPENDING_CONTROL_LOW,0.1487078495095696,0,0.1002194418502495,0.0213965299656952,-0.1310549795817043,0.36042901880354633,0.0965701741689627,-0.26385884463458364,0.26385884463458364,in_sample
148,2026-09-01,54368.55,0.0,54368.55,56790.84,38518.17000000001,30932.33,7585.840000000001,18272.67,169,168,1,5.633333333333334,5.6,657.7478698224851,132.01,4444.084099019564,182800.31,180378.02,180378.02,235495.99,205494.69396449704,-2422.2899999999936,-0.0445531469939881,0.9573471707761324,0.8030581411318345,0.1969418588681653,3.317690466271401,3.779661108572824,-2422.290000000008,LIQUIDITY_STRESS,SPENDING_PRESSURE,True,SPENDING_PRESSURE->LIQUIDITY_STRESS,3,1,29901.51125,10475.500103561968,8616.658750000013,1.2881680018764945,14.0,-0.2628883676284808,28501.633333333342,8843.81948307593,21771.480000000003,38518.17000000001,54708.88333333334,811.3756749085069,193737.0187351571,155069.57,0.1446367912521171,158.33333333333334,7934.580000000002,0.5275743845490333,-0.2139791564345025,-0.0227635481261795,-0.0132510169156715,0.3693963461244522,180378.02,3.317690466271401,1.0445531469939882,0.1395262518496447,1,0.503737982683403,True,2026-09-30,180378.02,2026-10-30,177950.04,197906.01000000007,17527.990000000005,63123.55,45595.56,29,18272.67,13.325998335218662,167,12056.240000000013,33539.319999999985,False,False,False,0.9865394907871814,0,5.5500486400442656e-05,0.6355,0.8396000000000001,0.7876,0.8396000000000001,SPENDING_PRESSURE,0.8396000000000001,0.7522249999999999,True,SPENDING_CONTROL,0,1,SPENDING_CONTROL_MEDIUM,0.1487078495095696,0,-0.0362495972926377,0.008715827840544,0.0101222947987441,0.37520210682514626,0.2414513399181449,-0.13375076690700136,0.13375076690700136,in_sample
151,2026-09-01,100690.51,0.0,100690.51,94337.12,69212.37,41944.310000000005,27268.06,25124.75,158,157,1,5.266666666666667,5.233333333333333,1234.352088607595,260.64,8197.672225766408,351672.81,358026.2,265930.64,366621.15,315190.8565822785,6353.389999999999,0.0630982006149338,1.067347720600332,0.6060233163522649,0.3939766836477352,2.641069550645836,3.13029357565354,6353.390000000014,SPENDING_PRESSURE,STABLE,True,STABLE->SPENDING_PRESSURE,2,1,57878.3875,4707.479714851223,11333.982499999998,1.195824088914018,-54.0,-0.1287841736329682,60827.696666666656,8039.388551527616,53185.04,69212.37,100279.36,3189.770707919283,300711.25523700326,241156.71,0.1432156536759694,186.3333333333333,14326.91333333333,0.301350342126282,0.4661776550887566,0.0390753937275003,0.0180661962464485,0.4161970077544316,265930.64,2.641069550645836,0.9369017993850662,0.270810625549518,0,0.2812512330836169,True,2026-09-30,358026.2,2026-10-30,286976.4700000002,382447.4900000001,24421.29,100984.54,76563.25,29,25124.75,18.2692659628454,146,12692.449999999995,63870.8,False,False,False,0.8015515903584716,0,0.0001264475227786,0.68455,0.8917,0.8218,0.8917,SPENDING_PRESSURE,0.8917,0.7522249999999999,True,SPENDING_CONTROL,0,1,SPENDING_CONTROL_HIGH,0.1487078495095696,0,-0.0014498390829528,-0.0123974989041002,0.0148293846380204,0.10770628854799583,0.07043761228634604,-0.037268676261649786,0.037268676261649786,in_sample
153,2026-09-01,20000.0,0.0,20000.0,17823.44,15784.8,8263.5,7521.299999999999,2038.64,115,114,1,3.8333333333333335,3.8,328.8994782608695,93.61,1868.384715840314,63480.37,65656.93,50076.05,70076.05,61449.611217391306,2176.5600000000013,0.108828,1.12211784032712,0.5235099589478486,0.4764900410521513,2.5038025,3.072480560869565,2176.5599999999904,STABLE,STABLE,False,NO_CHANGE,6,0,14965.835,2642.493745942052,818.965000000002,1.0547223058385986,-27.0,-0.1408438051521149,14098.01,1565.085169663302,12692.88,15784.8,20376.91333333333,652.8330433834783,57662.41760475662,42954.7,0.207307935050705,122.66666666666669,4240.263333333335,0.1424725054012097,0.1031906327142158,-0.0535116138857418,0.0342871347473241,0.0539606782981409,50076.05,2.5038025,0.891172,0.376065,0,0.3464218506451044,True,2026-09-30,65656.93,2026-10-30,54478.66999999996,69831.9699999999,4175.040000000001,20000.0,15824.96,28,2038.64,42.016702311344815,111,7357.289999999999,8467.67,False,False,False,0.8297474463091705,0,7.256059651884744e-05,0.6595,0.78125,0.4686999999999999,0.78125,SPENDING_PRESSURE,0.78125,0.7522249999999999,True,SPENDING_CONTROL,1,0,SPENDING_CONTROL_LOW,0.1487078495095696,1,0.0113186407967833,0.0080140602821634,-0.0745212083451273,0.29273443341601957,0.3329871279375929,0.04025269452157332,0.04025269452157332,in_sample
160,2026-09-01,189185.61,49950.77,239136.38,156949.37000000002,142095.14999999997,85840.92,56254.23,14854.22,136,134,2,4.533333333333333,4.466666666666667,2912.395220588235,968.51,16680.094555453994,703523.22,785710.23,699134.32,936694.08,857818.1608823529,82187.00999999995,0.3436825881532536,1.523653009884652,0.6041087257376485,0.3958912742623517,2.9235799253965458,3.5871503987906523,82187.01000000001,RECOVERY,RECOVERY,False,NO_CHANGE,2,0,105290.47625,9546.858322858952,36804.67374999997,1.34955368292391,-8.0,-0.0706054360257319,113721.38,25330.80715987745,93382.53,142095.14999999997,207362.48666666663,28316.29271105477,762691.3644900471,546005.11,0.3832194227882288,146.33333333333334,78786.88666666664,0.5216459652570986,0.3749212687625982,0.2940617823473532,0.1168220289871881,0.638065135697664,699134.32,2.9235799253965458,0.6563174118467464,0.2352391133461165,0,0.234559931501681,True,2026-09-30,785710.23,2026-10-30,776923.37,845791.1699999997,60080.93999999999,185108.18,125027.24,29,14854.22,65.35640444264324,139,47263.82000000001,77763.42,False,False,False,0.9888166659100264,0,4.357559534348776e-05,0.2236,0.9214,0.28165,0.9214,SPENDING_PRESSURE,0.9214,0.7522249999999999,True,SPENDING_CONTROL,1,0,SPENDING_CONTROL_HIGH,0.1487078495095696,0,0.0675678848328094,0.0268083163878371,-0.0737834140684692,0.16836942782373582,0.027512271479741054,-0.14085715634399476,0.14085715634399476,in_sample
164,2026-09-01,56100.34,0.0,56100.34,39005.13999999999,20341.95,9765.0,10576.95,18663.19,90,89,1,3.0,2.966666666666667,1056.7275555555557,216.06,5977.825508060303,204330.58,221425.78,165974.6,222074.94,180794.5585555556,17095.200000000004,0.3047254259065097,1.4382806983900072,0.4800424738041339,0.5199575261958663,2.958531089116394,3.222699872327968,17095.20000000001,SPENDING_PRESSURE,STABLE,True,STABLE->SPENDING_PRESSURE,2,1,19782.6225,3315.010990081976,559.3274999999958,1.0282736780727628,-6.0,0.0193248190887782,20706.14,5336.822907133047,15560.740000000002,26215.73,54042.74,5422.614063429194,167121.6964076646,133337.36,0.2727179462803432,89.0,14673.410000000002,0.3072610942667249,0.2975591982746566,0.1713812213068148,0.0836644226233782,0.7136960857775467,165974.6,2.958531089116394,0.6952745740934902,0.1885362905108953,0,0.2158613649306805,True,2026-09-30,221425.78,2026-10-30,221425.78,242419.3800000001,20993.6,56100.34,35106.74,27,18663.19,14.870240296540944,75,6656.759999999995,28449.980000000003,False,False,False,1.0,0,3.911480317062032e-05,0.3076,0.7640999999999999,0.4263999999999999,0.7640999999999999,SPENDING_PRESSURE,0.7640999999999999,0.7522249999999999,True,SPENDING_CONTROL,0,1,SPENDING_CONTROL_LOW,0.1487078495095696,0,0.009611944280788,-0.0057774120807304,0.0411789374597283,0.14337781534164779,0.2581507863625637,0.11477297102091594,0.11477297102091594,in_sample
165,2026-09-01,21593.74,0.0,21593.74,18995.689999999995,6032.619999999999,2959.2000000000003,3073.42,12963.07,132,131,1,4.4,4.366666666666666,307.49568181818177,21.155,2006.2511678066344,96402.4,99000.45,78016.65,99610.39,86572.6387878788,2598.0500000000065,0.1203149616509232,1.13677049899214,0.4905331348568285,0.5094668651431716,3.6129290248007058,4.009154448830022,2598.050000000003,SPENDING_PRESSURE,STABLE,True,STABLE->SPENDING_PRESSURE,2,1,4114.01125,372.679246056272,1918.60875,1.4663596265080705,-21.0,-0.1216465207984366,4573.509999999999,1271.9475260795937,3698.7,6032.619999999999,21882.890000000003,254.84953972884668,81786.85319216416,69686.18,0.1981099927995458,145.66666666666666,4346.310000000002,0.6310108957201177,4.4699841600370185,-0.0175781649864353,0.0269500551853481,0.7038348383052411,78016.65,3.6129290248007058,0.8796850383490769,0.1423292120772038,0,0.2898652714098854,True,2026-09-30,99000.45,2026-10-30,82152.57,108062.01,9061.56,26179.11,17117.55,27,12963.07,9.656629178119072,124,772.1200000000008,16345.429999999998,False,False,False,0.8298201674840873,0,5.367135526922648e-05,0.53595,0.7962,0.6255000000000001,0.7962,SPENDING_PRESSURE,0.7962,0.7522249999999999,True,SPENDING_CONTROL,0,1,SPENDING_CONTROL_LOW,0.1487078495095696,1,0.0616997402316931,0.0003155861423598,-0.0552888702260211,0.480308395258972,0.3849903056419507,-0.09531808961702132,0.09531808961702132,in_sample
172,2026-09-01,117674.51,24924.16,142598.66999999998,119877.91,76717.56,57272.630000000005,19444.93,43160.35,147,145,2,4.9,4.833333333333333,1785.5549659863946,465.5,10242.96131860202,312622.9,335343.66,194983.48,336731.77,239038.8897278912,22720.75999999998,0.1593336038828411,1.189532500191236,0.7465387324622943,0.2534612675377058,1.3673583351092968,1.6763051838273892,22720.75999999995,SPENDING_PRESSURE,STABLE,True,STABLE->SPENDING_PRESSURE,3,1,62532.4975,6578.597663327323,14185.0625,1.2268430506873649,-17.0,-0.071614913339532,65770.00333333334,9594.923891393486,58821.16,76717.56,130500.95,13276.541671203384,221317.7124634976,167451.51,0.1626705175600669,150.66666666666666,21570.596666666654,0.3042510552325048,0.6104808766613188,0.075349037346255,0.0726778492554447,0.3520099736556105,194983.48,1.3673583351092968,0.8406663961171589,0.1363612297365746,0,0.1710291771359925,True,2026-09-30,335343.66,2026-10-30,335343.66,369522.7099999999,34179.04999999999,142598.66999999998,108419.62,28,43160.35,11.073643517719388,140,15242.059999999983,93177.56,False,False,False,1.0,0,5.85930898329436e-05,0.6854,0.8231499999999999,0.7403000000000001,0.8231499999999999,SPENDING_PRESSURE,0.8231499999999999,0.7522249999999999,True,SPENDING_CONTROL,0,1,SPENDING_CONTROL_MEDIUM,0.1487078495095696,0,0.0591845501822425,-0.0180379834974429,-0.0388315913105581,0.11503354122819338,0.07324458187415306,-0.041788959354040325,0.041788959354040325,in_sample
174,2026-09-01,46116.79,0.0,46116.79,33336.29,31162.06,13676.89,17485.170000000002,2174.23,181,180,1,6.033333333333333,6.0,438.9672928176796,147.42,3416.7332435692083,121900.83,134681.33,93775.56,139892.35,112210.74220994476,12780.5,0.2771333390723856,1.3833809941058228,0.4388955672378526,0.5611044327621474,2.033436412204752,2.433186312619433,12780.499999999984,STABLE,STABLE,False,NO_CHANGE,3,0,28883.595,6762.070669174813,2278.465,1.078884397873603,-2.0,-0.0243689115310625,29932.08333333333,1952.399600756308,27680.87,31162.06,45316.37333333333,2282.117191827226,100977.9295438352,67351.39,0.2917160297450641,190.0,13210.059999999998,0.1257615819155975,0.0357746019992595,0.078960513426296,0.1048434206723611,0.231483682162033,93775.56,2.033436412204752,0.7228666609276144,0.3791497630255706,0,0.3899179815913708,True,2026-09-30,134681.33,2026-10-30,104353.84000000004,146682.38,12001.049999999996,46065.1,34064.05,28,2174.23,83.13123726560667,173,20780.09,13283.960000000005,False,False,False,0.774820385275376,0,3.765515833595929e-05,0.41325,0.80365,0.1553999999999999,0.80365,SPENDING_PRESSURE,0.80365,0.7522249999999999,True,SPENDING_CONTROL,0,1,SPENDING_CONTROL_LOW,0.1487078495095696,0,-0.0147357707076599,-0.0005642062314223,-0.0077953317601364,0.13152558971152062,0.15361622151440962,0.022090631802889005,0.022090631802889005,in_sample
179,2026-09-01,56915.12,0.0,56915.12,59444.530000000006,32094.03,15988.21,16105.820000000003,27350.500000000004,202,201,1,6.733333333333333,6.7,576.0378712871287,90.12,4242.3812118135,184427.11,181897.7,125946.84,184328.97,145747.1544059406,-2529.4100000000035,-0.0444417933231099,0.957449238811376,0.4981677277674383,0.5018322722325617,2.212888947611812,2.560780938456083,-2529.4099999999744,LIQUIDITY_STRESS,RECOVERY,True,RECOVERY->LIQUIDITY_STRESS,1,1,21614.1775,4154.131730835663,10479.852500000005,1.484860110915625,-2.0,-0.1802467121370892,24950.353333333333,6362.932273443847,19890.96,32094.03,58489.74,1796.23479754179,143946.24185380092,117868.53,0.1032724744791741,191.3333333333333,6188.88666666667,0.4035656323976968,1.4681130814826626,-0.0205271537042031,-0.0137149576328554,0.253994671518986,125946.84,2.212888947611812,1.04444179332311,0.2829796370454811,1,0.3739383400844707,True,2026-09-30,181897.7,2026-10-30,135095.69000000003,189416.04,7518.340000000004,54917.37,47399.03,29,27350.500000000004,8.658527997660006,221,4284.100000000006,43114.92999999999,False,False,False,0.7427014745101231,0,4.29729950479763e-05,0.77315,0.9058,0.8663000000000001,0.9058,SPENDING_PRESSURE,0.9058,0.7522249999999999,True,SPENDING_CONTROL,1,0,SPENDING_CONTROL_HIGH,0.1487078495095696,1,0.0579141143464667,0.0137466117028651,-0.132788178740922,0.1987925050544771,0.3099580501824353,0.11116554512795818,0.11116554512795818,in_sample
192,2026-09-01,57966.93,17012.16,74979.09,60721.19,26660.44,11024.41,15636.03,34060.75000000001,151,149,2,5.033333333333333,4.966666666666667,898.6773509933773,161.08,5168.38717978258,94820.74,109078.64,39730.14,114078.87,64273.52688741721,14257.899999999994,0.1901583494811686,1.2348092980391194,0.4135119300356633,0.5864880699643367,0.5298829313612635,0.8572193512540258,14257.899999999994,SPENDING_PRESSURE,SPENDING_PRESSURE,False,NO_CHANGE,2,0,19280.00375,6927.598088541917,7380.436250000002,1.382802635606334,-7.0,0.0407298997922233,18095.623333333333,7960.545869363059,10923.02,26660.44,62370.06,11503.149159421511,61169.50945682752,35959.42,0.1606382299922995,152.33333333333334,10213.686666666666,0.5961076211384384,0.5837947999039759,0.256301312229181,0.150366892306472,0.0669142295672429,39730.14,0.5298829313612635,0.8098416505188314,0.2085385405451039,0,0.237242630644396,True,2026-09-30,109078.64,2026-10-30,39674.4,110180.88,1102.2400000000052,74787.23,73684.98999999999,29,34060.75000000001,5.398174438319765,158,31278.05999999999,42406.93,False,False,False,0.3637229067029072,0,0.0004108245277561,0.6013,0.88835,0.5580999999999999,0.88835,SPENDING_PRESSURE,0.88835,0.7522249999999999,True,SPENDING_CONTROL,1,0,SPENDING_CONTROL_MEDIUM,0.1487078495095696,1,0.0712035405739135,0.0334631983726501,-0.129336599100719,0.06379611266768481,0.24614006359459012,0.1823439509269053,0.1823439509269053,in_sample
199,2026-09-01,42480.63,13634.69,56115.32,38045.10999999999,25187.66,19664.22,5523.4400000000005,12857.45,67,65,2,2.2333333333333334,2.1666666666666665,1405.3795522388057,413.77,5398.3068078239385,175468.46,193538.67,167137.86,223253.18,204820.7152238806,18070.210000000006,0.3220191919069517,1.4749680050865934,0.7807084897922237,0.2192915102077763,2.9784711198296647,3.649996386439222,18070.21000000002,RECOVERY,RECOVERY,False,NO_CHANGE,7,0,16022.7,2911.8446904521343,9164.96,1.5719984771605284,-11.0,0.0762674080340735,20848.58333333333,4456.670625773606,16282.96,25187.66,47419.80000000001,8740.48168311107,188687.4657739276,145232.29,0.2845122668525328,74.0,13713.76666666667,0.5468723131420821,0.485910131523374,0.4524462767477397,0.1029826670844435,0.7742573873978517,167137.86,2.9784711198296647,0.6779808080930483,0.0984301613178005,0,0.248245744414814,True,2026-09-30,193538.67,2026-10-30,186362.39,204584.7500000002,11046.080000000002,36159.25,25113.17,26,12857.45,17.864967003566026,74,2933.819999999996,22179.35,False,False,False,0.9629206917666636,0,3.343714903404225e-05,0.2491,0.7981,0.2734,0.7981,SPENDING_PRESSURE,0.7981,0.7522249999999999,True,SPENDING_CONTROL,0,1,SPENDING_CONTROL_LOW,0.1487078495095696,1,0.0492639715063737,-0.0094109094054726,-0.0316345807341326,0.2824349591066849,0.11661055364572995,-0.16582440546095498,0.16582440546095498,in_sample
202,2026-09-01,40185.99,0.0,40185.99,42266.670000000006,25123.9,8208.94,16914.960000000003,17142.77,103,102,1,3.433333333333333,3.4,800.5112621359223,103.76,4298.3267133610825,136275.3,134194.62,99352.09,139538.08,123263.96757281554,-2080.680000000008,-0.051776253365912,0.9507725590873376,0.3267382850592464,0.6732617149407538,2.4723066421904747,3.0673368398492995,-2080.679999999993,LIQUIDITY_STRESS,RECOVERY,True,RECOVERY->LIQUIDITY_STRESS,2,1,14626.84875,4031.562229201824,10497.05125,1.7176563748907296,-7.0,-0.2965535222533514,17712.606666666663,6422.482594529417,13777.11,25123.9,41246.52,946.006870958232,117278.46781467588,90463.42,0.1522914048563766,111.0,6391.143333333331,0.7647141459357816,2.3129106873204246,-0.032830486569226,-0.0152682107469217,0.7313472061349089,99352.09,2.4723066421904747,1.051776253365912,0.420916841914309,1,0.6578523998113297,True,2026-09-30,134194.62,2026-10-30,109677.68,147078.34999999998,12883.73,41896.89,29013.16,29,17142.77,10.27205696628958,102,2820.119999999999,26193.04,False,False,False,0.8173031079785464,0,5.072169632445746e-05,0.73825,0.95775,0.7738,0.95775,SPENDING_PRESSURE,0.95775,0.7522249999999999,True,SPENDING_CONTROL,1,0,SPENDING_CONTROL_HIGH,0.1487078495095696,0,0.1048017471242365,0.0226549912411446,-0.157956277113623,0.22975610869570082,0.13185889076258483,-0.09789721793311598,0.09789721793311598,in_sample
206,2026-09-01,28587.54,4439.09,33026.630000000005,28031.02,19671.15,8107.75,11563.4,8359.869999999999,105,103,2,3.5,3.433333333333333,581.5014285714286,95.32,2939.4187965079573,80296.6,85292.21,62126.36,95152.99,71574.96495238095,4995.610000000004,0.1512600589282044,1.1782172036550935,0.4121645150385208,0.5878354849614792,1.881098979823252,2.1671894756558854,4995.610000000001,RECOVERY,RECOVERY,False,NO_CHANGE,3,0,11489.73875,2696.522872968273,8181.411250000001,1.7120624261365387,-23.0,-0.1971709575250556,13093.706666666669,5725.443051715155,9227.38,19671.15,30228.47666666667,2424.1242699237505,61845.31942857142,42907.57,0.2970008669823056,113.66666666666669,8774.900000000001,0.8946284116005738,3.133638856219548,0.1481485215427576,0.0622144648714888,0.7694346946408299,62126.36,1.881098979823252,0.8487399410717956,0.3501235215339863,0,0.605195716734251,True,2026-09-30,85292.21,2026-10-30,67807.15999999996,96369.78999999996,11077.580000000002,29531.43,18453.85,28,8359.869999999999,13.735098751535611,105,2253.2499999999964,16200.600000000002,False,False,False,0.794998277099397,0,4.577415166754953e-05,0.65585,0.9451,0.4457,0.9451,SPENDING_PRESSURE,0.9451,0.7522249999999999,True,SPENDING_CONTROL,0,1,SPENDING_CONTROL_HIGH,0.1487078495095696,0,0.1168248314183311,-0.0215169185828812,-0.0236762423875269,0.15226829642526113,0.13076087586449323,-0.021507420560767904,0.021507420560767904,in_sample
209,2026-09-01,30312.45,0.0,30312.45,26711.22,13632.06,4699.56,8932.5,13079.16,117,116,1,3.9,3.866666666666666,487.38179487179485,106.89,2889.204410976828,50683.26,54284.49,41353.85,71666.3,59773.3552991453,3601.23,0.1188036598823255,1.1348208730263911,0.3447432009542211,0.6552567990457788,1.364252971963665,1.971907757345424,3601.229999999996,SPENDING_PRESSURE,SPENDING_PRESSURE,False,NO_CHANGE,2,0,10849.62125,2570.247276227593,2782.43875,1.2564549200277382,-12.0,0.0056436100150789,13788.206666666669,1449.4816734727456,12423.120000000004,15309.44,28914.69,1325.7010427694424,56588.88915716827,37957.07,0.0687295709312687,124.66666666666669,2047.3233333333312,0.0973137182929888,0.2219562243502051,0.054113265417899,0.0710536378283479,0.2858457612677806,41353.85,1.364252971963665,0.8811963401176744,0.294680898442719,0,0.112805305697374,True,2026-09-30,54284.49,2026-10-30,44861.21000000001,61985.32999999999,7700.840000000004,29506.16,21805.32,29,13079.16,6.406424418693555,82,4064.149999999994,17741.170000000002,False,False,False,0.8264093482318801,0,5.342696982522266e-05,0.73035,0.77735,0.54405,0.77735,SPENDING_PRESSURE,0.77735,0.7522249999999999,True,SPENDING_CONTROL,0,1,SPENDING_CONTROL_LOW,0.1487078495095696,1,0.0698584421545071,-0.0146899839761219,-0.0107842510206142,0.3023662602964311,0.3270467398738645,0.024680479577433412,0.024680479577433412,in_sample
212,2026-09-01,73901.87,0.0,73901.87,75486.66,61607.27,28200.000000000004,33407.27,13879.39,101,100,1,3.3666666666666667,3.333333333333333,1479.0943564356437,288.34,7800.517438190547,440032.95,438448.16,365243.14,439730.87,410993.04346534656,-1584.790000000008,-0.0214445182510267,0.9790056945160904,0.4577381857693094,0.5422618142306906,4.94227196145375,5.561334827729618,-1584.7900000000373,LIQUIDITY_STRESS,SPENDING_PRESSURE,True,SPENDING_PRESSURE->LIQUIDITY_STRESS,1,1,26784.105,5318.887246961129,34823.16499999999,2.300142939254457,-31.0,-0.3594627278619522,41489.82333333333,18308.22281053061,25804.620000000003,61607.27,75890.34999999999,1723.1752264061788,384295.2854534176,338026.54,0.2666698371205736,109.0,20521.13666666666,0.6624741820701727,2.537575382139132,-0.0395641473039987,-0.0036015257493786,0.2263910310685304,365243.14,4.94227196145375,1.0214445182510268,0.4520490482852463,1,0.6988129627475106,True,2026-09-30,438448.16,2026-10-30,438037.05,464115.16000000015,25666.999999999985,73901.87,48234.87000000001,29,13879.39,36.914448689747886,141,9651.390000000014,38583.48,False,False,False,0.9990623520919782,0,8.52340822961739e-05,0.5402,0.97315,0.7134499999999999,0.97315,SPENDING_PRESSURE,0.97315,0.7522249999999999,True,SPENDING_CONTROL,1,0,SPENDING_CONTROL_HIGH,0.1487078495095696,0,0.0773546277211709,0.0171684043743094,-0.0919776604013433,0.39106825400105044,0.0807955485077586,-0.31027270549329183,0.31027270549329183,in_sample
222,2026-09-01,26201.23,0.0,26201.23,24843.65,15057.86,7912.96,7144.9,9785.79,119,118,1,3.966666666666667,3.933333333333333,428.9485714285715,83.04,2532.994468163707,58524.66,59882.24,35495.45,61696.68,46064.6942857143,1357.579999999998,0.0518135980639076,1.054644949514262,0.5255036240209433,0.4744963759790568,1.3547245682740847,1.7581119010716024,1357.5799999999945,RECOVERY,RECOVERY,False,NO_CHANGE,2,0,8445.1375,995.101827650244,6612.722499999998,1.7830212947983377,-14.0,-0.2564684957978281,10729.61,4118.398679717639,6859.35,15057.86,25727.706666666665,1485.2018673006494,41349.413675784286,26100.18,0.2049923388799481,122.66666666666669,5212.306666666666,1.1952313265834222,4.73864503433597,0.0888379403145347,0.0231967174179226,1.5274350101309055,35495.45,1.3547245682740847,0.9481864019360924,0.2726933048562987,0,0.4904100541050387,True,2026-09-30,59882.24,2026-10-30,42341.41999999998,67944.21999999996,8061.979999999996,26718.86,18656.880000000005,27,9785.79,8.849678973286776,104,2165.670000000005,16491.21,False,False,False,0.7070780919351043,0,3.856536132197776e-05,0.8572000000000001,0.9266,0.6043000000000001,0.9266,SPENDING_PRESSURE,0.9266,0.7522249999999999,True,SPENDING_CONTROL,1,0,SPENDING_CONTROL_HIGH,0.1487078495095696,0,0.0623581810772939,0.0248718959804146,-0.1208146346075481,0.29295352280516684,0.2880543487598015,-0.004899174045365329,0.004899174045365329,in_sample
232,2026-09-01,14000.0,0.0,14000.0,20862.98,9404.56,1701.45,7703.11,11458.42,130,129,1,4.333333333333333,4.3,268.1767692307692,20.0,1481.13998604742,48269.38,41406.4,41406.4,58208.89,49442.38269230769,-6862.98,-0.4902128571428571,0.6710450760150276,0.180917554888267,0.819082445111733,2.9576,3.531598763736264,-6862.979999999996,LIQUIDITY_STRESS,LIQUIDITY_STRESS,False,NO_CHANGE,2,0,6826.37,1818.3516612109363,2578.19,1.377680963674691,3.0,-0.4792871428571426,6256.259999999999,3374.059746418252,2694.5400000000004,9404.56,16297.696666666665,3979.727367048312,50858.97359360749,41406.4,-0.122932881562414,124.33333333333331,-1416.9833333333336,2.490228387776763,7.6881753174979135,0.0,-0.1421808193931638,3.0862299950502754,41406.4,2.9576,1.490212857142857,0.5502221428571429,1,0.6295924113808847,True,2026-09-30,41406.4,2026-10-30,37132.45999999999,43417.75999999999,2011.3600000000008,20000.0,17988.64,29,11458.42,5.359063465992693,131,2544.6799999999985,15443.96,False,False,False,0.8967806909076855,0,0.0005970542526631,0.69025,0.92815,0.6889000000000001,0.92815,SPENDING_PRESSURE,0.92815,0.7522249999999999,True,SPENDING_CONTROL,1,0,SPENDING_CONTROL_HIGH,0.1487078495095696,1,0.0777839279417327,-0.0057545326617557,-0.0678047446154404,0.30587911063768386,0.3666258780817802,0.06074676744409635,0.06074676744409635,in_sample
240,2026-09-01,47369.24,0.0,47369.24,38424.41,24239.01,19172.47,5066.54,14185.4,135,134,1,4.5,4.466666666666667,635.5085185185186,159.25,4146.22587227705,140402.64,149347.47,140294.19,187663.43,163297.03644444447,8944.829999999994,0.1888320353039228,1.2327903017899298,0.7909757865523385,0.2090242134476614,2.961715028571284,3.4473222801219627,8944.829999999987,RECOVERY,RECOVERY,False,NO_CHANGE,3,0,20010.35,2183.7620055373645,4228.66,1.2113236400162917,3.0,-0.0961366367427013,20448.09,3442.435038573716,17517.23,24239.01,45653.08666666667,1555.0863672906887,151493.96169916683,127688.62,0.2424899255591205,128.33333333333334,11019.596666666665,0.3837239106867922,-0.0590492321464057,0.0683810958694013,0.0637084174485607,0.4894415351748086,140294.19,2.961715028571284,0.8111679646960771,0.1069584396963092,0,0.3207183868115341,True,2026-09-30,149347.47,2026-10-30,139509.62999999998,160797.52000000005,11450.050000000005,45687.11,34237.06,29,14185.4,13.748965838115245,127,5175.309999999994,29061.750000000004,False,False,False,0.9341278429423676,0,4.405368453685159e-05,0.4658,0.7605999999999999,0.51755,0.7605999999999999,SPENDING_PRESSURE,0.7605999999999999,0.7522249999999999,True,SPENDING_CONTROL,1,0,SPENDING_CONTROL_LOW,0.1487078495095696,0,0.0489502367423434,0.0265249432441565,-0.0939163342351433,0.30485477346272255,0.2038337123189851,-0.10102106114373746,0.10102106114373746,in_sample
241,2026-09-01,56115.49,19539.16,75654.65,58847.54000000001,31160.33,20244.8,10915.53,27687.21,162,160,2,5.4,5.333333333333333,830.2604320987655,177.45499999999998,4812.11980885845,104030.06,120837.17,50546.08,126070.86,77132.17092592592,16807.109999999986,0.222155677146084,1.2856042920400748,0.6496978690533765,0.3503021309466235,0.6681159717215004,1.0195298098124297,16807.11,RECOVERY,RECOVERY,False,NO_CHANGE,5,0,16853.37875,3321.8290405069542,14306.951250000002,1.8489070032915509,-12.0,0.0652599127076004,19755.35,9893.195517950711,13487.05,31160.33,58783.52333333334,14688.794967036376,71199.57386114537,47276.71,0.1877571320744913,171.0,11340.963333333328,1.3103888544937554,0.9986285844024818,0.5491415232459327,0.1615601298317044,1.3877980852924532,50546.08,0.6681159717215004,0.7778443228539159,0.1442810190781399,0,0.4358729613268351,True,2026-09-30,120837.17,2026-10-30,80371.39000000004,128450.01000000004,7612.8399999999965,49762.52,42149.68,29,27687.21,6.161678623451045,192,4804.5899999999965,37345.09,False,False,False,0.6651214191792149,0,0.0003493472290526,0.55445,0.882,0.4806499999999999,0.882,SPENDING_PRESSURE,0.882,0.7522249999999999,True,SPENDING_CONTROL,0,1,SPENDING_CONTROL_MEDIUM,0.1487078495095696,0,0.0604752802180433,-0.0371946783598174,-0.0225778991253249,0.1227692455914106,0.09975385770938715,-0.023015387882023453,0.023015387882023453,in_sample
242,2026-09-01,139903.31,0.0,139903.31,119400.09,89765.23000000001,33356.08,56409.15,29634.86,145,144,1,4.833333333333333,4.8,1788.2993103448275,509.87,11733.908853659306,505256.95,525760.17,525760.17,645160.26,580206.8575862069,20503.22,0.1465527870641516,1.1717186310328578,0.3715924306103822,0.6284075693896177,3.7580252390025657,4.14719893036274,20503.22000000003,SPENDING_PRESSURE,STABLE,True,STABLE->SPENDING_PRESSURE,1,1,79194.4625,13779.83760976548,10570.767500000016,1.1334786191648187,0.0,-0.101529713311956,76648.14666666668,13455.259885681617,62878.46,89765.23000000001,132824.18999999997,8753.525494953448,545387.3559013474,474733.74,0.20187772567584,147.0,26541.18333333333,0.4275990537936205,0.2936519512399844,0.1370875787865604,0.0405797881652099,0.6141727933757074,525760.17,3.7580252390025657,0.8534472129358484,0.4032009678684514,0,0.3791107344080736,True,2026-09-30,525760.17,2026-10-30,523371.46,550287.6799999999,24527.51000000001,132737.97,108210.46,28,29634.86,22.22038977069573,143,52354.78,55855.67999999999,False,False,False,0.9954566546948582,0,6.29793562702443e-05,0.48545,0.9334,0.77345,0.9334,SPENDING_PRESSURE,0.9334,0.7522249999999999,True,SPENDING_CONTROL,1,0,SPENDING_CONTROL_HIGH,0.1487078495095696,0,0.072245557469136,0.0223906870139415,-0.1545448618370795,0.24587942532276003,0.050129863193757146,-0.19574956212900288,0.19574956212900288,in_sample
245,2026-09-01,235217.25,62449.49,297666.74,206590.16,190981.93,112476.07,78505.86,15608.23,106,104,2,3.533333333333333,3.466666666666667,4757.140566037736,1651.5,23406.25770718204,990028.5,1081105.08,926367.87,1222699.19,1075662.626698113,91076.58,0.3059682784848586,1.4408563312018343,0.5889356652747199,0.41106433472528,3.1120973408046866,3.613647351726676,91076.58000000007,SPENDING_PRESSURE,STABLE,True,STABLE->SPENDING_PRESSURE,4,1,159793.35,24694.444196761608,31188.580000000016,1.19518071308975,-9.0,-0.0130760907088544,172318.04,16802.795285079883,158394.98,190981.93,271869.88666666666,22604.553851076824,997326.863819725,779587.09,0.3089790586625494,111.33333333333331,83943.61666666667,0.2057322144931614,0.4042668279872921,0.1649086399426254,0.0919938971453853,0.2605262404827335,926367.87,3.1120973408046866,0.6940317215151415,0.2637374266268378,0,0.2506415970631099,True,2026-09-30,1081105.08,2026-10-30,1034334.9300000002,1196699.1699999997,115594.09000000004,259382.89,143788.8,27,15608.23,85.88340702308976,81,57980.22999999998,85808.57,False,False,False,0.956738571610449,0,3.504540890514585e-05,0.26945,0.8750500000000001,0.3626,0.8750500000000001,SPENDING_PRESSURE,0.8750500000000001,0.7522249999999999,True,SPENDING_CONTROL,0,1,SPENDING_CONTROL_MEDIUM,0.1487078495095696,0,0.0700139475380212,-0.0232694428879191,0.0324957984029959,0.22311143047628268,0.01721790615008161,-0.20589352432620106,0.20589352432620106,in_sample
250,2026-09-01,30577.85,0.0,30577.85,20206.56,16922.54,11131.77,5790.77,3284.02,135,134,1,4.5,4.466666666666667,376.1808148148148,109.49,2632.245655270632,163503.71,173875.0,144719.08,175296.93,155535.8417777778,10371.29,0.3391765608111755,1.5132635144230389,0.6578072795218683,0.3421927204781315,4.732807571493744,5.086552579000086,10371.290000000008,SPENDING_PRESSURE,SPENDING_PRESSURE,False,NO_CHANGE,4,0,13045.767500000002,2774.4086143318145,3876.772499999999,1.2971670697028748,2.0,-0.0312052948413758,12978.450000000004,4105.218669730031,8729.14,16922.54,27443.14,2749.85882461264,146293.86322238136,128934.9,0.4124334371225824,122.0,11180.67,0.2739355915947925,0.6611169597856614,0.162043059420754,0.0634315270277354,-0.2478260023308407,144719.08,4.732807571493744,0.6608234391888246,0.1893779320652041,0,0.2769681098604747,True,2026-09-30,173875.0,2026-10-30,156269.40999999997,186747.05,12872.050000000008,31412.66,18540.61,29,3284.02,62.51108702139451,99,3732.979999999992,14807.63,False,False,False,0.8987457081236517,0,3.1159661082508435e-05,0.2145,0.814,0.21765,0.814,SPENDING_PRESSURE,0.814,0.7522249999999999,True,SPENDING_CONTROL,0,1,SPENDING_CONTROL_MEDIUM,0.1487078495095696,0,-0.0018186585628765,-0.0164175835573867,-0.0161176028101829,0.3205312290739571,0.15207698279182685,-0.16845424628213024,0.16845424628213024,in_sample
252,2026-09-01,144679.43,0.0,144679.43,114834.24,71723.23999999999,36794.51,34928.73,43111.0,93,92,1,3.1,3.066666666666667,2790.4695698924734,506.96,15394.886608993917,521255.62,551100.81,485860.06,630539.49,574499.8003225807,29845.19,0.2062849570253352,1.2598980060302571,0.513006802258236,0.486993197741764,3.3581833989807675,3.970846445293438,29845.19000000006,RECOVERY,RECOVERY,False,NO_CHANGE,4,0,57927.80875,14278.428018272318,13795.431249999994,1.238148681051223,-4.0,-0.1625332055832512,58028.22,17851.782869024595,37838.26,71723.23999999999,144924.24000000002,16797.683004244966,533303.2365108548,382642.35,0.303350052294267,95.0,43785.02,0.8955216228230367,3.909747601965657,0.1281020785136564,0.0572563419076421,1.3090925018686383,485860.06,3.3581833989807675,0.7937150429746648,0.2414215344918071,0,0.4929975520815302,True,2026-09-30,551100.81,2026-10-30,514096.65000000014,610227.5900000002,59126.78,150649.44,91522.66,28,43111.0,16.27775393751015,94,13179.300000000005,78343.36,False,False,False,0.9328540997789498,0,5.768592098679352e-05,0.42515,0.9328,0.73295,0.9328,SPENDING_PRESSURE,0.9328,0.7522249999999999,True,SPENDING_CONTROL,1,0,SPENDING_CONTROL_HIGH,0.1487078495095696,0,0.0838787730985847,0.0527340099694841,-0.0418587406691226,0.2155841604252808,0.06441879916484719,-0.15116536126043362,0.15116536126043362,in_sample
255,2026-09-01,23122.8,0.0,23122.8,19767.03,8209.15,3380.7,4828.45,11557.88,83,82,1,2.7666666666666666,2.7333333333333334,516.7449397590361,68.35,2655.622625057631,68705.55,72061.32,49156.53,72279.33,55294.33120481929,3355.7700000000004,0.1451281851678862,1.1697660194778885,0.4118209558845921,0.5881790441154078,2.125890030619129,2.3913337141185016,3355.770000000004,SPENDING_PRESSURE,STABLE,True,STABLE->SPENDING_PRESSURE,2,1,7473.143749999999,2012.4607324363408,736.0062500000004,1.0984868315961405,3.0,-0.1417484203791913,7357.036666666666,1649.0071129420037,5456.309999999999,8405.65,24943.103333333333,2542.3252561844506,49702.54377355765,34538.44,0.2383751121987044,81.66666666666667,6028.186666666667,0.5045241197805845,0.4889526188383672,-0.030843688400327,0.0488427790767995,0.8554000187295059,49156.53,2.125890030619129,0.8548718148321137,0.2088177037383015,0,0.2820945225199208,True,2026-09-30,72061.32,2026-10-30,72061.32,77139.05000000003,5077.729999999996,23122.8,18045.070000000003,28,11557.88,8.235430719128422,86,3250.5500000000084,14794.519999999997,False,False,False,1.0,0,7.480653642525638e-05,0.6599,0.8089,0.54695,0.8089,SPENDING_PRESSURE,0.8089,0.7522249999999999,True,SPENDING_CONTROL,0,1,SPENDING_CONTROL_LOW,0.1487078495095696,0,0.0702458088374796,0.0037499289734906,0.0280742858740765,0.16470880516284547,0.32231509109508977,0.1576062859322443,0.1576062859322443,in_sample
261,2026-09-01,97845.15,22418.96,120264.11,91660.02000000002,42153.17,31310.4,10842.77,49506.850000000006,118,116,2,3.933333333333333,3.866666666666666,1795.9672033898305,325.35,9979.181209517275,214719.59,243323.68,124025.41,244289.52,153178.41322033896,28604.089999999967,0.2378439419707173,1.31206724589412,0.7427768777532034,0.2572231222467966,1.0312753322666257,1.2736835055806672,28604.09,SPENDING_PRESSURE,STABLE,True,STABLE->SPENDING_PRESSURE,1,1,28457.81,9281.24967436113,13695.359999999995,1.4812513682535655,-37.0,0.0499650917712912,29833.10666666667,10749.62437116913,22362.94,42153.17,99455.0,18029.73297603433,139744.38100597847,108713.43,0.198134088991102,142.0,20115.04333333332,0.8849565397036343,0.2966904571699185,0.3589719309454315,0.1332160237452018,0.989837777943236,124025.41,1.0312753322666257,0.7621560580292827,0.0901579864516521,0,0.3068549081979195,True,2026-09-30,243323.68,2026-10-30,242927.42,281048.09000000014,37724.40999999997,120264.11,82539.70000000001,29,49506.850000000006,7.344191561369789,141,12325.76000000001,70213.94,False,False,False,0.9983714696407682,0,0.0001028175764578,0.52685,0.814,0.5669,0.814,SPENDING_PRESSURE,0.814,0.7522249999999999,True,SPENDING_CONTROL,1,0,SPENDING_CONTROL_MEDIUM,0.1487078495095696,0,0.0926261739341584,0.0281395359728484,-0.0419996816583435,0.15567585940243622,0.11673629300141992,-0.0389395664010163,0.0389395664010163,in_sample
264,2026-09-01,20399.94,0.0,20399.94,21695.21,13760.78,5635.82,8124.96,7934.43,139,138,1,4.633333333333334,4.6,302.84280575539566,47.59,1845.659296893318,55607.37,54312.1,34571.54,55554.14,42908.932374100725,-1295.2700000000004,-0.0634938141974927,0.940296959559276,0.4095567257088624,0.5904432742911376,1.6946883177107386,2.1033852243732447,-1295.270000000004,LIQUIDITY_STRESS,RECOVERY,True,RECOVERY->LIQUIDITY_STRESS,2,1,8606.84625,2465.46337757624,5153.933749999998,1.5988179177709836,-2.0,-0.3358348526143532,8911.123333333333,4209.328683582851,6205.099999999999,13760.78,20201.45,199.9864297896248,41003.46546483028,30842.78,0.1672902414064559,141.33333333333334,3355.896666666667,1.0333653983973377,3.4015298438735817,0.0096775901894685,-0.0232931354243152,0.9427318872532786,34571.54,1.6946883177107386,1.0634938141974928,0.398283524363307,1,0.6004828258969941,True,2026-09-30,54312.1,2026-10-30,40310.15999999999,60659.80999999998,6347.710000000003,20740.45,14392.739999999998,28,7934.43,9.459097881007205,140,1380.229999999996,13012.510000000002,False,False,False,0.7421948331955492,0,0.000170473791375,0.8544,0.9409,0.60735,0.9409,SPENDING_PRESSURE,0.9409,0.7522249999999999,True,SPENDING_CONTROL,0,1,SPENDING_CONTROL_HIGH,0.1487078495095696,1,-0.0471132190580357,-0.0144908946877811,0.0501154833470954,0.2894856752278328,0.28531698081373785,-0.004168694414094953,0.004168694414094953,in_sample
273,2026-09-01,23730.36,0.0,23730.36,21321.98,11519.19,3121.89,8397.3,9802.79,102,101,1,3.4,3.3666666666666667,441.68960784313737,98.745,2438.383731932753,71432.59,73840.97,51196.76,74927.12,58869.34166666666,2408.3800000000047,0.1014894000765266,1.1129529246345793,0.2710164516775919,0.728983548322408,2.1574371395967025,2.4807605812413573,2408.3800000000047,SPENDING_PRESSURE,SPENDING_PRESSURE,False,NO_CHANGE,3,0,9863.0525,858.7711006473978,1656.1375000000007,1.167913280396713,37.0,-0.0832062137573998,10171.15,1167.448068780793,9492.02,11519.19,23164.39,935.5742138921972,57030.15342802519,46027.72,0.1375013084547292,81.0,3190.4500000000007,0.2122604775295089,0.367275462702898,0.0021982143151262,0.0337154231702925,0.2111837836329517,51196.76,2.1574371395967025,0.8985105999234734,0.3538631525185458,0,0.1990075007402498,True,2026-09-30,73840.97,2026-10-30,52340.59999999999,76494.75999999998,2653.790000000001,24743.6,22089.81,28,9802.79,10.056786894343343,104,9131.829999999996,12957.98,False,False,False,0.7088287166325143,0,4.8651203090147495e-05,0.7154499999999999,0.8193499999999999,0.56875,0.8193499999999999,SPENDING_PRESSURE,0.8193499999999999,0.7522249999999999,True,SPENDING_CONTROL,1,0,SPENDING_CONTROL_MEDIUM,0.1487078495095696,0,0.0334915431358396,0.0330160177981206,-0.0359101233310272,0.2698240918145351,0.32781631387102406,0.05799222205648896,0.05799222205648896,in_sample
275,2026-09-01,35411.16,11135.94,46547.100000000006,36283.14,16960.57,11232.739999999998,5727.829999999999,19322.57,88,86,2,2.933333333333333,2.8666666666666667,941.2527272727272,164.54,4150.009180909865,38651.15,48915.11,38598.41,74009.57,61808.77977272728,10263.960000000006,0.2205069703590557,1.2828851086206985,0.6622855246020622,0.3377144753979376,0.8292334001473776,1.3278760604361446,10263.96,SPENDING_PRESSURE,STABLE,True,STABLE->SPENDING_PRESSURE,4,1,11879.52,6776.877247706771,5081.049999999999,1.427715092865705,-11.0,0.0779032868781845,17713.906666666666,8260.08998505666,9856.29,26324.86,40139.36000000001,6262.9826387433,51436.71977324528,20691.48,0.0724380729953584,105.66666666666669,3102.8833333333387,0.7207864216657585,0.1210508597979382,0.367747474872135,0.265553806290369,1.3463764532936568,38598.41,0.8292334001473776,0.7794930296409442,0.1230544974874911,0,0.3959442607666426,True,2026-09-30,48915.11,2026-10-30,48284.28,54651.78999999999,5736.680000000008,35575.99,29839.30999999999,28,19322.57,4.372663677761293,88,3221.9199999999983,26617.389999999992,False,False,False,0.987103575970697,0,5.643241510950668e-05,0.5368999999999999,0.8166,0.4064,0.8166,SPENDING_PRESSURE,0.8166,0.7522249999999999,True,SPENDING_CONTROL,0,1,SPENDING_CONTROL_MEDIUM,0.1487078495095696,0,-0.0889960422810203,0.0061235666730175,-0.0043265212873544,0.22183209650606475,0.3747457969333778,0.15291370042731303,0.15291370042731303,in_sample
276,2026-09-01,25444.22,0.0,25444.22,29270.410000000003,8362.710000000001,1869.49,6493.219999999999,20907.7,116,115,1,3.866666666666666,3.8333333333333335,471.6778448275862,20.0,2612.6132520433835,80638.11,76811.92,72738.85,98183.07,85174.67629310346,-3826.1900000000014,-0.1503756059332926,0.8692812980754283,0.2235507389351059,0.7764492610648939,2.858757313055775,3.347505889082214,-3826.1900000000014,LIQUIDITY_STRESS,SPENDING_PRESSURE,True,SPENDING_PRESSURE->LIQUIDITY_STRESS,2,1,3729.82375,2319.30786465604,4632.886250000001,2.242119349473283,12.0,-0.2045986065208432,4522.276666666667,3328.7332636955666,2465.0599999999995,8362.710000000001,25317.75333333333,552.7198756452857,84180.31954733485,69247.29,-0.0042752873699651,103.66666666666669,-112.22333333333276,2.392497545698686,6.046512132656161,0.0295984746341566,-0.0474489047424351,2.492531864041476,72738.85,2.858757313055775,1.1503756059332926,0.255194303460668,1,0.390867447363765,True,2026-09-30,76811.92,2026-10-30,68838.91,78738.45000000003,1926.5299999999988,25632.69,23706.16,28,20907.7,4.899850772681835,108,942.390000000003,22763.77,False,False,False,0.8962008761140199,0,5.746562410740532e-05,0.69705,0.9108,0.8298,0.9108,SPENDING_PRESSURE,0.9108,0.7522249999999999,True,SPENDING_CONTROL,0,1,SPENDING_CONTROL_HIGH,0.1487078495095696,0,0.0641738982186239,-0.035040546282488,-0.047569112464631,0.3484965752023787,0.43060013410208625,0.08210355889970755,0.08210355889970755,in_sample
284,2026-09-01,24808.43,7455.87,32264.3,23348.95,19234.47,10217.319999999998,9017.149999999998,4114.48,158,156,2,5.266666666666667,5.2,351.98259493670884,114.305,2055.6442460221688,71321.88,80237.23,70141.26,102160.8,88665.10936708862,8915.349999999999,0.2763224368729524,1.381830874621771,0.5311984161767908,0.4688015838232089,2.1739588337574345,2.7480871851268622,8915.349999999991,SPENDING_PRESSURE,STABLE,True,STABLE->SPENDING_PRESSURE,3,1,16433.33625,1895.198909628051,2801.133750000001,1.1704543561566814,-20.0,0.0426560608247749,17290.853333333333,2003.928002906626,15231.62,19234.47,27791.806666666667,3885.722425113938,80093.760576487,59934.09,0.2259918059291659,185.0,6386.473333333334,0.2627987042743975,0.2344413961536773,0.2780466317898071,0.1250016124084221,0.3877436241806163,70141.26,2.1739588337574345,0.7236775631270476,0.2794776269747057,0,0.2929631639192849,True,2026-09-30,80237.23,2026-10-30,78433.99,87406.94000000005,7169.710000000003,26280.18,19110.47,29,4114.48,25.88842575489491,150,6875.579999999998,12234.89,False,False,False,0.9775261434124785,0,3.725987457804522e-05,0.36645,0.83785,0.1482,0.83785,SPENDING_PRESSURE,0.83785,0.7522249999999999,True,SPENDING_CONTROL,1,0,SPENDING_CONTROL_MEDIUM,0.1487078495095696,0,0.070626051832032,0.0349082698057213,-0.1171617976323192,0.13766216874211287,0.1643796652186815,0.026717496476568625,0.026717496476568625,in_sample
285,2026-09-01,151720.26,36159.35,187879.61,131313.30999999997,89095.11,34586.560000000005,54508.55,42218.2,125,123,2,4.166666666666667,4.1,2553.54336,547.83,14243.555888345298,380057.15,436623.45,436623.45,567171.76,485173.8698400001,56566.30000000005,0.3010773760920626,1.4307735445858465,0.3881981850631309,0.6118018149368691,2.323953355023464,2.5823657492156817,56566.29999999999,RECOVERY,RECOVERY,False,NO_CHANGE,6,0,61126.3325,10018.350462041077,27968.777500000004,1.457556937511342,-8.0,0.0425131711245321,68370.54333333333,18475.541793171687,53624.77999999999,89095.11,155252.78666666665,28337.46318669746,423394.4803962523,301995.51,0.2863240352529133,129.33333333333334,44664.04333333336,0.4279952762977919,0.8303664221747857,0.331619806021687,0.1488363000143531,0.2645081720150328,436623.45,2.323953355023464,0.6989226239079375,0.2901248836954685,0,0.2979408620736432,True,2026-09-30,436623.45,2026-10-30,434123.4900000001,482312.8400000003,45689.390000000014,139159.69,93470.3,28,42218.2,13.638268329772467,117,24303.44,69166.85999999999,False,False,False,0.994274334097264,0,4.9908077224957126e-05,0.3075,0.92885,0.4866,0.92885,SPENDING_PRESSURE,0.92885,0.7522249999999999,True,SPENDING_CONTROL,0,1,SPENDING_CONTROL_HIGH,0.1487078495095696,0,-0.0046125382979508,0.006601171387793,0.0357130171134338,0.04078242828343628,0.05101091813156572,0.010228489848129442,0.010228489848129442,in_sample
286,2026-09-01,58322.86,0.0,58322.86,55402.29,36449.01,18925.52,17523.49,18953.28,106,105,1,3.533333333333333,3.5,1072.8787735849055,219.48,5753.154370008509,108671.25,111591.82,53795.22,112118.08,76410.43669811322,2920.57,0.0500759050567821,1.0527156909940003,0.5192327583108567,0.4807672416891433,0.9223693762617264,1.3101284247396856,2920.570000000007,RECOVERY,RECOVERY,False,NO_CHANGE,2,0,29767.0675,5882.516402468176,6681.942500000005,1.2244743288871167,12.0,-0.1818552035250129,30328.853333333333,6531.416304403925,23452.08,36449.01,58557.17333333334,3469.9085311479525,66243.3550926152,34670.62,0.1589088984602519,99.0,9275.04,0.5541909289069455,0.9229998529505368,0.0563752889856179,0.0268752774997986,0.7997522795958686,53795.22,0.9223693762617264,0.9499240949432178,0.3004566305561833,0,0.4477102232242637,True,2026-09-30,111591.82,2026-10-30,111235.9,122347.90000000004,10756.080000000002,58322.86,47566.78,27,18953.28,8.964922166506273,89,12796.609999999991,34770.170000000006,False,False,False,0.9968105189072104,0,5.071578658956359e-05,0.89215,0.9161,0.7647999999999999,0.9161,SPENDING_PRESSURE,0.9161,0.7522249999999999,True,SPENDING_CONTROL,0,1,SPENDING_CONTROL_HIGH,0.1487078495095696,0,-0.0047316084377851,0.0185847291443843,-0.035285438441572,0.10614174121078537,0.21013564388966277,0.1039939026788774,0.1039939026788774,in_sample
296,2026-09-01,92270.08,0.0,92270.08,93535.34,47256.96,19668.45,27588.51,46278.38,135,134,1,4.5,4.466666666666667,1376.3364444444444,174.62,8636.284804316228,388417.48,387152.22,299101.49,391371.57,338288.388,-1265.2600000000093,-0.0137125707488278,0.9864729202887378,0.4162021848210295,0.5837978151789706,3.241586980308243,3.66628475882973,-1265.2600000000093,LIQUIDITY_STRESS,SPENDING_PRESSURE,True,SPENDING_PRESSURE->LIQUIDITY_STRESS,1,1,22471.43625,3639.518594986892,24785.52375,2.102979065256677,7.0,-0.259851890383756,29349.61333333333,16376.227133260378,15135.139999999998,47256.96,88066.33666666667,10134.309862868486,327086.11963378097,291255.5,0.1432350689917627,128.0,12438.343333333338,0.8418926176903225,2.2744062666904035,-0.0330344164833587,-0.0032574744061467,0.1467156982829036,299101.49,3.241586980308243,1.013712570748828,0.2989973564561773,1,0.458111952082568,True,2026-09-30,387152.22,2026-10-30,316614.2900000001,406226.5,19074.279999999984,92675.58,73601.30000000002,29,46278.38,10.36829292641618,129,8366.44000000001,65234.86000000001,False,False,False,0.8178031111380432,0,8.476207972749042e-05,0.6380999999999999,0.9551,0.945,0.9551,SPENDING_PRESSURE,0.9551,0.7522249999999999,True,SPENDING_CONTROL,1,0,SPENDING_CONTROL_HIGH,0.1487078495095696,0,0.0942391845585996,0.0374302631956758,-0.0662542661239394,0.21973603369434686,0.08189648347727403,-0.13783955021707284,0.13783955021707284,in_sample
320,2026-09-01,43131.39,8415.32,51546.71,43382.52,39718.73,19604.69,20114.04,3663.79,136,134,2,4.533333333333333,4.466666666666667,698.0090441176469,239.92,3746.882763281515,86094.85,94259.04,82586.95,133881.99,112398.43705882352,8164.189999999995,0.1583843081352814,1.1881907736111226,0.4935880376839843,0.5064119623160156,1.6021769381595838,2.1805162164340564,8164.189999999988,SPENDING_PRESSURE,SPENDING_PRESSURE,False,NO_CHANGE,3,0,24272.23625,2145.2214524375363,15446.493749999998,1.6363852753781596,-2.0,-0.0924290189128076,29461.13,9475.527736358536,21035.08,39718.73,42629.95,8519.31005666539,98036.42350601428,63769.94,0.2316024053243995,137.0,9505.03,0.4375437484029796,0.3562352376373743,0.2340667740967814,0.0948278555569814,0.124043633357066,82586.95,1.6021769381595838,0.8416156918647185,0.3902099668436646,0,0.2908683867744566,True,2026-09-30,94259.04,2026-10-30,90782.48999999996,104495.33000000005,10236.29,36827.29,26591.0,29,3663.79,35.77888743623406,161,10814.91,15776.09,False,False,False,0.9631170654825252,0,6.192570377023052e-05,0.6043,0.94415,0.29965,0.94415,SPENDING_PRESSURE,0.94415,0.7522249999999999,True,SPENDING_CONTROL,1,0,SPENDING_CONTROL_HIGH,0.1487078495095696,0,0.0719992457287119,0.0069599313633583,-0.1767795749493355,0.04415682229711331,0.013724372797824813,-0.0304324494992885,0.0304324494992885,in_sample
330,2026-09-01,53328.97,27832.18,81161.15,44247.48,27829.69000000001,21818.16,6011.53,16417.79,117,115,2,3.9,3.8333333333333335,1071.8686324786322,229.89,5567.39734607373,175974.22,212887.89,212887.89,251380.46,228275.99247863248,36913.66999999999,0.4548194548746536,1.8342547417389643,0.783988610724733,0.2160113892752667,2.623027027093628,2.8126263917974605,36913.67000000001,SPENDING_PRESSURE,SPENDING_PRESSURE,False,NO_CHANGE,7,0,16299.22875,4517.270797804602,11530.461250000006,1.7074237331628348,-4.0,0.0932130898463089,21828.166666666668,5586.881040977461,16778.129999999997,27829.69000000001,62802.85666666667,15981.533977357543,195437.96398318853,138772.84,0.3804639245314088,118.33333333333331,24556.9,0.6586884235609101,0.8345957592255764,0.5608171596684097,0.2097674875331172,0.8550103483113973,212887.89,2.623027027093628,0.5451805451253464,0.0740690589031821,0,0.3535990912049066,True,2026-09-30,212887.89,2026-10-30,212017.56,232109.28,19221.389999999992,53923.39,34702.00000000001,27,16417.79,16.25135173491682,92,3193.0900000000074,31508.91,False,False,False,0.9959117918825724,0,3.775410340693488e-05,0.1984,0.778,0.23935,0.778,SPENDING_PRESSURE,0.778,0.7522249999999999,True,SPENDING_CONTROL,1,0,SPENDING_CONTROL_LOW,0.1487078495095696,0,0.0432266335297977,0.0387550483726753,-0.0585087391867583,0.13443463126962388,0.0731672966571481,-0.06126733461247577,0.06126733461247577,in_sample
331,2026-09-01,92783.45,0.0,92783.45,80165.16999999998,39278.82000000001,22303.29,16975.530000000002,40886.35,120,119,1,4.0,3.966666666666667,1441.2385,294.71500000000003,8933.624075564854,174864.32,187482.6,187482.6,267647.77,211086.36091666663,12618.280000000012,0.1359970986204976,1.1574035207559594,0.5678197562961411,0.4321802437038587,2.0206470011623843,2.2750432422664457,12618.28,SPENDING_PRESSURE,SPENDING_PRESSURE,False,NO_CHANGE,3,0,35709.965,7008.791799013171,3568.8550000000105,1.09994003074492,-2.0,-0.0827997650882905,33919.37333333333,4855.450590185575,29813.94,39278.82000000001,89898.57666666666,3229.023915618033,192913.2078021741,141886.38,0.1678680895572524,114.33333333333331,15092.853333333342,0.3174649174178257,0.6857460347724542,0.0252111007736861,0.0721604041350458,0.4047567764391252,187482.6,2.0206470011623843,0.8640029013795023,0.1829585987587226,0,0.2628141654274222,True,2026-09-30,187482.6,2026-10-30,186143.52,199735.1200000001,12252.51999999999,93252.41,80999.89000000001,29,40886.35,6.866228215529144,109,18128.27000000001,62871.62,False,False,False,0.9928575771831624,0,5.263977245429782e-05,0.62745,0.8127,0.75975,0.8127,SPENDING_PRESSURE,0.8127,0.7522249999999999,True,SPENDING_CONTROL,0,1,SPENDING_CONTROL_LOW,0.1487078495095696,0,-0.0257733943221797,0.0004176261791144,0.0272306742408558,0.0668211681218073,0.2591242049740401,0.1923030368522328,0.1923030368522328,in_sample
333,2026-09-01,56867.06,12457.01,69324.06999999999,61951.3,34206.54,21543.77,12662.77,27744.76,148,146,2,4.933333333333334,4.866666666666666,886.9957432432432,218.965,4910.636813803594,63122.52,70495.29,13740.31,82065.52,46753.39736486486,7372.769999999997,0.106352238118737,1.1190091249094043,0.6298143571375532,0.3701856428624467,0.1982040292787195,0.6744179527379864,7372.769999999997,LIQUIDITY_STRESS,SPENDING_PRESSURE,True,SPENDING_PRESSURE->LIQUIDITY_STRESS,7,1,20877.35875,4062.635618664449,13329.18125,1.6384515114968747,-22.0,-0.0097369551430533,23845.620000000006,9905.118287188696,14469.940000000002,34206.54,57601.84,11551.002393684284,42858.58450875697,13740.31,0.1030990258742226,160.66666666666666,6011.459999999999,0.4963242080840297,0.3001177653133411,0.2108709637020291,0.1168009452094116,-0.083528921922038,13740.31,0.1982040292787195,0.8936477618812629,0.1826605102672131,0,0.3133873348076036,True,2026-09-30,70495.29,2026-10-30,30036.360000000022,78308.49,7813.199999999997,54046.85,46233.65,29,27744.76,4.488852669837476,160,7179.639999999999,39054.01,False,False,False,0.4260761250858039,0,0.0007705476249934,0.7208,0.8817,0.62225,0.8817,SPENDING_PRESSURE,0.8817,0.7522249999999999,True,SPENDING_CONTROL,1,0,SPENDING_CONTROL_MEDIUM,0.1487078495095696,0,0.0939891484687908,0.0238991433137703,-0.0641165518515557,0.1295049665517243,0.18764234183837117,0.058137375286646864,0.058137375286646864,in_sample
359,2026-09-01,80135.91,18032.2,98168.11,84587.99,55842.16,23071.42,32770.74,28745.83,145,143,2,4.833333333333333,4.766666666666667,1260.386896551724,334.39,7031.536715346808,180536.22,194116.34,103358.53,200748.07,138244.60096551722,13580.119999999995,0.1383353514700445,1.1605443042209656,0.4131541473324098,0.5868458526675903,1.052872771004759,1.408243481162235,13580.119999999995,SPENDING_PRESSURE,LIQUIDITY_STRESS,True,LIQUIDITY_STRESS->SPENDING_PRESSURE,1,1,43737.97375,8285.877256587062,12104.18625,1.276743187034356,-4.0,0.139320361821859,46950.70333333334,9107.747970296125,37641.07000000001,55842.16,83205.37000000001,12961.960777089243,140116.18682511765,103358.53,0.0856610341644513,146.33333333333334,7508.836666666665,0.1788786224204583,-0.0824604958745252,0.2910094067831048,0.0752210276696832,-0.079557442229138,103358.53,1.052872771004759,0.8616646485299555,0.3338226639995412,0,0.4377522218401096,True,2026-09-30,194116.34,2026-10-30,125248.15999999996,201875.56999999992,7759.229999999996,80674.84,72915.61,29,28745.83,9.559340606968036,144,28585.200000000004,44330.41,False,False,False,0.6452221384351258,0,7.762206423169784e-05,0.72485,0.87275,0.69065,0.87275,SPENDING_PRESSURE,0.87275,0.7522249999999999,True,SPENDING_CONTROL,1,0,SPENDING_CONTROL_MEDIUM,0.1487078495095696,0,0.0928956110518409,0.0585979547039269,-0.1370760468392862,0.062616264945652,0.04096562724190229,-0.02165063770374972,0.02165063770374972,in_sample
360,2026-09-01,139152.07,33308.03,172460.1,138697.09000000003,64359.95,42252.28,22107.67,74337.14,190,188,2,6.333333333333333,6.266666666666667,1637.6694210526316,325.7,10974.886510139528,309695.46,343458.47,181980.89,354356.34,235010.31331578945,33763.00999999998,0.1957728773206091,1.2434298369201544,0.6564995777653649,0.343500422234635,1.0552057548383655,1.3626938249240808,33763.00999999995,SPENDING_PRESSURE,SPENDING_PRESSURE,False,NO_CHANGE,3,0,60023.69125,20030.79568219498,4336.258750000008,1.072242453932721,-27.0,0.0747897567688432,52432.13,10874.608990506264,43069.33,64359.95,151522.16,18134.454657427697,223115.29607217424,159863.78,0.1609822119390489,188.66666666666663,24752.89,0.290629234379133,0.0757414444968884,0.2205326221230787,0.1090200353598982,0.1327958062761185,181980.89,1.0552057548383655,0.8042271226793909,0.1281900567145676,0,0.1886646012649201,True,2026-09-30,343458.47,2026-10-30,209966.47,372392.93000000005,28934.46000000002,170580.48,141646.02,29,74337.14,6.914968076522717,197,25411.29999999999,116234.72,False,False,False,0.6113300102920739,0,7.54000738010346e-05,0.5944,0.77075,0.65515,0.77075,SPENDING_PRESSURE,0.77075,0.7522249999999999,True,SPENDING_CONTROL,1,0,SPENDING_CONTROL_LOW,0.1487078495095696,1,0.0194684427872976,0.0386162514623248,-0.0881497583713004,0.14378707080819764,0.3019719041755798,0.15818483336738215,0.15818483336738215,in_sample
364,2026-09-01,63870.35,0.0,63870.35,53931.63,29736.44,17265.620000000006,12470.82,24195.19,207,206,1,6.9,6.866666666666666,569.0916908212561,129.56,4540.0381138948605,87254.64,97193.36,38268.49,102138.84,61169.13280193238,9938.72,0.1556077272161496,1.1842836940029442,0.5806216211490012,0.4193783788509989,0.5991589211582526,0.9577078065476764,9938.72,RECOVERY,RECOVERY,False,NO_CHANGE,3,0,21340.25,5756.971413750709,8396.190000000002,1.3934438443785806,1.0,0.0847007042841639,20534.85,9090.807865459486,11559.030000000002,29736.44,51111.73333333334,12694.207820507483,60864.51879086348,37306.6,0.117857512825934,206.66666666666663,6381.693333333334,1.57257226601194,1.768389600241524,0.659706004714298,0.1139047734309601,2.003416499231761,38268.49,0.5991589211582526,0.8443922727838504,0.1952521005443057,0,0.4577551111959891,True,2026-09-30,97193.36,2026-10-30,54001.04,101676.25,4482.889999999999,50098.53,45615.64,29,24195.19,6.087651719205346,196,9887.23999999999,35728.40000000001,False,False,False,0.5556042099995309,0,0.0003730776984414,0.6626500000000001,0.9045,0.55825,0.9045,SPENDING_PRESSURE,0.9045,0.7522249999999999,True,SPENDING_CONTROL,1,0,SPENDING_CONTROL_HIGH,0.1487078495095696,0,0.0756159218914633,0.0515039389186057,-0.1094371686946945,0.11285094692299633,0.26326912675235836,0.15041817982936204,0.15041817982936204,in_sample
373,2026-09-01,85921.52,0.0,85921.52,56513.4,44205.600000000006,31786.11,12419.49,12307.8,97,96,1,3.2333333333333334,3.2,1468.401237113402,391.25,8722.922709183313,404588.23,433996.35,351772.5,437694.02,380191.6387628866,29408.12000000001,0.3422672224606828,1.5203742829134332,0.7190516586133882,0.2809483413866116,4.094114024053578,4.42487096088252,29408.119999999995,SPENDING_PRESSURE,STABLE,True,STABLE->SPENDING_PRESSURE,2,1,37874.495,11020.08928394088,6331.1050000000105,1.1671601165903338,13.0,-0.0636849892562295,46490.93666666667,11595.784057718283,36207.97,59059.240000000005,85107.70000000001,3111.843023788312,357833.09254717827,289959.99,0.3115836118386719,91.33333333333331,26308.963333333337,0.2208803752323038,0.7051587977175746,0.0520597513328364,0.0726865435507106,0.6078015411667115,351772.5,4.094114024053578,0.6577327775393171,0.1445445797513824,0,0.3931983350253744,True,2026-09-30,433996.35,2026-10-30,360144.7900000001,447592.44000000006,13596.089999999982,90254.94,76658.85000000002,25,12307.8,42.5950446058597,77,9467.290000000008,67191.56000000001,False,False,False,0.8298336840851314,0,3.446231995157182e-05,0.21885,0.78115,0.3264,0.78115,SPENDING_PRESSURE,0.78115,0.7522249999999999,True,SPENDING_CONTROL,0,1,SPENDING_CONTROL_LOW,0.1487078495095696,1,-0.0045186357726266,0.0039579386255698,0.0758316986527289,0.3824157877575068,0.10121607581633495,-0.2811997119411718,0.2811997119411718,in_sample
375,2026-09-01,20828.38,0.0,20828.38,17098.4,8924.5,3818.89,5105.610000000001,8173.9,182,181,1,6.066666666666666,6.033333333333333,208.3889010989011,32.305,1592.797052115402,53490.25,57220.23,37449.92,58278.3,45727.74796703296,3729.98,0.1790816184456016,1.21814789687924,0.4279108073281416,0.5720891926718584,1.798023658104951,2.195453893535309,3729.980000000003,RECOVERY,RECOVERY,False,NO_CHANGE,4,0,6459.42625,814.4998019281963,2465.0737500000005,1.3816242580368496,-13.0,-0.0954923815543983,7090.5,1596.4418731667004,6012.379999999999,8924.5,20276.126666666667,478.2654159913028,41319.8921941392,29108.07,0.2481138728152005,184.0,5011.7266666666665,0.4088453608898403,0.9134174311926606,0.041419,0.0697319604974739,0.3552492808017553,37449.92,1.798023658104951,0.8209183815543984,0.2451275615290291,0,0.311439865163076,True,2026-09-30,57220.23,2026-10-30,43921.99999999998,63148.45999999999,5928.23,20000.0,14071.77,29,8173.9,9.447170873145012,181,2356.4100000000017,11715.36,False,False,False,0.7675956562914895,0,9.280796155308993e-05,0.62415,0.8451,0.3986999999999999,0.8451,SPENDING_PRESSURE,0.8451,0.7522249999999999,True,SPENDING_CONTROL,1,0,SPENDING_CONTROL_MEDIUM,0.1487078495095696,1,0.0634725650102858,0.0304930112686681,-0.0410388473102429,0.26118228723076475,0.3337791076746113,0.07259682044384652,0.07259682044384652,in_sample
380,2026-09-01,22518.18,0.0,22518.18,20689.01,16972.629999999997,7285.0700000000015,9687.56,3716.38,125,124,1,4.166666666666667,4.133333333333334,345.65752000000003,71.47,2104.193771701453,93540.43,95369.6,73468.25,95986.43,85799.06031999999,1829.170000000002,0.0812308099500049,1.0884126403341678,0.4292245809871541,0.5707754190128461,3.262619359113392,3.8102129177402433,1829.1700000000128,RECOVERY,RECOVERY,False,NO_CHANGE,6,0,10832.2525,1648.2775993637376,6140.377499999997,1.5668606321723018,-26.0,-0.3477912235445635,13049.5,3850.78318328882,9275.39,16972.629999999997,25493.13666666667,4950.347304183149,76536.69207740943,53379.1,0.3259308048735934,139.33333333333334,8727.256666666668,0.8298562108978704,3.6998699811763807,-0.0103438849515284,0.0195548598611319,1.110860483607103,73468.25,3.262619359113392,0.918769190049995,0.4302106120476877,0,0.6300761700925077,True,2026-09-30,95369.6,2026-10-30,79145.36999999995,102522.65999999996,7153.059999999998,23612.73,16459.670000000002,29,3716.38,32.01565232834102,135,1860.3099999999995,14599.360000000002,False,False,False,0.8298804860248963,0,8.681906127662461e-05,0.6011,0.9435,0.5174000000000001,0.9435,SPENDING_PRESSURE,0.9435,0.7522249999999999,True,SPENDING_CONTROL,1,0,SPENDING_CONTROL_HIGH,0.1487078495095696,0,0.0735183635033415,0.0226562328098008,-0.0757422336506765,0.2457643215450643,0.13496165813584976,-0.11080266340921455,0.11080266340921455,in_sample
383,2026-09-01,57314.59,12690.84,70005.43,58837.55,37047.05,20321.79,16725.260000000002,21790.500000000004,158,156,2,5.266666666666667,5.2,815.4618987341772,144.465,4930.428347443076,134472.74,145640.62,80542.76,150361.63,115219.95158227846,11167.879999999996,0.1595287679827121,1.1898087190918043,0.5485400322022941,0.4514599677977059,1.150521609538003,1.6458716357042371,11167.880000000005,SPENDING_PRESSURE,STABLE,True,STABLE->SPENDING_PRESSURE,1,1,18854.34375,5498.729210878606,18192.706250000003,1.9649079539031955,1.0,-0.1816171332176476,23673.713333333333,11634.569445434296,15878.62,37047.05,61512.28666666666,7355.8535440173855,99463.48804663414,61284.66,0.2684283905397286,165.33333333333334,16048.073333333332,1.333140411446335,3.340626857227389,0.2244343508351478,0.0830493972235562,1.4556489729813489,80542.76,1.150521609538003,0.8404712320172878,0.2389137528331731,0,0.5752486816350518,True,2026-09-30,145640.62,2026-10-30,109163.18,161388.47999999995,15747.86,55081.92,39334.06,29,21790.500000000004,9.211470136068469,139,2692.5599999999904,36641.50000000001,False,False,False,0.7495380066357861,0,4.214192824682012e-05,0.6746,0.94325,0.5972000000000001,0.94325,SPENDING_PRESSURE,0.94325,0.7522249999999999,True,SPENDING_CONTROL,0,1,SPENDING_CONTROL_HIGH,0.1487078495095696,0,-0.0627522057601232,-0.0347270942042223,-0.0580267686340476,0.04986445412845517,0.06431223687959242,0.014447782751137249,0.014447782751137249,in_sample
384,2026-09-01,37956.71,0.0,37956.71,27001.739999999994,12564.14,4957.53,7606.610000000001,14437.6,150,149,1,5.0,4.966666666666667,433.0563333333333,75.71000000000001,3233.4279322325247,177218.12,188173.09,154976.91,192933.62,171341.08286666666,10954.970000000005,0.2886174802821426,1.4057134836495724,0.3945777426867258,0.6054222573132741,4.0829911233086325,4.514118396106161,10954.97,SPENDING_PRESSURE,STABLE,True,STABLE->SPENDING_PRESSURE,3,1,10682.085,1388.5445182121978,1882.0550000000003,1.1761879820278531,17.0,-0.012181193173116,11102.419999999998,1276.841661601005,10204.66,12564.14,37240.79666666666,1752.72110891417,160954.09819331908,131985.18,0.3136872841432989,139.66666666666666,11700.776666666668,0.2312159346808222,0.640805453094329,0.0769865257193962,0.061816308625777,0.2628903918595751,154976.91,4.0829911233086325,0.7113825197178574,0.2004022477185193,0,0.2503251465310512,True,2026-09-30,188173.09,2026-10-30,166692.50999999983,204441.20999999985,16268.120000000006,41338.4,25070.279999999995,29,14437.6,15.89678963262592,123,6149.679999999997,18920.6,False,False,False,0.8858466957204127,0,4.152734024636551e-05,0.28735,0.7820499999999999,0.43855,0.7820499999999999,SPENDING_PRESSURE,0.7820499999999999,0.7522249999999999,True,SPENDING_CONTROL,0,1,SPENDING_CONTROL_LOW,0.1487078495095696,1,-0.0111095003796927,0.0288148435729804,0.0419275754494837,0.3846426435212476,0.23301966219725265,-0.15162298132399496,0.15162298132399496,in_sample
389,2026-09-01,20844.1,0.0,20844.1,22010.26,8099.98,2395.5200000000004,5704.46,13910.28,76,75,1,2.533333333333333,2.5,563.8731578947369,42.48,2531.843320373102,52448.86,51282.7,51282.7,73292.96,59605.53894736842,-1166.1600000000035,-0.0559467667109639,0.947017436413745,0.2957439401084941,0.704256059891506,2.4602981179326524,2.859588034377518,-1166.1600000000035,LIQUIDITY_STRESS,SPENDING_PRESSURE,True,SPENDING_PRESSURE->LIQUIDITY_STRESS,1,1,4226.2375,1274.6832705057132,3873.7425,1.916593660436736,-17.0,-0.2699995461321643,5984.276666666666,2437.772353324513,3318.45,8099.98,22285.63,3255.2906862060736,56936.6341202406,46880.75,0.0988898375700788,85.0,2391.073333333335,0.2395904750244859,4.183139799015065,-0.19869802508689,-0.0222342296858312,-0.7295216104370998,51282.7,2.4602981179326524,1.055946766710964,0.2736726459765593,1,0.4451576918891997,True,2026-09-30,51282.7,2026-10-30,51166.77,54172.519999999975,2889.82,20000.0,17110.18,27,13910.28,5.124461908746625,75,1031.7900000000009,16078.39,False,False,False,0.997739393596671,0,8.998067480820961e-05,0.74095,0.8373999999999999,0.7215999999999999,0.8373999999999999,SPENDING_PRESSURE,0.8373999999999999,0.7522249999999999,True,SPENDING_CONTROL,1,0,SPENDING_CONTROL_MEDIUM,0.1487078495095696,0,0.0736859958011799,0.0184938355321018,-0.0937704582718486,0.24282381727528157,0.3308143364682576,0.08799051919297601,0.08799051919297601,in_sample
394,2026-09-01,33243.09,4067.95,37311.03999999999,28014.52,15224.3,8462.08,6762.219999999999,12790.22,110,108,2,3.6666666666666665,3.6,593.8687272727271,134.1,3263.3555056082514,72799.04,82095.56,45259.92,82421.81,56756.15527272727,9296.519999999991,0.2491627143065429,1.331846485322611,0.5558271973095643,0.4441728026904357,1.2130436460629348,1.521162510418559,9296.520000000004,SPENDING_PRESSURE,STABLE,True,STABLE->SPENDING_PRESSURE,1,1,14587.59375,3759.195279455954,636.7062499999993,1.043647105952618,-5.0,-0.0080316525410696,13088.919999999998,2046.802564171741,11144.009999999998,15224.3,33822.83666666666,3024.2391307622024,50208.06557839263,33188.18,0.2339931330781736,111.66666666666669,7943.696666666662,0.3661419901812723,0.7825337410375366,0.1579587348652555,0.1277011345204552,0.5021614343780557,45259.92,1.2130436460629348,0.7508372856934571,0.1812391185021913,0,0.2347887408106774,True,2026-09-30,82095.56,2026-10-30,77827.51999999996,77827.51999999996,-4268.040000000001,37311.03999999999,41579.08,29,12790.22,9.33577373962293,94,21941.029999999995,19638.05,False,False,False,0.9480113175426292,0,3.929080202546659e-05,0.50505,0.7688999999999999,0.29805,0.7688999999999999,SPENDING_PRESSURE,0.7688999999999999,0.7522249999999999,True,SPENDING_CONTROL,0,1,SPENDING_CONTROL_LOW,0.1487078495095696,0,0.0015305738396952,0.038804472848116,0.0052617698031982,0.1497060272987245,0.1769248901821811,0.027218862883456596,0.027218862883456596,in_sample
396,2026-09-01,49004.31,0.0,49004.31,52189.16,30249.27,13039.54,17209.729999999996,21939.89,156,155,1,5.2,5.166666666666667,648.6760897435896,112.005,4198.11982428856,136038.2,132853.35,90063.4,139067.71,118585.19955128204,-3184.850000000006,-0.0649912222006596,0.9389748752422916,0.4310695762244841,0.5689304237755158,1.8378669141551016,2.419893261455616,-3184.850000000006,LIQUIDITY_STRESS,STABLE,True,STABLE->LIQUIDITY_STRESS,1,1,19464.96625,3595.186587464401,10784.303749999995,1.5540366015276288,-14.0,-0.2563079509633356,22704.846666666665,6550.967909815564,18456.78,30249.27,48761.44666666666,2499.3504124538736,113792.31689526486,87048.67,0.0836608213550528,156.33333333333334,4116.709999999996,0.5585586513943124,3.683990354257843,-0.041583594918884,-0.0234114388458536,0.5069944023757946,90063.4,1.8378669141551016,1.0649912222006597,0.3511880893741794,1,0.4913648238903851,True,2026-09-30,132853.35,2026-10-30,100320.97999999998,143870.51999999996,11017.170000000006,48629.91,37612.74,29,21939.89,8.271840013783114,132,5224.75,32387.99,False,False,False,0.7551257081586574,0,5.800191925644779e-05,0.83695,0.9412,0.8347,0.9412,SPENDING_PRESSURE,0.9412,0.7522249999999999,True,SPENDING_CONTROL,1,0,SPENDING_CONTROL_HIGH,0.1487078495095696,0,0.0285865897425246,0.0313283613650965,-0.1196470740813738,0.24967969837087162,0.19875990027469315,-0.05091979809617847,0.05091979809617847,in_sample
402,2026-09-01,50049.47,21509.5,71558.97,46398.41999999999,29693.44,21741.75,7951.69,16704.98,140,138,2,4.666666666666667,4.6,842.5527857142857,183.82,4700.3623483344745,201522.2,226682.75,157815.34,229048.55,177707.52535714288,25160.55000000001,0.351605815455421,1.5422716980448907,0.7322071811147511,0.2677928188852487,2.20538864659455,2.4833717611802246,25160.54999999999,RECOVERY,RECOVERY,False,NO_CHANGE,3,0,19342.8575,4692.913720173521,10350.5825,1.5351113453635277,-21.0,0.0085021495555781,21884.096666666665,6784.950437522251,17435.209999999995,29693.44,58021.41333333333,11745.91455924287,164692.00786598786,135330.25,0.3325242932583462,153.0,19432.336666666662,0.7030732638150046,0.7556306231716063,0.376876492631796,0.1248524976404583,0.7618322334343669,157815.34,2.20538864659455,0.648394184544579,0.1111208000897721,0,0.2739686017341071,True,2026-09-30,226682.75,2026-10-30,195981.7800000001,243126.0200000001,16443.270000000008,47951.37,31508.099999999995,29,16704.98,16.440254343315587,173,4871.299999999996,26636.8,False,False,False,0.8645641540875965,0,4.330720101102714e-05,0.3077,0.8251999999999999,0.29825,0.8251999999999999,SPENDING_PRESSURE,0.8251999999999999,0.7522249999999999,True,SPENDING_CONTROL,1,0,SPENDING_CONTROL_MEDIUM,0.1487078495095696,1,0.0497985756341769,0.036979526680742,-0.0993776548600065,0.15944604471235055,0.2568388083729622,0.09739276366061164,0.09739276366061164,in_sample
405,2026-09-01,52264.31,16489.27,68753.58,53820.85,19679.18,11869.15,7810.03,34141.67,128,126,2,4.266666666666667,4.2,957.612734375,139.095,5217.1940052879145,147374.61,162307.34,94061.35,162814.93,109760.22375,14932.730000000003,0.2171920356729061,1.277452511433766,0.6031323459615695,0.3968676540384304,1.3680938505311289,1.596429215031421,14932.73000000001,SPENDING_PRESSURE,STABLE,True,STABLE->SPENDING_PRESSURE,3,1,10217.265,890.6436842130366,9461.915,1.9260712137739409,-33.0,0.0947673987016235,13334.673333333334,5528.536662864174,9549.93,19679.18,56733.51,10419.805597366018,105027.5571284488,91155.06,0.1567934993819985,143.33333333333334,9257.166666666666,0.8263892691447075,0.8547527559952695,0.3433001338931853,0.1013249839982612,0.698118171869649,94061.35,1.3680938505311289,0.7828079643270939,0.1135945211871149,0,0.2554367289374182,True,2026-09-30,162307.34,2026-10-30,162174.0,187029.85,24722.51,68753.58,44031.07,28,34141.67,6.767709956777158,137,4169.249999999993,39861.82000000001,False,False,False,0.9991784721504278,0,9.596866916414686e-05,0.5564,0.82945,0.5816,0.82945,SPENDING_PRESSURE,0.82945,0.7522249999999999,True,SPENDING_CONTROL,0,1,SPENDING_CONTROL_MEDIUM,0.1487078495095696,0,0.0555677390325389,0.0153231227036077,-0.0370431020228386,0.12861773037975605,0.2621121580854212,0.13349442770566516,0.13349442770566516,in_sample
406,2026-09-01,39575.66,0.0,39575.66,33350.16,14149.91,7831.64,6318.27,19200.25,182,181,1,6.066666666666666,6.033333333333333,400.6913186813187,48.1,3121.549571594887,176501.69,182727.19,143709.15,183284.81,155863.3056593407,6225.500000000007,0.1573062837107456,1.186670768596013,0.5534763118634677,0.4465236881365323,3.6312508749064447,3.938362762853245,6225.5,RECOVERY,RECOVERY,False,NO_CHANGE,5,0,10040.5075,1501.9115763467184,4109.4025,1.4092823495226712,17.0,-0.1418203789727862,11027.016666666668,2782.209693936336,8812.62,14149.91,40694.89666666667,1610.372993139572,145006.10099696385,122948.48,0.2557454868345116,172.33333333333334,10467.63,0.6056416820423436,2.117623838589185,-0.0098292356084236,0.0352716169459907,0.7347020584610293,143709.15,3.6312508749064447,0.8426937162892544,0.1596504012820001,0,0.2691638147255221,True,2026-09-30,182727.19,2026-10-30,154334.27000000002,192339.47000000003,9612.280000000006,38309.41,28697.13,28,19200.25,11.512173018580487,153,2160.219999999997,26536.91,False,False,False,0.8446157903484425,0,5.654174566401208e-05,0.49105,0.83325,0.6859000000000001,0.83325,SPENDING_PRESSURE,0.83325,0.7522249999999999,True,SPENDING_CONTROL,1,0,SPENDING_CONTROL_MEDIUM,0.1487078495095696,1,-0.0582284373442061,0.0190111598015547,0.0107601836694726,0.3613623869955625,0.3468491122375998,-0.014513274757962713,0.014513274757962713,in_sample
409,2026-09-01,20593.58,0.0,20593.58,16977.37,8935.689999999999,4565.66,4370.03,8041.68,155,154,1,5.166666666666667,5.133333333333334,242.39322580645165,53.84,1688.6552536948104,70787.94,74404.15,57138.76,77732.34,68100.77935483871,3616.2100000000014,0.1755989002397835,1.213001778249517,0.5109465525325969,0.4890534474674032,2.774590916198155,3.306893670495305,3616.209999999992,RECOVERY,RECOVERY,False,NO_CHANGE,2,0,6682.71625,609.8317969018177,2252.973749999999,1.337134432424839,16.0,-0.1266721733180355,7443.559999999999,1392.4342289314789,6178.81,8935.689999999999,20579.5,191.73812166598185,63021.06579042758,47687.8,0.2476801598653041,137.66666666666666,5094.260000000001,0.4461830028759581,1.1315451889355517,0.01042484928446,0.0510851142157828,0.5899391176070207,57138.76,2.774590916198155,0.8244010997602164,0.212203511968293,0,0.2984121487917082,True,2026-09-30,74404.15,2026-10-30,61832.69999999999,77926.54999999997,3522.400000000001,20000.0,16477.6,29,8041.68,11.739356701584745,164,3991.23,12486.37,False,False,False,0.8310383224591639,0,7.960197366856611e-05,0.53605,0.83535,0.4451499999999999,0.83535,SPENDING_PRESSURE,0.83535,0.7522249999999999,True,SPENDING_CONTROL,0,1,SPENDING_CONTROL_MEDIUM,0.1487078495095696,0,0.0272438918664777,-0.0128590276998221,0.0314507863076623,0.2657934783464047,0.335695163184177,0.06990168483777232,0.06990168483777232,in_sample
417,2026-09-01,92366.45,15152.1,107518.55,74362.31999999999,49399.100000000006,37537.31,11861.79,24963.22,146,144,2,4.866666666666666,4.8,1245.7593835616435,285.595,7827.836031594994,393808.92,426965.15,426965.15,500328.16,459167.12917808216,33156.23000000001,0.3083768335789499,1.445874066328216,0.75987841883759,0.2401215811624098,3.971083594412313,4.270585207650979,33156.23000000004,SPENDING_PRESSURE,STABLE,True,STABLE->SPENDING_PRESSURE,2,1,31486.89875,3862.4984641455553,17912.201250000006,1.5688779130717028,4.0,-0.0419342922917427,35778.840000000004,11804.259263621758,28513.82,49399.100000000006,90220.89,15132.301619657865,418650.7740890368,364483.64,0.3284817011609978,150.0,29478.830000000005,0.678893813129597,0.8760877610863849,0.2843848141427583,0.0841936998278252,0.6469871797847839,426965.15,3.971083594412313,0.69162316642105,0.110323195392795,0,0.2490640370601336,True,2026-09-30,426965.15,2026-10-30,425101.67,459870.0799999999,32904.92999999999,91762.2,58857.27,29,24963.22,20.779665043211573,163,6122.950000000012,52734.31999999999,False,False,False,0.995635522009232,0,4.76680862264908e-05,0.21525,0.83595,0.4798499999999999,0.83595,SPENDING_PRESSURE,0.83595,0.7522249999999999,True,SPENDING_CONTROL,1,0,SPENDING_CONTROL_MEDIUM,0.1487078495095696,0,0.071171089931186,0.0526320844792137,-0.1012597572290628,0.3054544413538548,0.08385481721456495,-0.22159962413928985,0.22159962413928985,in_sample
446,2026-09-01,48628.78,0.0,48628.78,42410.77,17759.129999999997,7894.11,9865.02,24651.64,89,88,1,2.966666666666667,2.933333333333333,1022.9162921348312,140.19,5519.586634575748,72579.31,78797.32,31405.11,80033.89,48952.983707865176,6218.010000000002,0.1278668722513705,1.1466139379219005,0.4445099506563666,0.5554900493436334,0.645813240636512,1.0066669101685293,6218.010000000009,SPENDING_PRESSURE,STABLE,True,STABLE->SPENDING_PRESSURE,1,1,16549.736249999998,4118.3612042966,1209.3937499999993,1.0730763156421903,-14.0,-0.0382980389673673,16473.719999999998,1911.70262203618,14276.86,17759.129999999997,47500.21,1008.7964169742072,42289.92146978112,19711.56,0.1343842094676621,101.0,6374.850000000001,0.2439100754647727,0.2755754624517377,0.0416117520229259,0.0856719359828581,0.4227009644811008,31405.11,0.645813240636512,0.8721331277486295,0.2028638185041862,0,0.2858310573241477,True,2026-09-30,78797.32,2026-10-30,43545.88000000003,89313.53000000003,10516.209999999992,46533.75,36017.54000000001,27,24651.64,5.084086494853892,86,3929.160000000007,32088.38,False,False,False,0.552631485436307,0,0.0010341464060694,0.7372000000000001,0.7749999999999999,0.6391,0.7749999999999999,SPENDING_PRESSURE,0.7749999999999999,0.7522249999999999,True,SPENDING_CONTROL,1,0,SPENDING_CONTROL_LOW,0.1487078495095696,0,0.0891307049957906,0.0391740287764349,-0.0670375832484036,0.22832787469551546,0.307607606160406,0.07927973146489053,0.07927973146489053,in_sample
451,2026-09-01,197955.27,0.0,197955.27,166164.24000000002,144653.78,86997.07,57656.71,21510.46,87,86,1,2.9,2.8666666666666667,4185.281724137931,1363.7,21084.328862761213,841548.47,873339.5,679656.84,877612.11,753112.0805747126,31791.02999999997,0.1605970379065936,1.1913229344653216,0.6014158081454907,0.3985841918545094,3.433385936125873,3.8044558276963913,31791.030000000028,SPENDING_PRESSURE,SPENDING_PRESSURE,False,NO_CHANGE,4,0,106281.46875,15893.930416846411,38372.31125,1.361044231899552,11.0,-0.1899061540362318,119041.38333333336,25158.892197853864,94361.94999999998,144653.78,202161.08,11303.615165693598,695526.0239558426,575851.81,0.3041573913165201,75.33333333333333,61609.23666666666,0.2247541707864688,0.6182109356998093,-0.0791265765554334,0.0377768258553188,-0.026898852492512,679656.84,3.433385936125873,0.8394029620934064,0.2912613036268244,0,0.4354018622192876,True,2026-09-30,873339.5,2026-10-30,873339.5,921743.4,48403.899999999965,197955.27,149551.37000000002,26,21510.46,49.803433771290806,77,51295.31000000001,98256.06,False,False,False,1.0,0,6.328378516984475e-05,0.50275,0.8930499999999999,0.70255,0.8930499999999999,SPENDING_PRESSURE,0.8930499999999999,0.7522249999999999,True,SPENDING_CONTROL,0,1,SPENDING_CONTROL_HIGH,0.1487078495095696,0,0.0122344882908995,0.0267279764602413,-0.005731308549965,0.23713755288110122,0.05892023890593756,-0.17821731397516366,0.17821731397516366,in_sample
457,2026-09-01,145812.61,39266.63,185079.24,169950.46,154905.87,94331.76,60574.11,15044.59,208,206,2,6.933333333333334,6.866666666666666,1706.8735576923077,551.13,10593.519872659132,318025.9,333154.68,155975.75,340337.34,240442.3784134616,15128.78,0.0817421770264455,1.0890187646447087,0.6089618166180534,0.3910381833819467,0.8427511913275633,1.2991320820933865,15128.77999999997,RECOVERY,RECOVERY,False,NO_CHANGE,4,0,91544.045,19237.06497351996,63361.825,1.692145786216897,-4.0,0.0391512382856005,126511.93,27632.265529550823,99710.19,154905.87,161344.82666666666,20815.751099062763,240228.0943825901,155975.75,0.1243819109094497,221.66666666666663,19788.30666666667,0.2400432661838127,-0.0021893678852956,0.2660122338818769,0.0475709053885233,-0.0127848549941729,155975.75,0.8427511913275633,0.9182578229735544,0.3272874364515437,0,0.4936470077737704,True,2026-09-30,333154.68,2026-10-30,221221.44999999972,369119.7099999999,35965.03,150951.42,114986.39,29,15044.59,32.17808527849546,206,35927.15000000001,79059.24,False,False,False,0.6640202382869116,0,8.314696170209954e-05,0.8545499999999999,0.9075,0.6633,0.9075,SPENDING_PRESSURE,0.9075,0.7522249999999999,True,SPENDING_CONTROL,1,0,SPENDING_CONTROL_HIGH,0.1487078495095696,0,0.0399248674630776,0.0174510650672482,-0.0852276479279209,0.07911531132001463,0.015773240721415168,-0.06334207059859946,0.06334207059859946,in_sample
458,2026-09-01,187224.37,0.0,187224.37,122784.1,116530.45,57889.21000000001,58641.240000000005,6253.650000000001,115,114,1,3.8333333333333335,3.8,2695.725826086956,854.01,17374.519073135394,808616.16,873056.43,797164.3,984388.67,914841.346,64440.26999999999,0.3441874046631856,1.5248258528587983,0.4967732468208953,0.5032267531791047,4.257802015838003,4.886336890865223,64440.27000000002,STABLE,RECOVERY,True,RECOVERY->STABLE,5,1,112161.6825,10345.432110847976,4368.767500000002,1.038950623801493,-21.0,0.0049930159960115,110579.34333333334,7289.054389935194,102449.32,116530.45,181797.13,4809.051347833618,849755.5878490634,671953.46,0.3576388494693165,128.33333333333334,64964.13666666666,0.0334537797940479,0.0666562380062827,0.0395506993733081,0.0796920383090042,-0.0671709974128675,797164.3,4.257802015838003,0.6558125953368144,0.313213712509755,0,0.2196552507988932,True,2026-09-30,873056.43,2026-10-30,857874.7899999999,890138.42,17081.98999999999,174064.33,156982.34,29,6253.650000000001,167.441535743126,144,106566.8,50415.53999999999,False,False,False,0.982610929284376,0,4.825467707075833e-05,0.1845,0.7635,0.19395,0.7635,SPENDING_PRESSURE,0.7635,0.7522249999999999,True,SPENDING_CONTROL,1,0,SPENDING_CONTROL_LOW,0.1487078495095696,0,0.0628426027251765,0.0186168311584745,-0.0443271552371419,0.2773594690985311,0.1341669128717927,-0.1431925562267384,0.1431925562267384,in_sample
459,2026-09-01,49159.32,11270.29,60429.61,45174.70999999999,17389.069999999996,9946.58,7442.49,27785.64,82,80,2,2.7333333333333334,2.6666666666666665,1287.85756097561,157.29,5936.018813722756,138705.35,153960.25,98803.86,158722.21,124049.27999999998,15254.900000000009,0.2524408150242904,1.3376867278174007,0.572001837936129,0.4279981620638712,1.6350239559712532,2.0527896837328585,15254.899999999994,SPENDING_PRESSURE,SPENDING_PRESSURE,False,NO_CHANGE,2,0,10460.4825,1223.8039816052467,6928.587499999996,1.6623583089976963,-12.0,0.0860575360810671,12127.976666666664,4557.589944974572,9386.53,17389.069999999996,49933.77666666667,9090.148687300622,117540.37411469796,89849.81,0.1945898968520039,87.66666666666667,10020.160000000002,0.8525557367845193,1.0625628746497728,0.3551840891435665,0.1099806171859989,0.8756398731536906,98803.86,1.6350239559712532,0.7475591849757096,0.1231596563340388,0,0.2825311720383708,True,2026-09-30,153960.25,2026-10-30,115598.33000000007,170206.5700000001,16246.320000000009,59510.19,43263.86999999999,24,27785.64,7.682761311238467,76,3450.319999999985,39813.55,False,False,False,0.7508323089888467,0,4.217050452431164e-05,0.4805,0.83095,0.4976,0.83095,SPENDING_PRESSURE,0.83095,0.7522249999999999,True,SPENDING_CONTROL,0,1,SPENDING_CONTROL_MEDIUM,0.1487078495095696,0,-0.0052861261250206,-0.0080725914483493,0.0134115594653467,0.11791003073749534,0.25076962999947205,0.1328595992619767,0.1328595992619767,in_sample
488,2026-09-01,63180.36,0.0,63180.36,56240.26,43472.19,23535.05,19937.140000000003,12768.07,150,149,1,5.0,4.966666666666667,796.1374666666667,251.845,5173.1096623956,236179.27,243119.37,227995.91,291176.27,263631.74226666667,6940.099999999999,0.109845844499778,1.123400923110953,0.5413817431327936,0.4586182568672064,3.608651644276797,4.172685028490921,6940.100000000006,STABLE,SPENDING_PRESSURE,True,SPENDING_PRESSURE->STABLE,5,1,38045.555,3687.9910202168335,5426.635000000002,1.142635190891551,19.0,-0.0460673649162178,41005.66666666666,3388.9900307368207,37141.35,43472.19,65644.76666666666,2617.045612982964,253486.7883305492,199478.26,0.1786663392569859,130.0,11871.03,0.0252038394980034,0.1159432052314681,-0.0333835711943825,0.0293848820855446,-0.1164741016646089,227995.91,3.608651644276797,0.8901541555002219,0.3155591389476097,0,0.2112498465302003,True,2026-09-30,243119.37,2026-10-30,233840.67,262254.8799999999,19135.51,68660.41,49524.9,29,12768.07,24.41870854404777,121,15447.15,34077.75,False,False,False,0.9618347974494996,0,5.326361218193182e-05,0.54105,0.77045,0.62565,0.77045,SPENDING_PRESSURE,0.77045,0.7522249999999999,True,SPENDING_CONTROL,1,0,SPENDING_CONTROL_LOW,0.1487078495095696,0,0.0485426920147702,0.0129966573802727,-0.0516761790897536,0.3549042515137791,0.10668230371738277,-0.2482219477963963,0.2482219477963963,in_sample
490,2026-09-01,28133.33,0.0,28133.33,21520.4,15752.03,8397.59,7354.44,5768.37,166,165,1,5.533333333333333,5.5,299.1188554216868,78.82,2197.215346913731,98086.63,104699.56,79243.86,107377.19,90368.20506024096,6612.930000000004,0.235056781404832,1.3072865745989857,0.5331116052978568,0.4668883947021431,2.8167252152518025,3.2121403708782768,6612.929999999993,SPENDING_PRESSURE,STABLE,True,STABLE->SPENDING_PRESSURE,2,1,12065.80625,1401.7359108715114,3686.223750000001,1.3055099405396138,12.0,-0.158851524567324,12162.833333333334,3108.640210708428,10324.71,15752.03,27595.706666666665,903.8254765347842,81050.7371076857,61477.8,0.3510639729438669,157.33333333333334,9664.503333333336,0.5256631905399767,1.041221662188867,0.0595471866382546,0.0674192802831536,0.5340239287821186,79243.86,2.8167252152518025,0.764943218595168,0.2614137750490254,0,0.32079717356664,True,2026-09-30,104699.56,2026-10-30,87978.63,113166.27000000003,8466.71,26673.55,18206.84,29,5768.37,22.77473705743564,156,4685.440000000002,13521.399999999998,False,False,False,0.8402960814735039,0,3.425495063607589e-05,0.4307499999999999,0.877,0.3087999999999999,0.877,SPENDING_PRESSURE,0.877,0.7522249999999999,True,SPENDING_CONTROL,1,0,SPENDING_CONTROL_MEDIUM,0.1487078495095696,0,0.0136096040256594,0.0142610184473756,-0.0758386971730025,0.23063271587115106,0.16311646550316988,-0.06751625036798117,0.06751625036798117,in_sample
492,2026-09-01,22737.22,0.0,22737.22,20225.39,12584.88,5691.73,6893.149999999999,7640.51,143,142,1,4.766666666666667,4.733333333333333,300.4378321678322,57.36,1949.6359394520337,101310.59,103822.42,100237.13,122974.35,110427.0658041958,2511.8300000000017,0.1104721685412729,1.1241919191669485,0.4522673239633592,0.5477326760366408,4.40850420587917,4.856665230146684,2511.8300000000017,SPENDING_PRESSURE,STABLE,True,STABLE->SPENDING_PRESSURE,2,1,9760.105,1597.7267533235192,2824.775,1.2894205543895276,-1.0,-0.1743194022241086,10388.706666666669,1904.024507046412,9201.59,12584.88,23577.56333333333,855.2349411906375,104964.48449805332,85944.99,0.2330186092967673,147.33333333333334,5548.346666666668,0.3676853674201956,1.2971041055718473,-0.0344522713104686,0.0247933606940795,0.3866690181960776,100237.13,4.40850420587917,0.889527831458727,0.3031659103443604,0,0.3324158441779135,True,2026-09-30,103822.42,2026-10-30,102301.4,108441.77000000003,4619.349999999999,23791.25,19171.9,29,7640.51,16.702245007205015,181,6208.220000000003,12963.679999999998,False,False,False,0.9853497924629384,0,6.31366809898876e-05,0.49505,0.8612500000000001,0.53375,0.8612500000000001,SPENDING_PRESSURE,0.8612500000000001,0.7522249999999999,True,SPENDING_CONTROL,1,0,SPENDING_CONTROL_MEDIUM,0.1487078495095696,0,0.0113529611053446,0.0302491537901219,-0.0108248996416775,0.4161024859427613,0.3172444111972756,-0.09885807474548569,0.09885807474548569,in_sample
493,2026-09-01,32366.79,0.0,32366.79,18638.02,10254.54,3108.4900000000007,7146.05,8383.48,75,74,1,2.5,2.466666666666667,680.0641333333333,125.72,3753.255869570821,157578.47,171307.24,139331.03,171697.82,147606.86493333336,13728.770000000004,0.4241622354271154,1.7366002397250355,0.3031330513119067,0.6968669486880932,4.304752803722581,4.560441889150372,13728.76999999999,SPENDING_PRESSURE,STABLE,True,STABLE->SPENDING_PRESSURE,4,1,10368.11875,2349.532674569486,-113.57874999999876,0.9890453849209628,-19.0,0.0529582495709871,8720.836666666666,2447.7635913284835,5897.93,10254.54,29040.27,5482.584023323313,137421.19645531915,117421.8,0.4071056528730159,90.33333333333331,11935.953333333337,0.7386676342377749,1.0739398195981007,0.4250769736763895,0.0871233868433929,1.1494661924852942,139331.03,4.304752803722581,0.5758377645728846,0.2207834017522281,0,0.3906484819527164,True,2026-09-30,171307.24,2026-10-30,171307.24,185153.5100000001,13846.269999999997,32366.79,18520.520000000004,27,8383.48,24.29468788617615,91,6121.2900000000045,12399.23,False,False,False,1.0,0,4.1029258241545386e-05,0.1339999999999999,0.79325,0.1862,0.79325,SPENDING_PRESSURE,0.79325,0.7522249999999999,True,SPENDING_CONTROL,1,0,SPENDING_CONTROL_LOW,0.1487078495095696,0,0.0439146837716404,0.0062827777687307,-0.138629444616211,0.27363872427174923,0.18892245174952385,-0.08471627252222538,0.08471627252222538,in_sample
501,2026-09-01,112992.65,0.0,112992.65,143129.71,90081.88,18847.91,71233.97,53047.83,77,76,1,2.566666666666667,2.533333333333333,3326.2644155844155,607.46,13877.72439193164,356930.42,326793.36,223580.38,336816.31,291350.4405194805,-30137.06,-0.2667169944239735,0.7894423177410197,0.2092308686275197,0.7907691313724803,1.978716137731083,2.5784901984286632,-30137.06,LIQUIDITY_STRESS,SPENDING_PRESSURE,True,SPENDING_PRESSURE->LIQUIDITY_STRESS,1,1,46192.605,9559.403636082265,43889.275,1.950136390879016,-10.0,-0.3511630520066402,66572.69,21601.34339658762,47599.61,90081.88,126254.58333333331,25667.812349581585,285397.051535055,206824.67,0.0264177351060633,76.66666666666667,6634.06333333332,0.8924919762998056,1.4687659422861516,0.0278539242695281,-0.0844339913644793,1.125209028077966,223580.38,1.978716137731083,1.2667169944239736,0.6304301208972443,1,0.6311013653758669,True,2026-09-30,326793.36,2026-10-30,238642.34,349940.18,23146.819999999992,118202.98,95056.16,23,53047.83,8.388587054362072,68,18882.170000000013,76173.98999999999,False,False,False,0.730254555967722,0,9.127714942808182e-05,0.8231499999999999,0.98565,0.9748,0.98565,SPENDING_PRESSURE,0.98565,0.7522249999999999,True,SPENDING_CONTROL,1,0,SPENDING_CONTROL_HIGH,0.1487078495095696,0,0.0877084655456511,0.0266014067850184,-0.1134839918187139,0.11053976983870209,0.08287756522519014,-0.027662204613511945,0.027662204613511945,in_sample
503,2026-09-01,26131.12,0.0,26131.12,28303.200000000004,20479.35,6652.82,13826.53,7823.849999999999,189,188,1,6.3,6.266666666666667,288.01227513227514,55.68,2015.6989795110064,81036.49,78864.41,53452.85,79583.97,64386.36740740741,-2172.0800000000054,-0.0831223460762495,0.9232567342208652,0.3248550369030267,0.6751449630969732,2.045562915022394,2.463972742362647,-2172.0800000000017,LIQUIDITY_STRESS,RECOVERY,True,RECOVERY->LIQUIDITY_STRESS,2,1,11656.9425,2494.513644029633,8822.4075,1.7568371809331649,0.0,-0.3142232565187285,14765.073333333334,5133.196832543374,10544.12,20479.35,25864.36666666667,1720.6981780757849,62812.5315873016,51353.24,0.1278235189852946,173.66666666666666,3275.4433333333327,0.54307834309718,1.2747737817116906,-0.0475646875595702,-0.0268037275553272,0.284391036807039,53452.85,2.045562915022394,1.0831223460762496,0.529121216388735,1,0.5291414268913707,True,2026-09-30,78864.41,2026-10-30,62741.80000000005,91398.31000000006,12533.9,28922.3,16388.399999999998,28,7823.849999999999,13.77668411332017,154,2506.2099999999973,13882.19,False,False,False,0.7955654521475536,0,9.010111797000434e-05,0.8056000000000001,0.9441,0.60805,0.9441,SPENDING_PRESSURE,0.9441,0.7522249999999999,True,SPENDING_CONTROL,1,0,SPENDING_CONTROL_HIGH,0.1487078495095696,0,0.042105865861657,0.0241971499791894,-0.0746742455238277,0.27216467748823336,0.2631405034578095,-0.009024174030423882,0.009024174030423882,in_sample
509,2026-09-01,23415.28,0.0,23415.28,28721.04,23201.1,4582.63,18618.47,5519.94,146,145,1,4.866666666666666,4.833333333333333,357.09808219178075,92.96,2037.6118611731567,103753.94,98448.18,77166.83,103626.78,94433.89328767122,-5305.760000000002,-0.226593916451138,0.8152657424661501,0.1975177901047795,0.8024822098952203,3.2955757949509894,4.03300294882962,-5305.760000000009,LIQUIDITY_STRESS,RECOVERY,True,RECOVERY->LIQUIDITY_STRESS,1,1,15166.91,4186.480347264104,8034.190000000002,1.5297183144094613,-7.0,-0.3941340284103553,17514.573333333334,5006.132190427389,13771.91,23201.1,23993.726666666666,1216.383838775129,91841.17284827137,76814.49,0.0367746943506163,158.0,959.213333333332,0.6846682849365122,1.3115526293899205,0.0103894321821691,-0.051137913413216,0.8001928820807657,77166.83,3.2955757949509894,1.226593916451138,0.7951418902528604,1,0.537207916358847,True,2026-09-30,98448.18,2026-10-30,79956.87000000001,102697.4,4249.220000000001,24060.83,19811.61,29,5519.94,22.193902469954384,134,9415.37,10396.24,False,False,False,0.8121721498558939,0,8.812932517861914e-05,0.6497999999999999,0.9521,0.58185,0.9521,SPENDING_PRESSURE,0.9521,0.7522249999999999,True,SPENDING_CONTROL,0,1,SPENDING_CONTROL_HIGH,0.1487078495095696,0,-0.0167221497521054,-0.0369352511775098,-0.0192660418972028,0.4074325130811449,0.28089182641160976,-0.12654068666953516,0.12654068666953516,in_sample
510,2026-09-01,56514.22,0.0,56514.22,54810.97,44507.77,37411.9,7095.87,10303.2,88,87,1,2.933333333333333,2.9,1265.0589772727274,297.63,6237.22481917525,189923.33,191626.58,135112.36,191626.58,167029.72636363635,1703.25,0.0301384324157707,1.0310749837122022,0.840570084729026,0.159429915270974,2.3907674917923307,2.955534489614054,1703.25,SPENDING_PRESSURE,SPENDING_PRESSURE,False,NO_CHANGE,4,0,38765.745,12506.593152620402,5742.024999999994,1.148121105372797,-31.0,-0.2617427144522189,35851.55333333334,7496.973522577846,31439.5,44507.77,58103.95,1377.650758973431,150420.8108326967,114809.77,0.2032822768198985,103.0,11949.196666666669,0.4156640531815072,0.065818822500965,-0.041298606653376,0.008968092545555,0.4209757856592599,135112.36,2.3907674917923307,0.9698615675842291,0.1255590185974432,0,0.6856070663994707,True,2026-09-30,191626.58,2026-10-30,191626.58,205484.44999999995,13857.869999999995,56514.22,42656.350000000006,27,10303.2,24.083857442348005,97,9067.36,33588.990000000005,False,False,False,1.0,0,6.685250296313528e-05,0.7281,0.80015,0.62595,0.80015,SPENDING_PRESSURE,0.80015,0.7522249999999999,True,SPENDING_CONTROL,0,1,SPENDING_CONTROL_LOW,0.1487078495095696,0,-0.0075072727154347,-0.0219356749178721,0.019025805167244,0.23226566098941612,0.152699829567716,-0.07956583142170012,0.07956583142170012,in_sample
525,2026-09-01,28059.03,8404.02,36463.05,29547.570000000003,25929.94,12500.01,13429.93,3617.63,152,150,2,5.066666666666666,5.0,434.2803947368422,149.505,2360.1196407761468,74839.7,81755.18,46094.82,82498.7,61688.41263157896,6915.48,0.1896572009198352,1.234045642332009,0.4820686048637213,0.5179313951362788,1.264151517769358,1.6918061608005626,6915.479999999996,RECOVERY,RECOVERY,False,NO_CHANGE,5,0,14211.21875,1732.9709368467084,11718.72125,1.824610573952357,-1.0,-0.0029568407303528,17922.616666666665,6956.409774045323,13367.85,25929.94,27979.676666666663,7467.161648085124,59295.361072682594,45852.73,0.2349451914023301,151.0,6439.43,0.7919718370207169,0.7310269180600024,0.6276127337767905,0.092403897931178,0.7095195354164947,46094.82,1.264151517769358,0.8103427990801647,0.3683161446999085,0,0.249637589999521,True,2026-09-30,81755.18,2026-10-30,81755.18,95412.41999999993,13657.240000000003,36463.05,22805.81,29,3617.63,32.678364011797775,174,9731.549999999996,13074.26,False,False,False,1.0,0,4.4981721536627526e-05,0.61675,0.95635,0.27565,0.95635,SPENDING_PRESSURE,0.95635,0.7522249999999999,True,SPENDING_CONTROL,1,0,SPENDING_CONTROL_HIGH,0.1487078495095696,0,0.1348370394975536,0.0273282721783185,-0.0212042139254263,0.1112587622214048,0.050909737684828545,-0.06034902453657625,0.06034902453657625,in_sample
531,2026-09-01,44830.87,0.0,44830.87,39613.060000000005,31935.460000000003,6355.839999999998,25579.620000000003,7677.6,103,102,1,3.433333333333333,3.4,819.8439805825246,267.75,4402.380406433512,67990.7,73208.51,73208.51,112821.57,91747.03398058252,5217.809999999998,0.1163887740746498,1.1317194379833315,0.1990214012887241,0.8009785987112759,1.6329932923452075,2.0465146891100376,5217.809999999998,RECOVERY,RECOVERY,False,NO_CHANGE,5,0,29837.8025,7254.891398158799,2097.657500000001,1.070302010344093,1.0,-0.0477238831905958,30424.743333333336,3493.2951703560943,26430.34,32908.43,43369.91,2228.874445275026,85752.39900212742,61294.17,0.1226435412452629,100.0,5267.566666666663,0.2082878994367838,0.3843388790693296,0.0986754637420852,0.0767429957332399,0.4051398914643586,73208.51,1.6329932923452075,0.8836112259253501,0.5705804950918865,0,0.3680467650997924,True,2026-09-30,73208.51,2026-10-30,72233.43999999999,77861.23999999995,4652.729999999996,45092.72,40439.990000000005,27,7677.6,15.40862118370324,94,23094.110000000004,17345.88,False,False,False,0.9866809200187244,0,7.369330348257245e-05,0.6845999999999999,0.8390500000000001,0.42765,0.8390500000000001,SPENDING_PRESSURE,0.8390500000000001,0.7522249999999999,True,SPENDING_CONTROL,1,0,SPENDING_CONTROL_MEDIUM,0.1487078495095696,1,0.084257796629444,0.0338365262930565,-0.1168447689089591,0.23442177799471145,0.31506220682279834,0.08064042882808689,0.08064042882808689,in_sample
541,2026-09-01,71798.2,17652.41,89450.61,64195.350000000006,30773.02,21995.320000000003,8777.7,33422.329999999994,128,126,2,4.266666666666667,4.2,1200.3590625000002,216.635,6854.060793854562,206241.63,231496.89,143862.0,233312.61,167342.26007812502,25255.259999999995,0.2823374821032522,1.3934126069878892,0.714759877321108,0.2852401226788921,1.6082841693309862,1.870778299646308,25255.26000000001,SPENDING_PRESSURE,STABLE,True,STABLE->SPENDING_PRESSURE,3,1,19168.92,1814.362022396382,11604.100000000002,1.6053601350519489,-10.0,0.0900025170206685,23795.306666666667,6053.274489995758,19951.81,30773.02,74720.04666666668,12820.128519567705,157193.36891286017,126682.48,0.2288573179411914,135.33333333333334,17502.41,0.5423673340914936,1.1760860349405386,0.3535792810719609,0.1224547148895207,0.5766965974556241,143862.0,1.6082841693309862,0.7176625178967477,0.0981290122001403,0,0.2309462208970523,True,2026-09-30,231496.89,2026-10-30,181250.0200000002,248722.34000000023,17225.449999999997,68042.89,50817.44,25,33422.329999999994,8.962265048546888,124,4664.050000000003,46153.39,False,False,False,0.7829479696249922,0,4.986859976405908e-05,0.445,0.80565,0.4927,0.80565,SPENDING_PRESSURE,0.80565,0.7522249999999999,True,SPENDING_CONTROL,0,1,SPENDING_CONTROL_LOW,0.1487078495095696,0,-0.0634017864239319,0.0090310528732962,-0.0263324211877021,0.11173535808565264,0.0738463009705476,-0.03788905711510504,0.03788905711510504,in_sample
547,2026-09-01,27499.68,6590.85,34090.53,24031.34,19973.03,13121.359999999995,6851.670000000001,4058.31,116,114,2,3.866666666666666,3.8,501.0506034482759,143.75,2610.403918335841,101878.93,111938.12,80581.47,114397.27,92873.8824137931,10059.19,0.2950728545434758,1.4185863127066571,0.6569539023373018,0.3430460976626982,2.3637494048933827,2.724330845363598,10059.190000000002,SPENDING_PRESSURE,STABLE,True,STABLE->SPENDING_PRESSURE,3,1,14406.5675,2541.5620802105723,5566.462499999998,1.3863836753619485,-5.0,-0.0636164563930659,16192.086666666668,3356.647630245587,13563.080000000002,19973.03,29875.836666666662,3661.6401947943127,85504.237149692,66073.45,0.324376225417868,113.66666666666669,9625.44,0.4726028306254919,0.4725495547966549,0.2406865340837749,0.0987367064023936,0.5708112926421605,80581.47,2.3637494048933827,0.7049271454565241,0.200984554948251,0,0.2751012764267756,True,2026-09-30,111938.12,2026-10-30,86985.27999999993,113804.16999999994,1866.0499999999995,27758.77,25892.72,28,4058.31,34.42242953347576,121,13052.8,12839.920000000002,False,False,False,0.7770836244167754,0,3.0488145192522715e-05,0.36285,0.8661,0.17025,0.8661,SPENDING_PRESSURE,0.8661,0.7522249999999999,True,SPENDING_CONTROL,1,0,SPENDING_CONTROL_MEDIUM,0.1487078495095696,0,0.0923811285283493,0.0328132172012522,-0.1132810212677142,0.07750932561690395,0.07801483951144739,0.0005055138945434384,0.0005055138945434384,in_sample
563,2026-09-01,76322.24,0.0,76322.24,55786.84,53533.98,28486.57,25047.41,2252.86,136,135,1,4.533333333333333,4.5,971.3902941176472,362.96,6514.8487022235295,256151.95,276687.35,211073.84,287396.08,242900.83044117648,20535.40000000001,0.2690618095066393,1.3681047358122456,0.5321212807267459,0.4678787192732541,2.7655613881353585,3.182569463909556,20535.399999999965,SPENDING_PRESSURE,STABLE,True,STABLE->SPENDING_PRESSURE,2,1,51235.68875,8472.297710751935,2298.2912499999948,1.0448572334259876,-36.0,-0.0333283085784509,48090.11666666667,4720.639197824102,45127.98,53533.98,70932.57,4678.473448562055,224747.16165449648,176754.08,0.29110830139129,152.0,20589.59333333333,0.186270247416348,0.154698587895018,0.1237274145811131,0.0801688216701062,0.1968036163863994,211073.84,2.7655613881353585,0.7309381904933607,0.3281797022728892,0,0.2468557052655402,True,2026-09-30,276687.35,2026-10-30,237243.6100000001,297746.14000000025,21058.79,68050.7,46991.91,28,2252.86,153.022402634873,160,20350.4,26641.51,False,False,False,0.8574429224899517,0,9.19530987462108e-05,0.375,0.81845,0.21885,0.81845,SPENDING_PRESSURE,0.81845,0.7522249999999999,True,SPENDING_CONTROL,0,1,SPENDING_CONTROL_MEDIUM,0.1487078495095696,0,0.0324337570638606,0.0218090504328819,-0.0202163222001355,0.0971063857629157,0.1620063053154219,0.0648999195525062,0.0648999195525062,in_sample
565,2026-09-01,37356.91,0.0,37356.91,34857.51,20930.270000000004,9433.65,11496.62,13927.240000000002,145,144,1,4.833333333333333,4.8,498.0304827586208,86.36,3302.7206609455443,130596.45,133095.85,96166.83,133523.74,107674.12531034484,2499.400000000001,0.0669059619759771,1.0717033431246237,0.4507180270488627,0.5492819729511372,2.5742715337001907,2.882308127474805,2499.4000000000087,RECOVERY,RECOVERY,False,NO_CHANGE,2,0,13227.64625,3511.83423460056,7702.623750000004,1.5823124994743494,-20.0,-0.2166369676162853,18168.980000000003,4054.999460998736,13513.51,20930.270000000004,40146.723333333335,4042.454656051596,99325.9372893315,76186.61,0.1971468300327948,158.0,8050.503333333334,0.5488403826984998,2.287181085431791,-0.0246395489159183,0.019138345644158,0.8752919486532148,96166.83,2.5742715337001907,0.9330940380240228,0.3077508284277259,0,0.473993340640035,True,2026-09-30,133095.85,2026-10-30,133095.85,145777.08000000002,12681.23,37356.91,24675.680000000004,28,13927.240000000002,12.238803955413994,143,2321.850000000006,22353.83,False,False,False,1.0,0,6.197974920401649e-05,0.6943000000000001,0.92095,0.68665,0.92095,SPENDING_PRESSURE,0.92095,0.7522249999999999,True,SPENDING_CONTROL,0,1,SPENDING_CONTROL_HIGH,0.1487078495095696,0,0.0127544724112335,-0.0080191618525192,0.0325937422986106,0.13169732340281476,0.1296359351260822,-0.002061388276732551,0.002061388276732551,in_sample
571,2026-09-01,33341.63,7243.33,40584.96,33750.53,16493.64,12127.75,4365.89,17256.89,188,186,2,6.266666666666667,6.2,395.4015425531915,71.94,2688.8809897054225,38532.54,45366.97,5280.07,45865.03,14436.843882978725,6834.43,0.1683980962405778,1.202498449653976,0.7352985756934188,0.2647014243065812,0.1300991795975652,0.3557190615188169,6834.43,LIQUIDITY_STRESS,LIQUIDITY_STRESS,False,NO_CHANGE,9,0,8074.625,2810.4317034780056,8419.015,2.0426508971004846,-22.0,0.0289809926374711,12742.696666666665,3299.659532229551,10287.94,16493.64,35925.056666666664,4042.824047523373,12915.166074498273,658.39,0.1645883272311432,192.3333333333333,5925.470000000001,0.4409317774588064,0.0309359415142813,0.2168148173022031,0.1773677520350332,0.3283173959596919,5280.07,0.1300991795975652,0.8316019037594222,0.1075740865581732,0,0.2327076986648439,True,2026-09-30,45366.97,2026-10-30,45366.97,57773.98000000006,12407.009999999997,40584.96,28177.950000000004,29,17256.89,4.980731174620687,226,2718.720000000001,25459.230000000003,False,False,False,1.0,0,0.0362297434363691,0.6363,0.7971,0.43695,0.7971,SPENDING_PRESSURE,0.7971,0.7522249999999999,True,SPENDING_CONTROL,0,1,SPENDING_CONTROL_LOW,0.1487078495095696,1,-0.0348325671134867,-0.002436949965033,0.0401093178918224,0.27534376671234106,0.345213350281235,0.06986958356889394,0.06986958356889394,in_sample
585,2026-09-01,95102.19,0.0,95102.19,75099.62000000001,65295.46999999999,29664.47,35631.0,9804.15,90,89,1,3.0,2.966666666666667,1891.1312222222225,403.525,10256.613714787009,600476.19,620478.76,531050.53,626152.72,580289.1383333333,20002.569999999992,0.2103271228559509,1.2663471532878594,0.4543113021469944,0.5456886978530059,5.5839989594351085,6.101743170513037,20002.570000000065,RECOVERY,RECOVERY,False,NO_CHANGE,6,0,48943.5975,5922.402809043325,16351.872499999983,1.334096252323912,-5.0,-0.1667131857748869,59550.12333333333,6485.267583818978,52517.89,65295.46999999999,111093.73,23550.158899701728,536633.6592436647,434220.73,0.3586610673725479,97.66666666666669,41739.45666666666,0.2432995689659274,0.9469747058855672,-0.0493759361707125,0.0333111792492555,0.3800439618938508,531050.53,5.5839989594351085,0.789672877144049,0.374660141895786,0,0.7654789374400826,True,2026-09-30,620478.76,2026-10-30,573953.3300000001,666786.2799999999,46307.52,96620.01,50312.49,28,9804.15,73.14237032277148,104,11153.959999999992,39158.530000000006,False,False,False,0.9250168853483398,0,6.367530337415433e-05,0.37255,0.90755,0.47335,0.90755,SPENDING_PRESSURE,0.90755,0.7522249999999999,True,SPENDING_CONTROL,0,1,SPENDING_CONTROL_HIGH,0.1487078495095696,1,-0.0080944887820337,-0.0215726275770597,-0.0649721136044068,0.30132616840368265,0.03237560210813875,-0.2689505662955439,0.2689505662955439,in_sample
613,2026-09-01,53964.06,16587.05,70551.11,48126.87,34880.67,18232.900000000005,16647.77,13246.2,163,161,2,5.433333333333334,5.366666666666666,728.0857668711657,192.58,4463.023176448578,205889.2,228313.44,158855.36,229172.53,179926.00785276075,22424.240000000005,0.3178439006841991,1.4659401286640916,0.522722183948875,0.4772778160511252,2.2516351620832045,2.5502930833088344,22424.23999999999,SPENDING_PRESSURE,SPENDING_PRESSURE,False,NO_CHANGE,5,0,23597.035,4795.635525260741,11283.634999999998,1.478180203572186,-20.0,0.0680599874255508,28921.096666666668,7711.1555858660595,20212.04,34880.67,60725.77,9427.403889873389,166341.21689101335,140341.46,0.307048955571785,169.33333333333334,18558.47333333334,0.1013587373518261,0.1015238133047493,0.1783698132292352,0.1089141149705763,-0.4655578133773432,158855.36,2.2516351620832045,0.6821560993158009,0.2359675134806525,0,0.1963661261204691,True,2026-09-30,228313.44,2026-10-30,228313.44,261866.46,33553.02,70551.11,36998.09,29,13246.2,22.56228578762211,136,9407.759999999998,27590.330000000005,False,False,False,1.0,0,4.1320648292144696e-05,0.34085,0.8075000000000001,0.27695,0.8075000000000001,SPENDING_PRESSURE,0.8075000000000001,0.7522249999999999,True,SPENDING_CONTROL,1,0,SPENDING_CONTROL_LOW,0.1487078495095696,0,0.0722148902078908,0.0337329860220876,-0.0499028918101212,0.0886796904760235,0.029241255779468373,-0.05943843469655513,0.05943843469655513,in_sample
636,2026-09-01,115779.6,22250.65,138030.25,85272.44,72000.61000000002,56892.63,15107.979999999998,13271.83,112,110,2,3.733333333333333,3.6666666666666665,1993.7740178571428,545.06,11109.218585000142,344006.55,396764.36,268284.17,405095.67,310988.7617857143,52757.81,0.3822191874607196,1.6186970843100068,0.7901687221816591,0.2098312778183406,1.943662132032652,2.253047877445084,52757.81,SPENDING_PRESSURE,SPENDING_PRESSURE,False,NO_CHANGE,3,0,55328.62875,7698.389633292404,16671.98125000001,1.301326485522199,-23.0,-0.0245199353811985,59360.55666666667,10947.078220864849,52938.990000000005,72000.61000000002,119822.96333333332,15815.70990103615,275482.74194284616,195451.99,0.3947486532520385,125.0,47190.57666666667,0.3548702562771832,-0.2008731799714478,0.2329941049893069,0.1533628066093508,0.3510341422901202,268284.17,1.943662132032652,0.6177808125392804,0.1094541232809474,0,0.3187906058383576,True,2026-09-30,396764.36,2026-10-30,339462.9300000001,444932.3100000001,48167.94999999998,109837.54,61669.59000000001,29,13271.83,38.17121678020288,124,22608.10000000001,39061.490000000005,False,False,False,0.8555781824758658,0,4.564541314020605e-05,0.31625,0.8025,0.2069,0.8025,SPENDING_PRESSURE,0.8025,0.7522249999999999,True,SPENDING_CONTROL,0,1,SPENDING_CONTROL_LOW,0.1487078495095696,0,0.0019916797329196,-0.0049793692659028,-0.0441514187919244,0.14973233188201104,0.06510329072451415,-0.08462904115749689,0.08462904115749689,in_sample
646,2026-09-01,33739.81,6922.61,40662.42,33404.51,29817.26,5656.989999999999,24160.27,3587.25,119,117,2,3.966666666666667,3.9,622.4111764705882,223.5,3130.3392425301163,98478.32,105736.23,66845.27,107302.78,84317.34588235295,7257.909999999996,0.1784918359507377,1.2172733562025009,0.1897219932347908,0.8102780067652092,1.643907814635725,2.0735938953548008,7257.909999999989,RECOVERY,RECOVERY,False,NO_CHANGE,5,0,24851.81125,4674.6565643796985,4965.44875,1.199802288052546,-23.0,-0.0199168041603675,29488.38333333333,1584.788353892509,27764.96,30882.93,42101.706666666665,3912.7387612429816,75983.71649209649,46207.7,0.2120293498541436,126.33333333333331,9026.073333333332,0.0739169082181281,0.2244616939346235,0.0396282923651438,0.0737005870936871,0.1748778597858711,66845.27,1.643907814635725,0.8215081640492623,0.594167046624377,0,0.325998332010713,True,2026-09-30,105736.23,2026-10-30,68483.38000000005,118817.92000000004,13081.690000000002,51369.77,38288.08,29,3587.25,43.79566520315005,132,26962.6,11325.48,False,False,False,0.6476813103701546,0,8.809407824255343e-05,0.6334500000000001,0.8139,0.33285,0.8139,SPENDING_PRESSURE,0.8139,0.7522249999999999,True,SPENDING_CONTROL,1,0,SPENDING_CONTROL_MEDIUM,0.1487078495095696,0,0.1321437419538221,0.046642394170124,-0.1175731849945463,0.09223909330367766,0.08080308245922305,-0.011436010844454614,0.011436010844454614,in_sample
653,2026-09-01,25879.75,0.0,25879.75,18081.52,14114.19,9444.83,4669.3600000000015,3967.33,137,136,1,4.566666666666666,4.533333333333333,320.8851824817518,87.8,2211.8603380057248,124459.36,132257.59,123129.84,149009.59,138872.20963503647,7798.23,0.3013255537630773,1.4312817727713156,0.6691726553206383,0.3308273446793618,4.757767752779682,5.366056845025028,7798.229999999996,SPENDING_PRESSURE,STABLE,True,STABLE->SPENDING_PRESSURE,2,1,12233.79375,1418.3831057524371,1880.3962500000016,1.1537050802413602,4.0,-0.0469663041049605,12493.840000000002,1495.0844817267011,11167.79,14114.19,24344.983333333334,1375.4370977014296,130165.37386712538,107472.27,0.3246892421839009,140.33333333333334,7883.813333333334,0.2638301758897687,0.5033451599817129,0.114364722006806,0.0626568383446612,0.3484030368337061,123129.84,4.757767752779682,0.6986744462369227,0.1804252359470242,0,0.3063303584648819,True,2026-09-30,132257.59,2026-10-30,130668.61000000004,140899.06000000003,8641.470000000003,23415.49,14774.02,29,3967.33,39.23875251113469,142,4096.91,10677.11,False,False,False,0.98798571787071,0,3.568347698031341e-05,0.2412,0.77955,0.2547,0.77955,SPENDING_PRESSURE,0.77955,0.7522249999999999,True,SPENDING_CONTROL,0,1,SPENDING_CONTROL_LOW,0.1487078495095696,0,0.0262116247633626,0.0056988582809615,0.0473483089228534,0.36177701983290567,0.16628360835866923,-0.19549341147423643,0.19549341147423643,in_sample
656,2026-09-01,24469.31,10987.56,35456.87,24760.4,17500.32,9873.56,7626.76,7260.08,112,110,2,3.733333333333333,3.6666666666666665,537.6541964285715,138.51,2533.90313613462,89177.03,99873.5,64959.04,100415.91,75822.44973214286,10696.470000000005,0.3016755286070091,1.4319990791748116,0.5641931118973825,0.4358068881026176,1.83205793404776,2.138441710510343,10696.47,SPENDING_PRESSURE,STABLE,True,STABLE->SPENDING_PRESSURE,2,1,10533.2725,2087.012480199183,6967.047500000001,1.6614323801078916,-32.0,-0.0368826597208928,11484.06,5291.743742359412,7550.720000000001,17500.32,27128.656666666662,7235.15871102586,70545.59268152714,58361.74,0.3107908288878704,123.0,8384.516666666668,1.317702152907272,1.4698056994818658,0.5834834262174944,0.1199464705204915,1.5145314736066764,64959.04,1.83205793404776,0.6983244713929909,0.2150996407748343,0,0.4077314905191442,True,2026-09-30,99873.5,2026-10-30,99873.5,118107.45000000008,18233.95,35456.87,17222.920000000002,27,7260.08,18.640341428744588,99,4936.690000000004,12286.229999999998,False,False,False,1.0,0,6.366672445839735e-05,0.4035499999999999,0.9074,0.16055,0.9074,SPENDING_PRESSURE,0.9074,0.7522249999999999,True,SPENDING_CONTROL,1,0,SPENDING_CONTROL_HIGH,0.1487078495095696,0,0.0908000341573783,0.0388159410561652,-0.0795453652089884,0.0885175048416738,0.13035191783474923,0.04183441299307543,0.04183441299307543,in_sample
659,2026-09-01,49809.86,0.0,49809.86,46891.61,17519.21,8421.0,9098.21,29372.4,161,160,1,5.366666666666666,5.333333333333333,600.630248447205,51.25,4170.134720517575,118573.96,121492.21,71991.87,121801.73,85514.27832298136,2918.25,0.0585877976770061,1.0622339476081115,0.4806723590846847,0.5193276409153154,1.445333715051598,1.7168142677570537,2918.25,SPENDING_PRESSURE,STABLE,True,STABLE->SPENDING_PRESSURE,3,1,10047.03125,1574.723095027345,7472.178749999999,1.7437200665619508,-11.0,-0.1588762886512753,12546.85,4438.891988413326,8983.41,17519.21,50220.81,1455.700090162798,79048.29087035624,56752.76,0.1648565343405269,176.33333333333334,8301.559999999998,0.9501737090926496,7.873532165567823,0.0162216442557303,0.0246112215531977,1.143613603220194,71991.87,1.445333715051598,0.9414122023229938,0.1826588149414593,0,0.4176297574611655,True,2026-09-30,121492.21,2026-10-30,121492.21,129704.18000000008,8211.969999999994,49809.86,41597.89000000001,29,29372.4,5.832076030559301,173,1236.3900000000067,40361.5,False,False,False,1.0,0,4.594921840436216e-05,0.84375,0.8847499999999999,0.85005,0.8847499999999999,SPENDING_PRESSURE,0.8847499999999999,0.7522249999999999,True,SPENDING_CONTROL,0,1,SPENDING_CONTROL_MEDIUM,0.1487078495095696,0,0.0035909553119542,-0.0115204051557623,-0.0606953753965273,0.17395954361751073,0.25759750154010475,0.08363795792259401,0.08363795792259401,in_sample
668,2026-09-01,30870.41,0.0,30870.41,28169.7,17572.620000000003,8713.44,8859.18,10597.079999999998,143,142,1,4.766666666666667,4.733333333333333,412.867902097902,109.85,2617.368273092255,66588.64,69289.35,42044.42,72914.83,54975.16195804195,2700.7100000000028,0.0874853945898354,1.0958728704956036,0.4958532080019939,0.5041467919980059,1.3619650662236102,1.780836793487419,2700.7100000000064,SPENDING_PRESSURE,SPENDING_PRESSURE,False,NO_CHANGE,4,0,13643.55625,2069.065796453888,3929.063750000003,1.287979444508832,-13.0,-0.0254230078203073,15104.633333333337,2490.327827462352,12592.55,17572.620000000003,29267.47,2707.7304184131804,52504.63722068511,36470.06,0.1214137955297365,138.0,3565.7566666666667,0.3954774847032574,0.8285050278222679,0.1809106624449767,0.0405581192227384,0.5642163822874113,42044.42,1.3619650662236102,0.9125146054101644,0.2869796675845899,0,0.2317180192159894,True,2026-09-30,69289.35,2026-10-30,42408.78,66480.12000000002,-2809.23,26146.32,28955.55,29,10597.079999999998,9.005845950016422,152,9182.820000000003,19772.73,False,False,False,0.6120533675088595,0,8.584304545515003e-05,0.8196,0.8728500000000001,0.58155,0.8728500000000001,SPENDING_PRESSURE,0.8728500000000001,0.7522249999999999,True,SPENDING_CONTROL,0,1,SPENDING_CONTROL_MEDIUM,0.1487078495095696,0,0.0008877084163004,0.0025334989970605,-0.0476936296655119,0.24376301417433677,0.3176100423408463,0.07384702816650951,0.07384702816650951,in_sample
671,2026-09-01,38859.27,0.0,38859.27,31818.5,18758.720000000005,10841.79,7916.93,13059.78,128,127,1,4.266666666666667,4.233333333333333,552.1700781249999,116.455,3517.831485560946,74756.35,81797.12,43516.81,82376.08,55489.631171875,7040.769999999997,0.1811863681433027,1.221279130065842,0.5779600100646524,0.4220399899353473,1.119856600497127,1.4279638081691963,7040.7699999999895,SPENDING_PRESSURE,STABLE,True,STABLE->SPENDING_PRESSURE,2,1,15599.476250000002,1526.067877098691,3159.243750000004,1.2025224244307564,-12.0,-0.0484692441514252,17175.593333333338,1377.5909073935252,16249.72,18758.720000000005,38373.94,496.71153570256536,47123.7266654788,28573.45,0.2122739076657668,127.33333333333331,8138.566666666667,0.1356298514257485,0.3925140932396425,0.0120663705071129,0.0941829021882421,0.1190991050498109,43516.81,1.119856600497127,0.8188136318566973,0.2037333691549018,0,0.2392075067159503,True,2026-09-30,81797.12,2026-10-30,81797.12,91519.93,9722.809999999994,38859.27,29136.460000000003,28,13059.78,9.238776610325749,105,5742.610000000001,23393.85,False,False,False,1.0,0,8.6357179635202e-05,0.63415,0.7675000000000001,0.42355,0.7675000000000001,SPENDING_PRESSURE,0.7675000000000001,0.7522249999999999,True,SPENDING_CONTROL,1,0,SPENDING_CONTROL_LOW,0.1487078495095696,0,0.0633572661588591,0.0094908333644545,-0.0834041829869213,0.1991865363517231,0.1767050543441404,-0.02248148200758268,0.02248148200758268,in_sample
672,2026-09-01,42985.25,0.0,42985.25,30170.09,27359.38,17462.41,9896.97,2810.71,127,126,1,4.233333333333333,4.2,576.0262992125984,186.66,3799.065266396167,207772.57,220587.73,178415.2,221400.45,193344.28803149608,12815.16,0.2981292420074328,1.424763731231826,0.6382604430363553,0.3617395569636447,4.150614454958387,4.497921683170299,12815.160000000003,RECOVERY,RECOVERY,False,NO_CHANGE,4,0,25251.72375,5133.23711556067,2107.65625,1.0834658366639227,-6.0,-0.0922369661131662,29527.976666666666,7170.306899096667,23692.29,37532.26,42577.17333333333,1155.8573352422432,181086.8834879672,150199.15,0.2370067683257865,137.0,10238.48666666667,0.1547798883096569,0.0646218951123198,-0.0112341639669464,0.0616787865693724,0.5235285328090822,178415.2,4.150614454958387,0.7018707579925673,0.2302410710650747,0,0.3424769352114555,True,2026-09-30,220587.73,2026-10-30,220587.73,234152.03,13564.3,42985.25,29420.95,29,2810.71,93.7745196053666,116,10430.760000000002,18990.19,False,False,False,1.0,0,5.521567897522968e-05,0.2709,0.7748999999999999,0.2461499999999999,0.7748999999999999,SPENDING_PRESSURE,0.7748999999999999,0.7522249999999999,True,SPENDING_CONTROL,0,1,SPENDING_CONTROL_LOW,0.1487078495095696,1,0.0725192345314793,0.0115684606054378,-0.0010899813194379,0.3727958813944452,0.16032034433511108,-0.2124755370593341,0.2124755370593341,in_sample
673,2026-09-01,32568.29,0.0,32568.29,31621.77,20408.36,6845.88,13562.479999999998,11213.41,99,98,1,3.3,3.2666666666666666,648.3844444444444,88.95,3460.899446256776,113941.97,114888.49,102416.42,134984.71,122642.26494949496,946.5200000000004,0.0290626250257535,1.0299325433079805,0.3354448863112959,0.6645551136887039,3.1446667909184054,3.765695556920396,946.520000000004,RECOVERY,RECOVERY,False,NO_CHANGE,5,0,13999.05875,4531.245437519476,6409.30125,1.457838013573591,-37.0,-0.2426054158820227,17233.600000000002,4457.619505666673,12137.51,20408.36,35595.14333333333,5283.323710982823,115740.3199419538,85780.02,0.1942378687991159,116.0,7148.133333333336,0.0654364176741966,1.5202652856057095,-0.2189060561102885,0.0083070355901342,-0.5127233531519448,102416.42,3.1446667909184054,0.9709373749742464,0.4164320570714642,0,0.5799708115991887,True,2026-09-30,114888.49,2026-10-30,107473.95999999998,126583.83,11695.34,31956.65,20261.31,27,11213.41,13.095493699062107,90,2646.320000000004,17614.989999999998,False,False,False,0.9354632478849708,0,7.563778442178753e-05,0.63535,0.8115500000000001,0.6466,0.8115500000000001,SPENDING_PRESSURE,0.8115500000000001,0.7522249999999999,True,SPENDING_CONTROL,1,0,SPENDING_CONTROL_LOW,0.1487078495095696,0,0.0618515654800692,0.0221041819104263,-0.1239514520722734,0.2495235465396601,0.09751393018980209,-0.15200961634985802,0.15200961634985802,in_sample
674,2026-09-01,65097.55,12504.93,77602.48000000001,64773.75,40821.84,7082.900000000001,33738.939999999995,23951.91,187,185,2,6.233333333333333,6.166666666666667,761.3702139037432,183.87,5047.77939640863,222319.76,235148.49,161397.12,238999.6,186714.11192513365,12828.73000000001,0.1653134023551825,1.1980544587892474,0.1735076125916911,0.8264923874083089,2.0797933261926675,2.4060327959252543,12828.72999999998,SPENDING_PRESSURE,SPENDING_PRESSURE,False,NO_CHANGE,4,0,30486.09125,7633.187323335306,10335.748749999995,1.3390316149499812,-10.0,0.083633041451777,33194.23333333333,7890.650589408538,25064.52,40821.84,66967.76000000001,9278.441532326431,183539.196239868,159723.84,0.1457131627218837,190.66666666666663,9821.61666666667,0.2114621350568044,0.1192377267282296,0.2361846444011865,0.0577039575789393,-0.1329218786805419,161397.12,2.0797933261926675,0.8346865976448175,0.4347662600473592,0,0.1741007446997926,True,2026-09-30,235148.49,2026-10-30,184148.2899999999,247900.7999999999,12752.310000000003,65541.72,52789.41,29,23951.91,12.553913654485171,197,22340.07,30449.34,False,False,False,0.7831149160260391,0,9.92090751383051e-05,0.6256,0.8895,0.67375,0.8895,SPENDING_PRESSURE,0.8895,0.7522249999999999,True,SPENDING_CONTROL,0,1,SPENDING_CONTROL_MEDIUM,0.1487078495095696,0,-0.0292668906903111,-0.0170820722548116,0.0183342512313333,0.04027190016700666,0.16473622148561148,0.12446432131860483,0.12446432131860483,in_sample
688,2026-09-01,92941.56,0.0,92941.56,91632.84,62845.25,20619.92,42225.33,28787.59,128,127,1,4.266666666666667,4.233333333333333,1441.9875,277.61,8496.13854675225,288913.83,290222.55,198492.2,291433.76,238042.349921875,1308.7199999999866,0.0140811064501175,1.0142822158518714,0.3281062610141577,0.6718937389858423,2.135666756615662,2.561204588365797,1308.719999999972,SPENDING_PRESSURE,STABLE,True,STABLE->SPENDING_PRESSURE,2,1,48368.0975,3425.673302464996,14477.152500000004,1.299312010359721,5.0,-0.1651346700155627,52865.86666666666,9436.276200622437,44087.73999999999,62845.25,93517.66,5043.0102320340175,228017.2306188216,176950.39,0.1264003173161451,127.66666666666669,11864.20333333333,0.4254586422438531,0.5916152591834258,0.0467872482864692,0.0045297935374017,0.5721135768306042,198492.2,2.135666756615662,0.9859188935498824,0.4543212960918668,0,0.4515621001470282,True,2026-09-30,290222.55,2026-10-30,290067.38,312340.8100000001,22118.26000000001,92941.56,70823.29999999999,28,28787.59,13.310044710237989,126,26494.499999999985,44328.8,False,False,False,0.999465341338914,0,8.749730600993273e-05,0.7718,0.9464,0.8667499999999999,0.9464,SPENDING_PRESSURE,0.9464,0.7522249999999999,True,SPENDING_CONTROL,0,1,SPENDING_CONTROL_HIGH,0.1487078495095696,0,-0.0080380318802021,-0.011971105021476,0.0058608061763574,0.0489207854566388,0.05212254679484867,0.003201761338209874,0.003201761338209874,in_sample
690,2026-09-01,107448.62,0.0,107448.62,117524.45,86886.85,27593.88,59292.97,30637.6,169,168,1,5.633333333333334,5.6,1331.201597633136,263.34,8930.896276630701,381986.58,371910.75,355899.68,463348.3,403510.91704142006,-10075.830000000002,-0.0937734705201425,0.9142660952678358,0.3175840763015347,0.6824159236984652,3.312277812409317,3.755384825244104,-10075.830000000016,LIQUIDITY_STRESS,RECOVERY,True,RECOVERY->LIQUIDITY_STRESS,1,1,57977.91375,13956.077450559906,28908.93625000001,1.4986198084783622,-18.0,-0.3268401319134088,60953.21,23669.870833437184,40513.27,86886.85,103941.02333333332,10522.311866459471,391057.45473692025,309575.88,0.1222874147203988,173.66666666666666,12350.213333333331,0.5666717935300909,1.2324009099335915,-0.0428723000657482,-0.026377444987727,0.1977497094820743,355899.68,3.312277812409317,1.0937734705201425,0.5518262589133299,1,0.6422201616286091,True,2026-09-30,371910.75,2026-10-30,343918.0999999999,394700.7799999999,22790.03,100258.83,77468.8,29,30637.6,15.411441496722984,169,20945.43,56523.37,False,False,False,0.9247328828220208,0,9.841391598767932e-05,0.6429499999999999,0.9692,0.8971999999999999,0.9692,SPENDING_PRESSURE,0.9692,0.7522249999999999,True,SPENDING_CONTROL,0,1,SPENDING_CONTROL_HIGH,0.1487078495095696,0,-0.0253864177988922,-0.0018650101237165,-0.0217464211404691,0.23213883677362063,0.06067340429791205,-0.17146543247570858,0.17146543247570858,in_sample
694,2026-09-01,58822.9,0.0,58822.9,66827.59,52171.39,30025.26,22146.130000000005,14656.2,107,106,1,3.566666666666667,3.533333333333333,1174.303644859813,338.12,5802.109239734141,86327.24,78322.55,78322.55,137851.31,104226.14214953272,-8004.689999999995,-0.1360811860686908,0.8802187838885108,0.5755119808002049,0.4244880191997952,1.3314975970242882,1.7718633754801738,-8004.690000000002,LIQUIDITY_STRESS,RECOVERY,True,RECOVERY->LIQUIDITY_STRESS,2,1,39756.32,10421.011065762425,12415.07,1.312279154609883,4.0,-0.267035830013649,46084.50333333333,5901.674818187921,40387.36000000001,52171.39,63360.19,4548.445742635611,104920.45029010554,63074.17,0.035436727402857,106.0,2619.486666666673,0.2917751989731438,0.070412071911394,-0.0712852134801941,-0.0927249614374327,0.4079241841084193,78322.55,1.3314975970242882,1.1360811860686908,0.3764882384241512,1,0.4909752899580869,True,2026-09-30,78322.55,2026-10-30,69865.75000000003,82706.80000000006,4384.250000000007,57643.62,53259.37,29,14656.2,9.277041115705298,133,20212.09999999999,33047.270000000004,False,False,False,0.892025987407203,0,5.424852082014215e-05,0.9041,0.91555,0.74435,0.91555,SPENDING_PRESSURE,0.91555,0.7522249999999999,True,SPENDING_CONTROL,0,1,SPENDING_CONTROL_HIGH,0.1487078495095696,0,-0.0474104301237458,-0.0370905333348309,-0.0773915581194319,0.19271627730175525,0.18886083000944642,-0.003855447292308828,0.003855447292308828,in_sample
705,2026-09-01,83658.64,0.0,83658.64,64821.77999999999,61565.33999999999,31885.029999999995,29680.31,3256.44,244,243,1,8.133333333333333,8.1,608.5263114754098,233.1,5341.955221484932,337946.56,356783.42,319671.98,403330.62,365310.88672131154,18836.860000000008,0.2251633543170198,1.290594611872738,0.5179055293124346,0.4820944706875654,3.821147224004597,4.366684501700142,18836.859999999982,SPENDING_PRESSURE,STABLE,True,STABLE->SPENDING_PRESSURE,1,1,52383.51625,3727.275023449006,9181.823749999989,1.175280783103215,52.0,-0.128034309807172,54339.35666666667,6339.71216122886,49711.07000000001,61565.33999999999,80085.12666666666,4742.038757595035,339831.9166339557,274503.77,0.280720408551716,205.3333333333333,22489.33,0.2384633845137507,0.3161159553447581,0.0215810365296258,0.0557391677548071,0.2777081632858271,319671.98,3.821147224004597,0.7748366456829802,0.3547787771830858,0,0.1293019980378567,True,2026-09-30,356783.42,2026-10-30,338510.56,381172.51,24389.09000000001,82355.82,57966.73,29,3256.44,134.85255063812016,246,30527.02,27439.71,False,False,False,0.9487844474387293,0,6.645352240916483e-05,0.3678,0.8871499999999999,0.3250499999999999,0.8871499999999999,SPENDING_PRESSURE,0.8871499999999999,0.7522249999999999,True,SPENDING_CONTROL,0,1,SPENDING_CONTROL_MEDIUM,0.1487078495095696,0,0.0740528586970488,-0.0075997745717456,0.0738177747174412,0.2749711545360897,0.06047454916547325,-0.2144966053706165,0.2144966053706165,in_sample
706,2026-09-01,117505.51,0.0,117505.51,101910.38,88095.15,35139.82000000001,52955.33,13815.23,98,97,1,3.2666666666666666,3.2333333333333334,2238.9376530612244,558.61,12001.91217519502,390358.61,405953.74,290557.42,408062.93,347526.9358163265,15595.130000000005,0.1327182869977757,1.1530278858738434,0.3988848421280855,0.6011151578719147,2.472713151919429,2.9575373598763712,15595.130000000005,SPENDING_PRESSURE,STABLE,True,STABLE->SPENDING_PRESSURE,2,1,66498.48749999999,10383.884342743737,21596.66250000001,1.3247692287738124,17.0,-0.2080164426921412,69056.42,16544.445817182877,58171.86,88095.15,118266.81666666668,5353.751944247454,311791.4401398337,230425.57,0.2975756128049644,90.0,35395.16666666667,0.4465007450463651,0.8580974015219776,0.036802925005958,0.0399507775683491,0.3995641334269326,290557.42,2.472713151919429,0.8672817130022242,0.4506625263785503,0,0.4716218791952485,True,2026-09-30,405953.74,2026-10-30,405953.74,438657.3699999997,32703.629999999976,117505.51,84801.88000000002,27,13815.23,37.89001341273363,96,29005.84000000002,55796.04,False,False,False,1.0,0,7.633125256861633e-05,0.63645,0.9538,0.6162,0.9538,SPENDING_PRESSURE,0.9538,0.7522249999999999,True,SPENDING_CONTROL,1,0,SPENDING_CONTROL_HIGH,0.1487078495095696,0,0.1305471488437267,0.0244401914013547,-0.0792226944086178,0.05476245600801079,0.027105512076841833,-0.027656943931168954,0.027656943931168954,in_sample
713,2026-09-01,54705.98,14390.66,69096.64,44699.630000000005,40047.56,29355.18,10692.379999999996,4652.07,192,190,2,6.4,6.333333333333333,592.68890625,182.2,4064.7771423724143,279486.07,303883.08,275214.76,344311.4,320154.28489583335,24397.009999999995,0.3530853309220245,1.545798924957544,0.7330079535432371,0.2669920464567628,3.9830411435346207,4.633427687595711,24397.01000000001,SPENDING_PRESSURE,STABLE,True,STABLE->SPENDING_PRESSURE,2,1,34147.9325,9010.477521578898,5899.627499999995,1.1727667553518797,2.0,-0.0986139997148483,36640.52,4646.629889629696,31347.4,40047.56,67430.53666666667,1722.6406851206605,290884.5572022085,221939.45,0.3884885314512838,193.3333333333333,26137.946666666667,0.2775400830690901,0.1424373909503624,0.0523969925874749,0.0872924006552455,0.4638840635916382,275214.76,3.9830411435346207,0.6469146690779755,0.1547452958638799,0,0.1391491158744969,True,2026-09-30,303883.08,2026-10-30,300602.76,319231.4200000002,15348.339999999997,37317.06,21968.72,29,4652.07,73.34372440655451,148,3109.6800000000003,18859.04,False,False,False,0.9892053219942354,0,3.641821651505248e-05,0.17855,0.80565,0.1592,0.80565,SPENDING_PRESSURE,0.80565,0.7522249999999999,True,SPENDING_CONTROL,1,0,SPENDING_CONTROL_LOW,0.1487078495095696,0,0.0463996225231787,0.0206814672621848,-0.0464313464350064,0.36537069121346144,0.09781682862091055,-0.2675538625925509,0.2675538625925509,in_sample
718,2026-09-01,22661.68,3811.87,26473.55,25154.14,18692.15,8042.78,10649.37,6461.99,154,152,2,5.133333333333334,5.066666666666666,335.2447402597403,111.235,1867.0624042415632,70642.05,71961.46,47325.76,73477.3,57693.190454545445,1319.41,0.0498388013696689,1.0524529958090398,0.4302758109687757,0.5697241890312245,1.7876620249267667,2.1792766914352417,1319.4100000000035,RECOVERY,RECOVERY,False,NO_CHANGE,6,0,12828.14125,2342.253821779584,5864.008749999997,1.4571206876912115,-14.0,-0.0220778932026483,15795.753333333332,3332.3786167290955,12153.72,18692.15,23753.15,3358.0711461343403,58076.00729936829,47325.76,0.0636566653139954,153.66666666666666,1495.406666666667,0.1300229303583313,0.1182636381105792,0.0680891151824223,0.0186774024819496,-0.2309916396663194,47325.76,1.7876620249267667,0.950161198630331,0.4022645244026585,0,0.2053156872804996,True,2026-09-30,71961.46,2026-10-30,55755.70999999998,75115.18999999999,3153.730000000003,20000.0,16846.269999999997,28,6461.99,14.231136228932575,108,3339.9299999999967,13506.34,False,False,False,0.7747995941160724,0,4.984841891744201e-05,0.8123,0.84135,0.5522,0.84135,SPENDING_PRESSURE,0.84135,0.7522249999999999,True,SPENDING_CONTROL,0,1,SPENDING_CONTROL_MEDIUM,0.1487078495095696,0,-0.0772919032833971,0.00955703216509,-0.0405810060967953,0.22587310609769815,0.23779211657450527,0.01191901047680713,0.01191901047680713,in_sample
719,2026-09-01,72298.8,17248.35,89547.15,67790.91,30082.95,22625.67,7457.28,37707.96,78,76,2,2.6,2.533333333333333,2017.154615384616,330.33500000000004,8730.18606064497,139958.55,161714.79,119488.83,209035.98,176311.24205128208,21756.23999999999,0.2429584861159734,1.320931523120135,0.7521094174607211,0.2478905825392789,1.3343677604479875,1.9689207534944675,21756.24000000002,SPENDING_PRESSURE,STABLE,True,STABLE->SPENDING_PRESSURE,2,1,19628.616250000003,3316.509708921362,10454.333749999994,1.532606762333539,-34.0,0.0139469952174946,21378.016666666663,7773.398767651978,15129.810000000003,30082.95,76505.91333333333,11387.098122833291,152145.20672509295,89488.54,0.2264220375771354,93.0,17419.936666666657,0.988323052305349,0.6579765308527243,0.3066377266260531,0.1554477379195484,1.1887047387548455,119488.83,1.3343677604479875,0.7570415138840265,0.0832776922548623,0,0.3384033776831169,True,2026-09-30,161714.79,2026-10-30,140939.73,178405.86000000007,16691.070000000014,70279.8,53588.72999999999,27,37707.96,6.152403630427104,86,3906.589999999989,49682.14,False,False,False,0.8715327150967453,0,6.388309751787599e-05,0.48645,0.798,0.52245,0.798,SPENDING_PRESSURE,0.798,0.7522249999999999,True,SPENDING_CONTROL,0,1,SPENDING_CONTROL_LOW,0.1487078495095696,1,-0.0007819723751518,0.0015386549540667,-0.0376234771059447,0.16333044678272024,0.2509725497718505,0.08764210298913028,0.08764210298913028,in_sample
721,2026-09-01,20018.64,4809.73,24828.37,18073.83,9990.640000000005,4286.15,5704.490000000001,8083.19,112,110,2,3.733333333333333,3.6666666666666665,383.05535714285713,82.13,1984.1167575028123,82196.04,88950.58,64449.11,89277.48,70881.3575,6754.539999999997,0.2720492726667114,1.3737193500215503,0.4290165594996915,0.5709834405003081,2.595784983065743,2.854853439835156,6754.540000000008,SPENDING_PRESSURE,STABLE,True,STABLE->SPENDING_PRESSURE,3,1,7973.487499999999,2615.597429393521,2017.152500000004,1.2529824621911057,17.0,-0.0095037273332884,8088.916666666668,1854.410294523122,6285.749999999999,9990.640000000005,22868.096666666665,2538.975505520549,65422.47120175439,53039.12,0.2925196774263192,100.66666666666669,6695.989999999997,0.5894109692558571,1.0166971289988442,0.2414184999999999,0.0821759783074709,0.8027442859024163,64449.11,2.595784983065743,0.7279507273332886,0.2297569272570048,0,0.3098829114579122,True,2026-09-30,88950.58,2026-10-30,88950.58,98007.70000000004,9057.119999999995,24828.37,15771.250000000002,29,8083.19,14.07599598673296,119,3752.050000000001,12019.2,False,False,False,1.0,0,3.179960847369325e-05,0.391,0.8490500000000001,0.27625,0.8490500000000001,SPENDING_PRESSURE,0.8490500000000001,0.7522249999999999,True,SPENDING_CONTROL,1,0,SPENDING_CONTROL_MEDIUM,0.1487078495095696,0,0.0071347531282384,0.0237057692217458,-0.1092890750898786,0.16075149104683353,0.17144212667932127,0.010690635632487733,0.010690635632487733,in_sample
723,2026-09-01,126672.64,45001.43,171674.07,144404.83000000002,65200.4,32050.78,33149.62,79204.43,172,170,2,5.733333333333333,5.666666666666667,1837.668023255814,346.62,10851.060294868412,323822.32,351091.56,181462.67,352090.16,224240.62662790692,27269.23999999999,0.1588430914464833,1.1888388359309032,0.4915733645805854,0.5084266354194147,1.0570185118812645,1.3061997459948784,27269.23999999999,SPENDING_PRESSURE,SPENDING_PRESSURE,False,NO_CHANGE,3,0,30098.47875,13053.791715766438,35101.92124999999,2.166235727112952,27.0,0.0296098350965635,39300.77333333334,22540.86985989966,24115.380000000005,65200.4,137872.69666666666,29408.03699072981,222681.898718598,181462.67,0.137878900234791,155.33333333333334,19367.49333333333,1.2808076808176154,1.474190131935929,0.386832968504281,0.0842105016108833,1.095400691585018,181462.67,1.0570185118812645,0.8411569085535167,0.1930962550139342,0,0.375600479311835,True,2026-09-30,351091.56,2026-10-30,351091.56,421046.72,69955.16,171674.07,101718.91,29,79204.43,6.600206958120904,159,10604.529999999984,91114.38000000002,False,False,False,1.0,0,6.286894456674053e-05,0.6809,0.9253,0.74435,0.9253,SPENDING_PRESSURE,0.9253,0.7522249999999999,True,SPENDING_CONTROL,0,1,SPENDING_CONTROL_HIGH,0.1487078495095696,0,0.0119966764019983,-0.0145261975424219,0.0161632302900729,0.06511973391398868,0.08077569963516043,0.015655965721171755,0.015655965721171755,in_sample
726,2026-09-01,130928.41,0.0,130928.41,110912.09,41894.12,18539.380000000005,23354.74,69017.97,97,96,1,3.2333333333333334,3.2,2493.201030927835,382.77,13829.919863615403,338261.37,358277.69,231448.5,362376.91,274904.6662886598,20016.320000000007,0.15287988298338,1.180470136303445,0.4425294050811905,0.5574705949188096,1.76774849706034,2.0996563411154217,20016.320000000007,RECOVERY,RECOVERY,False,NO_CHANGE,2,0,31149.827500000003,18232.35853346285,10744.292499999992,1.3449230176314777,-63.0,0.1078847976746143,41360.493333333325,13262.713891965452,27839.02,54348.34,117199.94,14860.540075740868,270287.96252007043,218581.1,0.0544551068581023,134.0,6821.476666666674,0.5048705019070354,0.3183290705662467,0.2909473546793983,0.0591741232526787,0.992637377583459,231448.5,1.76774849706034,0.8471201170166199,0.1783779395167175,0,0.2004221666383266,True,2026-09-30,358277.69,2026-10-30,265353.03999999986,373582.9799999999,15305.289999999994,109782.3,94477.01,28,69017.97,6.781711922271837,85,14203.190000000017,80273.81999999999,False,False,False,0.7406351202052237,0,0.0001946647790267,0.6815,0.8735499999999999,0.81245,0.8735499999999999,SPENDING_PRESSURE,0.8735499999999999,0.7522249999999999,True,SPENDING_CONTROL,1,0,SPENDING_CONTROL_MEDIUM,0.1487078495095696,0,-0.0150861088999496,0.0027788243475368,-0.0855414767362428,0.10329370732741439,0.07298397800305487,-0.03030972932435952,0.03030972932435952,in_sample
767,2026-09-01,65484.49,0.0,65484.49,54230.32000000001,39241.380000000005,19273.69,19967.69000000001,14988.94,155,154,1,5.166666666666667,5.133333333333334,772.3536129032258,233.35,5311.499317325984,137980.77,149234.94,91811.05,157295.54,117164.50838709676,11254.169999999993,0.1718600847315141,1.207525421203489,0.4911572936527715,0.5088427063472285,1.402027411376343,1.7891947908137753,11254.170000000013,STABLE,STABLE,False,NO_CHANGE,3,0,37208.235,7372.069440718218,2033.145000000004,1.0546423392563502,17.0,-0.0176484907181052,38606.68,3518.322339112771,34814.21000000001,41764.45,64760.75333333333,3016.626792301884,108298.33354525195,68285.94,0.1729003692629674,140.0,11165.133333333331,0.1271656027811631,0.0779210613541379,0.065687965240254,0.0815633221933753,0.2935808195504488,91811.05,1.402027411376343,0.8281399152684858,0.3049224327775937,0,0.192021312345135,True,2026-09-30,149234.94,2026-10-30,107559.64000000004,166081.0000000001,16846.060000000005,63398.58,46552.52,29,14988.94,14.18602783118753,165,16214.319999999992,30338.200000000004,False,False,False,0.7207403306491096,0,5.9510527638656e-05,0.64705,0.7859,0.50395,0.7859,SPENDING_PRESSURE,0.7859,0.7522249999999999,True,SPENDING_CONTROL,1,0,SPENDING_CONTROL_LOW,0.1487078495095696,0,0.0655846676670294,0.0210752918976868,-0.0879179697058009,0.11077886880813213,0.23198607785636496,0.12120720904823283,0.12120720904823283,in_sample
768,2026-09-01,51856.0,0.0,51856.0,42522.3,27596.17,13497.05,14099.12,14926.13,167,166,1,5.566666666666666,5.533333333333333,565.1395209580837,161.12,4055.902426369487,91180.99,100514.69,50802.88,102658.88,68212.28640718565,9333.699999999995,0.1799926720148102,1.2195012969665329,0.4890914210196559,0.510908578980344,0.9796914532551682,1.3154174330296522,9333.699999999995,RECOVERY,RECOVERY,False,NO_CHANGE,4,0,22052.2325,5507.938898202822,5543.9375,1.2514002833953433,-11.0,-0.0089554737149923,26996.366666666665,4982.118141938562,21741.5,31651.43,50728.98666666667,5050.712687357427,62422.84253288384,30981.09,0.1746449832480187,172.66666666666666,8806.490000000003,0.2692854678840006,0.2793690230001355,0.1470036365872393,0.1023645389241769,0.5823812742978024,50802.88,0.9796914532551682,0.8200073279851898,0.271889848812095,0,0.193193396956866,True,2026-09-30,100514.69,2026-10-30,64757.599999999984,105988.60999999996,5473.919999999998,42546.1,37072.18,29,14926.13,9.584586895598523,171,11590.03,25482.15,False,False,False,0.6442600579079534,0,6.861655135362466e-05,0.6299,0.86205,0.4472,0.86205,SPENDING_PRESSURE,0.86205,0.7522249999999999,True,SPENDING_CONTROL,0,1,SPENDING_CONTROL_MEDIUM,0.1487078495095696,0,-0.0057651464675733,0.0060277752835533,-0.0119836278758094,0.058246429102169976,0.15098676786076648,0.0927403387585965,0.0927403387585965,in_sample
795,2026-09-01,86678.0,0.0,86678.0,73929.69,62710.98,34156.86,28554.120000000003,11218.71,132,131,1,4.4,4.366666666666666,1216.7249242424243,421.84,7545.342627111514,176542.05,189290.36,110358.53,197036.53,147489.69484848485,12748.309999999998,0.1470766515148018,1.172438299146121,0.544671124578184,0.4553288754218161,1.273201158310067,1.7015816568043198,12748.309999999998,RECOVERY,RECOVERY,False,NO_CHANGE,4,0,61986.95875,4233.784910574993,724.021249999998,1.0116802189460536,-15.0,-0.0357757542047107,60718.73666666666,3848.7155298921934,56282.29,63162.94,83270.22333333333,3128.8753954789054,138354.8255643563,90007.98,0.1354145189500525,145.0,11332.776666666665,0.1142222535721271,0.0781637084688395,0.0492988130108307,0.0722111814154191,0.2231571764873682,110358.53,1.273201158310067,0.8529233484851981,0.3294275363990863,0,0.3182019665230888,True,2026-09-30,189290.36,2026-10-30,121952.45999999996,201512.75,12222.390000000014,85234.38,73011.98999999999,29,11218.71,24.47025905830528,136,35738.01999999999,37273.97,False,False,False,0.6442613348085975,0,7.054571053690103e-05,0.70895,0.7562500000000001,0.4776499999999999,0.7562500000000001,SPENDING_PRESSURE,0.7562500000000001,0.7522249999999999,True,SPENDING_CONTROL,1,0,SPENDING_CONTROL_LOW,0.1487078495095696,0,0.0983336904094977,0.042274014492163,-0.0726778332239192,0.11301041495398585,0.15278148679749612,0.03977107184351027,0.03977107184351027,in_sample
797,2026-09-01,43733.51,0.0,43733.51,43543.55,25248.6,7107.529999999999,18141.070000000003,18294.95,154,153,1,5.133333333333334,5.1,566.7341558441558,100.905,3679.183837109704,125028.27,125218.23,85096.54,128830.05,105973.51370129873,189.9600000000064,0.0043435800145016,1.004362529008315,0.2815019446622783,0.7184980553377218,1.945797170179114,2.42316506727447,189.95999999999185,SPENDING_PRESSURE,STABLE,True,STABLE->SPENDING_PRESSURE,3,1,20512.105,3728.3820502771136,4736.494999999999,1.2309121857556793,-22.0,-0.1621222762760209,23037.64,3426.6477531400847,19090.39,25248.6,47882.74666666667,6243.4733860434935,98700.35572748393,68129.33,0.1295455609860311,164.66666666666666,6550.156666666672,0.3225816759112831,0.6024915772569155,-0.0249286536043306,0.0015193363868826,0.5519978404035539,85096.54,1.945797170179114,0.9956564199854984,0.4148093761511482,0,0.3759885520709592,True,2026-09-30,125218.23,2026-10-30,92409.78999999996,135855.4,10637.170000000006,45749.32,35112.149999999994,28,18294.95,9.345067901251436,116,9430.139999999996,25682.01,False,False,False,0.7379899076995414,0,7.229205785563835e-05,0.8049999999999999,0.89215,0.7788999999999999,0.89215,SPENDING_PRESSURE,0.89215,0.7522249999999999,True,SPENDING_CONTROL,1,0,SPENDING_CONTROL_HIGH,0.1487078495095696,0,0.0734488436411897,-0.017201361163312,-0.0679103873037108,0.12186680367981284,0.20429377490565834,0.0824269712258455,0.0824269712258455,in_sample
802,2026-09-01,26207.87,7261.12,33468.99,37102.88,26909.16,7716.249999999999,19192.91,10193.72,172,170,2,5.733333333333333,5.666666666666667,410.3015697674418,90.795,2219.96077947057,76329.43,72695.54,40315.06,76192.8,58148.67104651162,-3633.89,-0.1085748330021312,0.9020590854402676,0.2867517975291685,0.7132482024708315,1.2045496443125412,1.737389477439015,-3633.89,LIQUIDITY_STRESS,STABLE,True,STABLE->LIQUIDITY_STRESS,2,1,13956.20375,3122.580671793023,12952.956249999996,1.928114584884876,-13.0,-0.236123740133288,16986.056666666667,8594.35061847219,11915.52,26909.16,27853.22,4893.955232764188,59690.26515185074,40315.06,0.03884356639772,176.0,673.4433333333351,1.2177592761851703,1.84912186425154,0.3078238124116887,-0.0476079803032722,1.199466327157348,40315.06,1.2045496443125412,1.1085748330021312,0.573453516225019,1,0.6004450305702036,True,2026-09-30,72695.54,2026-10-30,51482.82000000001,75748.17,3052.630000000001,24606.74,21554.11,29,10193.72,9.545316135816954,186,6462.43,15091.68,False,False,False,0.7081977793960952,0,7.623595577219887e-05,0.91075,0.97935,0.6537999999999999,0.97935,SPENDING_PRESSURE,0.97935,0.7522249999999999,True,SPENDING_CONTROL,0,1,SPENDING_CONTROL_HIGH,0.1487078495095696,0,-0.0289601614781902,0.0158356400265462,-0.0315387980247587,0.21444614156606595,0.20940271237564564,-0.005043429190420307,0.005043429190420307,in_sample
809,2026-09-01,104508.68,27500.17,132008.84999999998,117137.53,64162.17,32822.73,31339.44,52975.36,101,99,2,3.3666666666666667,3.3,2466.7958415841586,572.29,11652.184575914103,289134.84,304006.16,183451.93,315460.78,233132.1408910892,14871.319999999963,0.1126539622154118,1.126956066087444,0.5115589139207729,0.488441086079227,1.3896941758071526,1.7660341779440485,14871.319999999949,RECOVERY,RECOVERY,False,NO_CHANGE,5,0,38305.068750000006,13249.5097947449,25857.101249999992,1.6750308012435036,-6.0,0.0140022655039489,49116.80000000001,16175.45253706677,32009.08,64162.17,115756.06333333332,16152.761795638322,225797.00588957907,183451.93,0.1196495603424743,101.33333333333331,13663.903333333326,0.2536779137598024,0.7091679355674714,0.142398470950235,0.0514338569506185,-0.3452168373545687,183451.93,1.3896941758071526,0.8873460377845882,0.2374040831353353,0,0.2354007157526282,True,2026-09-30,304006.16,2026-10-30,211906.21999999983,322659.3999999999,18653.240000000005,118151.81,99498.57,28,52975.36,7.9689495267233665,98,16810.609999999986,82687.96,False,False,False,0.6970458098612208,0,6.747906989373091e-05,0.78005,0.8786,0.8561,0.8786,SPENDING_PRESSURE,0.8786,0.7522249999999999,True,SPENDING_CONTROL,1,0,SPENDING_CONTROL_MEDIUM,0.1487078495095696,0,0.0204205793418741,0.0286341335346646,-0.0839612085852016,0.036294250606717,0.041677423503775936,0.005383172897058933,0.005383172897058933,in_sample
813,2026-09-01,185289.14,54838.66,240127.8,168052.59,82812.66,51302.97,31509.69,85239.93,161,159,2,5.366666666666666,5.3,2535.2819254658384,407.98,15742.493840524545,653558.15,725633.36,493316.13,733443.93,562066.51621118,72075.21000000002,0.3001535432382257,1.4288848508672198,0.6195063653310978,0.380493634668902,2.054389912371662,2.340697396183116,72075.20999999996,SPENDING_PRESSURE,SPENDING_PRESSURE,False,NO_CHANGE,4,0,52978.42875,17332.881858421115,29834.231250000004,1.5631392239053523,-44.0,0.0145010655820952,68682.44333333333,15926.12182796658,51424.49,82812.66,214710.94666666668,28338.757981927083,514119.46054244944,412872.97,0.2812284558592635,175.0,60788.57333333336,0.1532161596029979,0.1954271332381332,0.0922290915675529,0.1102812504136012,-0.243203717385573,493316.13,2.054389912371662,0.6998464567617743,0.1312205000837054,0,0.1360866543550649,True,2026-09-30,725633.36,2026-10-30,588593.8199999998,768889.6899999998,43256.32999999999,183582.11,140325.78,29,85239.93,10.666544071540182,159,18521.7,121804.08,False,False,False,0.8111449286179454,0,0.0001168596420441,0.3816,0.77945,0.5638500000000001,0.77945,SPENDING_PRESSURE,0.77945,0.7522249999999999,True,SPENDING_CONTROL,1,0,SPENDING_CONTROL_LOW,0.1487078495095696,0,0.050869529650503,0.0191571399016803,-0.0445578513085326,0.13556623658322464,0.08917060389500531,-0.046395632688219335,0.046395632688219335,in_sample
835,2026-09-01,45583.69,13691.06,59274.75,45867.240000000005,20033.01,10277.15,9755.860000000002,25834.23,150,148,2,5.0,4.933333333333334,700.9466,116.72,4092.810660233615,111116.69,124524.2,110523.72,169798.47,136411.85486666663,13407.509999999997,0.2261926030898484,1.2923112443652591,0.513010775714683,0.4869892242853172,1.864600356812977,2.301348464003081,13407.509999999997,SPENDING_PRESSURE,STABLE,True,STABLE->SPENDING_PRESSURE,2,1,18187.4525,3775.5971676685967,1845.557499999999,1.1014742169086076,-10.0,0.0886254915130103,17295.586666666666,2385.1553440883813,15664.479999999998,20033.01,51472.34666666667,6855.173781825912,124601.74973177275,99389.76,0.1565638521824778,162.66666666666666,8342.529999999999,0.2374251587625628,0.3753277657792795,0.2164739693995221,0.120661531584499,0.2039232487087339,110523.72,1.864600356812977,0.7738073969101515,0.1645871133998878,0,0.1595478064730285,True,2026-09-30,124524.2,2026-10-30,123706.44000000002,134309.82999999996,9785.629999999996,48032.71,38247.08,29,25834.23,6.67939048309162,138,5746.82,32500.26,False,False,False,0.9934329230784058,0,5.702220813823198e-05,0.4601499999999999,0.7592000000000001,0.4902999999999999,0.7592000000000001,SPENDING_PRESSURE,0.7592000000000001,0.7522249999999999,True,SPENDING_CONTROL,1,0,SPENDING_CONTROL_LOW,0.1487078495095696,0,0.00453293161197,0.0384297004710067,-0.0638394593463181,0.05369741411264217,0.2588963323428468,0.20519891823020464,0.20519891823020464,in_sample
842,2026-09-01,27542.92,0.0,27542.92,22759.02,14026.54,7449.280000000001,6577.26,8732.48,93,92,1,3.1,3.066666666666667,540.8810752688172,130.69,2878.7888568150915,68771.38,73555.28,58867.92,86410.84,73715.42623655913,4783.899999999998,0.1736889189671973,1.2101979786475867,0.5310846438252057,0.4689153561747943,2.1373158691961494,2.6763838487916,4783.899999999994,SPENDING_PRESSURE,STABLE,True,STABLE->SPENDING_PRESSURE,2,1,12854.99375,1601.2481603240242,1171.5462500000012,1.0911354974404404,8.0,0.016518590330362,13265.31,2656.6595837442187,10311.13,15458.26,26623.13,3656.211391768808,68729.93224730225,49553.7,0.172407484279352,88.66666666666667,4625.339999999997,0.3603300511195186,0.5570869869888826,0.2189910532709886,0.0695623673685186,0.6932996091422199,58867.92,2.1373158691961494,0.8263110810328027,0.2388003886298185,0,0.2837748310927023,True,2026-09-30,73555.28,2026-10-30,62725.01,72942.63000000002,-612.6500000000051,28178.01,28790.660000000003,28,8732.48,11.649988319469385,101,12475.020000000004,16315.64,False,False,False,0.8527601281648306,0,5.8962612777477214e-05,0.5786,0.8088000000000001,0.413,0.8088000000000001,SPENDING_PRESSURE,0.8088000000000001,0.7522249999999999,True,SPENDING_CONTROL,0,1,SPENDING_CONTROL_LOW,0.1487078495095696,0,0.0098748922922294,0.0113641181930328,0.0113721575570553,0.16839342199487187,0.30090236890583466,0.1325089469109628,0.1325089469109628,in_sample
851,2026-09-01,20174.62,4607.07,24781.69,18567.26,12880.590000000002,7732.09,5148.5,5686.67,151,149,2,5.033333333333333,4.966666666666667,287.0791390728476,78.63,1705.9339883590417,67039.99,73254.42,50178.51,74960.2,58981.6917218543,6214.43,0.2507669977309861,1.3346982807371686,0.6002900488254032,0.3997099511745967,2.024821955241955,2.380051228219476,6214.429999999993,RECOVERY,RECOVERY,False,NO_CHANGE,6,0,11707.02375,2560.9303764727915,1173.5662500000017,1.100244628785348,47.0,-0.0213442612373163,12931.356666666668,2551.318840214478,10405.8,15507.68,22539.22,2061.11723705858,55210.25328744557,41898.15,0.1667858351107155,124.33333333333331,3921.1933333333327,0.2378279421092086,0.8792066342545954,0.1209163748472301,0.0926973586959065,0.5668184809905887,50178.51,2.024821955241955,0.7492330022690139,0.2077541927124421,0,0.3388164918062386,True,2026-09-30,73254.42,2026-10-30,58000.580000000045,77070.16000000006,3815.739999999998,20000.0,16184.260000000002,29,5686.67,16.39877467832668,116,3464.820000000001,12719.44,False,False,False,0.7917690154396151,0,3.311231641902305e-05,0.46335,0.7734500000000001,0.2307,0.7734500000000001,SPENDING_PRESSURE,0.7734500000000001,0.7522249999999999,True,SPENDING_CONTROL,1,0,SPENDING_CONTROL_LOW,0.1487078495095696,0,0.0565376063217517,0.0348639172206488,-0.0517053645497223,0.247761976580984,0.3089204772008669,0.0611585006198829,0.0611585006198829,in_sample
852,2026-09-01,23830.4,7715.18,31545.58,22778.120000000003,11279.63,7190.920000000001,4088.710000000001,11498.49,120,118,2,4.0,3.933333333333333,452.6975000000001,74.5,2325.866055056182,73116.23,81883.69,51046.45,82592.03,59220.98616666666,8767.46,0.2779299033335256,1.3849070950543767,0.6375138191589619,0.3624861808410383,1.618180740376306,1.8773148620715376,8767.460000000006,SPENDING_PRESSURE,STABLE,True,STABLE->SPENDING_PRESSURE,4,1,8011.466249999999,1211.4427793802306,3268.16375,1.4079357820423946,-29.0,0.0607113302747045,10045.923333333334,1391.284452235894,8537.92,11279.63,27084.59,3934.003696909806,57062.767115039685,44341.0,0.1967497910720457,140.0,5540.176666666665,0.3211215377984333,0.6897730278383922,0.2324210837214408,0.1199112700422329,0.4938213445854978,51046.45,1.618180740376306,0.7220700966664744,0.1296127698397049,0,0.2057884694557915,True,2026-09-30,81883.69,2026-10-30,64042.20999999999,88124.63,6240.939999999999,24433.69,18192.75,29,11498.49,9.246203631955153,135,2212.48,15980.27,False,False,False,0.7821119199684331,0,3.733576725582081e-05,0.4492499999999999,0.76925,0.26475,0.76925,SPENDING_PRESSURE,0.76925,0.7522249999999999,True,SPENDING_CONTROL,0,1,SPENDING_CONTROL_LOW,0.1487078495095696,0,0.0064296802168841,0.0135705235836368,-0.0055825212190216,0.25442475744099435,0.3175858566014328,0.06316109916043844,0.06316109916043844,in_sample
880,2026-09-01,32069.7,13352.64,45422.34,23386.74,15450.270000000002,12547.46,2902.8100000000004,7936.469999999999,84,82,2,2.8,2.7333333333333334,819.1557142857143,152.685,3782.433148162219,181353.06,203388.66,160487.11,205771.45,176065.85261904763,22035.599999999995,0.4851269221268652,1.9422262358926463,0.812119140959996,0.1878808590400038,3.5332197768763125,3.876195119385035,22035.60000000001,SPENDING_PRESSURE,STABLE,True,STABLE->SPENDING_PRESSURE,4,1,9668.305,2603.7199204544686,5781.965000000002,1.598032954070026,-5.0,-0.0327402261847508,10496.06,4355.652137177624,7268.250000000001,15450.270000000002,36645.67999999999,7634.928469023142,159874.39201149004,133762.47,0.4988050177491652,82.0,18213.15,1.1257207718501705,0.9056312693661052,0.4403160541305164,0.1215066346275051,1.2969258128665837,160487.11,3.5332197768763125,0.5148730778731347,0.063907099458108,0,0.4429930981874576,True,2026-09-30,203388.66,2026-10-30,187448.34000000003,216559.22,13170.56,29888.96,16718.399999999998,28,7936.469999999999,29.39312061911656,84,1579.449999999997,15138.95,False,False,False,0.9216263089594082,0,3.413359171035062e-05,0.1236,0.7524,0.11145,0.7524,SPENDING_PRESSURE,0.7524,0.7522249999999999,True,SPENDING_CONTROL,1,0,SPENDING_CONTROL_LOW,0.1487078495095696,0,0.0776082046394227,0.0385872154963385,-0.1755753413895994,0.3296888257722038,0.1364911383722047,-0.19319768739999912,0.19319768739999912,in_sample
882,2026-09-01,45488.21,4901.6,50389.81,36808.530000000006,25013.38,14785.21,10228.17,11795.15,112,110,2,3.733333333333333,3.6666666666666665,778.5566071428572,198.8,4358.907756352523,81270.45,94851.73,79003.65,129393.46,104718.5992857143,13581.279999999992,0.2695243343842732,1.368970996668435,0.5910920475361586,0.4089079524638413,1.567849729935477,2.078170155547606,13581.28,SPENDING_PRESSURE,SPENDING_PRESSURE,False,NO_CHANGE,2,0,20207.40125,3576.9097110032903,4805.978750000002,1.237832598588104,3.0,0.0056855006318045,21554.800000000003,3199.19054055866,18701.460000000003,25013.38,44768.30666666666,4897.239194202508,90885.39808192968,58246.86,0.2542307127524706,109.66666666666669,11418.35666666666,0.3375094778696421,0.4202773577281495,0.2163654024690451,0.1671121545407956,0.444819607533463,79003.65,1.567849729935477,0.7304756656157269,0.202980920150324,0,0.2833826119966604,True,2026-09-30,94851.73,2026-10-30,92080.96,105552.24000000003,10700.510000000006,41157.0,30456.489999999994,28,11795.15,11.53090295587593,111,7526.179999999997,22930.31,False,False,False,0.970788408392762,0,3.0653161653274574e-05,0.4381,0.8399,0.24685,0.8399,SPENDING_PRESSURE,0.8399,0.7522249999999999,True,SPENDING_CONTROL,0,1,SPENDING_CONTROL_MEDIUM,0.1487078495095696,0,-0.085537281034171,0.000654608914603,-0.0035604136676702,0.05215529677401047,0.08731089381516252,0.03515559704115205,0.03515559704115205,in_sample
899,2026-09-01,93729.12,32035.9,125765.02,94009.52999999998,70077.08,38340.23,31736.849999999995,23932.45,190,188,2,6.333333333333333,6.266666666666667,1156.7081578947368,316.42,7303.747418868902,349073.09,380828.58,292173.47,417417.23,362334.7531052632,31755.490000000005,0.2524985882401959,1.3377901155340317,0.5471151195226741,0.4528848804773257,2.32316959039962,2.881045565016912,31755.48999999999,RECOVERY,RECOVERY,False,NO_CHANGE,4,0,39967.30125,6552.325655733537,30109.77875,1.7533603172668557,10.0,-0.0504303427471948,51264.56666666667,18075.14132718561,34030.3,70077.08,106847.70666666668,18330.531715256733,326802.71224079345,246720.34,0.3017923300593925,185.0,31650.68999999999,0.4103898215846937,0.5137026581139219,0.190826156641739,0.0909708909386284,-0.04967135918656,292173.47,2.32316959039962,0.747501411759804,0.252350375326939,0,0.194525850627402,True,2026-09-30,380828.58,2026-10-30,334412.1,405312.1499999999,24483.570000000007,93358.55,68874.98,29,23932.45,19.813564010370857,188,19166.829999999987,49708.15000000001,False,False,False,0.8781171308098776,0,4.747748375869808e-05,0.4241,0.9133,0.5064500000000001,0.9133,SPENDING_PRESSURE,0.9133,0.7522249999999999,True,SPENDING_CONTROL,0,1,SPENDING_CONTROL_HIGH,0.1487078495095696,0,0.0331368544790863,0.0091524136754406,-0.0422955709010798,0.030942187613087247,0.036410081747447594,0.005467894134360347,0.005467894134360347,in_sample
904,2026-09-01,43920.63,0.0,43920.63,35609.48,31663.360000000004,15563.64,16099.720000000005,3946.12,138,137,1,4.6,4.566666666666666,576.3051449275362,172.47500000000002,3762.628998981755,249190.14,257501.29,218367.36,262287.99,240438.0028260869,8311.149999999994,0.1892311198632623,1.2333971178461465,0.4915346949913085,0.5084653050086915,4.971863108520984,5.474375090386612,8311.149999999994,RECOVERY,RECOVERY,False,NO_CHANGE,4,0,27221.8325,3777.306138914156,4441.527500000004,1.1631604889200609,3.0,-0.165910754925973,30070.123333333337,3151.9189623518896,26439.64,32107.370000000003,48673.79,5691.366758450906,225273.52845135392,184777.91,0.2962081762911749,138.0,14657.546666666669,0.1975715251796168,0.6894132806982758,-0.0678997293509963,0.0333526438887188,0.3740957935952486,218367.36,4.971863108520984,0.8107688801367376,0.3665639586681704,0,0.3651558583262572,True,2026-09-30,257501.29,2026-10-30,236761.0,277422.47000000003,19921.18,44048.25,24127.070000000003,28,3946.12,76.41671819407419,112,7356.280000000002,16770.79,False,False,False,0.919455587970064,0,0.0001104010884122,0.39835,0.8481500000000001,0.41545,0.8481500000000001,SPENDING_PRESSURE,0.8481500000000001,0.7522249999999999,True,SPENDING_CONTROL,0,1,SPENDING_CONTROL_MEDIUM,0.1487078495095696,0,-0.0211729766372337,0.0048207018508599,-0.040200721947852,0.27397944473341324,0.1382813173137869,-0.13569812741962634,0.13569812741962634,in_sample
906,2026-09-01,90346.96,14327.87,104674.83,81529.7,41524.25,25183.390000000003,16340.86,40005.45,138,136,2,4.6,4.533333333333333,1349.3081884057974,303.365,8048.385917601104,313144.09,336289.22,269580.85,374255.68,322418.50949275366,23145.130000000005,0.2211145697585561,1.2838858722649538,0.606474289120213,0.3935257108797871,2.575412350801047,3.0801913840486166,23145.129999999943,SPENDING_PRESSURE,STABLE,True,STABLE->SPENDING_PRESSURE,2,1,28082.87375,5435.323149136678,13441.37625,1.4786325064043704,-8.0,-0.044420697555035,34947.20666666666,7076.3645473529305,27459.66,41524.25,98809.50666666668,6478.226703553492,303068.9773472258,223607.08,0.2424133566279031,141.33333333333334,23856.85000000001,0.5121909739596195,0.679082040521906,0.1395515553883375,0.0739120767056467,0.7463958353408956,269580.85,2.575412350801047,0.7788854302414439,0.1561106906025068,0,0.3368086015717258,True,2026-09-30,336289.22,2026-10-30,296293.51000000007,357112.0499999999,20822.829999999987,87885.43,67062.6,29,40005.45,10.602921601931737,153,9603.100000000011,57459.49999999999,False,False,False,0.8810675227710246,0,5.564926040678808e-05,0.4571,0.8645999999999999,0.66635,0.8645999999999999,SPENDING_PRESSURE,0.8645999999999999,0.7522249999999999,True,SPENDING_CONTROL,0,1,SPENDING_CONTROL_MEDIUM,0.1487078495095696,0,-0.0543535054537582,0.0211918045462513,0.000871786819895,0.056480724852094114,0.05672607084664103,0.000245345994546918,0.000245345994546918,in_sample
920,2026-09-01,129705.18,0.0,129705.18,105894.54,63308.77,36362.33,26946.44,42585.77,204,203,1,6.8,6.766666666666667,1154.900588235294,275.475,9359.079913860036,286914.12,310724.76,182997.97,312703.15,218697.76441176469,23810.64,0.1835750892909597,1.22485238615702,0.574364815490808,0.425635184509192,1.410876342795253,1.686114343403746,23810.64000000001,SPENDING_PRESSURE,STABLE,True,STABLE->SPENDING_PRESSURE,2,1,57582.93375,17865.524505237085,5725.836250000008,1.0994363412406023,-9.0,-0.1251346100543301,57556.420000000006,8470.423470529677,47829.630000000005,63308.77,128466.23666666668,3134.804539940777,189953.53458804896,123145.23,0.2195645149967555,208.66666666666663,28324.046666666665,0.323630770298662,0.1873105339593643,-0.0083112735366619,0.0829887354445992,0.5463032634183745,182997.97,1.410876342795253,0.8164249107090403,0.2077514560328277,0,0.2219042069083558,True,2026-09-30,310724.76,2026-10-30,310724.76,347844.96000000014,37120.20000000001,129705.18,92584.97999999998,29,42585.77,10.34218566436629,201,21548.64,71036.33999999998,False,False,False,1.0,0,0.0001013575317882,0.63135,0.849,0.6876,0.849,SPENDING_PRESSURE,0.849,0.7522249999999999,True,SPENDING_CONTROL,1,0,SPENDING_CONTROL_MEDIUM,0.1487078495095696,0,0.042571041585457,0.0444808263816021,-0.1090109925115075,0.07495693492151279,0.1895004408820516,0.1145435059605388,0.1145435059605388,in_sample
925,2026-09-01,36327.67,0.0,36327.67,35862.259999999995,19905.939999999995,15323.339999999998,4582.6,15956.32,107,106,1,3.566666666666667,3.533333333333333,674.6722429906546,91.2,3718.265373100314,111529.83,111995.24,101552.63,137880.3,125299.11355140184,465.4100000000035,0.0128114464814287,1.0129777097148926,0.769787309717602,0.2302126902823981,2.795462246821776,3.449137077918894,465.4100000000035,SPENDING_PRESSURE,SPENDING_PRESSURE,False,NO_CHANGE,5,0,11255.97,2313.535694250562,8649.969999999996,1.7684784163426162,-56.0,-0.1540261202838974,15722.973333333332,4027.189492739733,11872.13,19905.939999999995,36925.08666666666,654.2937267262255,119079.143594752,86305.02,0.1413063362743072,134.66666666666666,5245.793333333332,0.2933619650636576,-0.3188439402587517,-0.0344630813261209,0.0041729643091896,-0.0030229296435262,101552.63,2.795462246821776,0.9871885535185712,0.1261462681201409,0,0.5360592333876935,True,2026-09-30,111995.24,2026-10-30,101699.34,111294.44,-700.7999999999884,35523.75,36224.54999999999,29,15956.32,9.245176206042496,123,3657.359999999986,32567.19,False,False,False,0.9080684143361808,0,0.0001117501854241,0.68245,0.7954,0.7396,0.7954,SPENDING_PRESSURE,0.7954,0.7522249999999999,True,SPENDING_CONTROL,0,1,SPENDING_CONTROL_LOW,0.1487078495095696,1,-0.0078336983050644,-0.0197997768516968,-0.0121053257927289,0.4115904861624351,0.3517477938545491,-0.059842692307886025,0.059842692307886025,in_sample
947,2026-09-01,74563.52,15321.15,89884.67,60427.09,40184.380000000005,29046.95,11137.429999999998,20242.71,138,136,2,4.6,4.533333333333333,1089.2156521739132,264.29999999999995,6566.014173029314,364937.26,394394.84,319744.43,409629.1,361309.12108695647,29457.58,0.3277264076287981,1.4874896342021435,0.7228418106736996,0.2771581893263004,3.557274338327103,4.019696807998032,29457.580000000016,RECOVERY,RECOVERY,False,NO_CHANGE,7,0,29591.53125,9035.997874146717,10592.848750000005,1.3579689290326942,-13.0,-0.0411165375919676,31347.10000000001,7688.608578728659,26192.550000000003,40184.380000000005,80585.80666666666,8053.118649382587,334089.8235829017,270952.95,0.3617770453611577,149.0,28995.99666666668,0.4525680505285321,1.340804338002711,0.1841953963172751,0.080719573550807,0.396375736301777,319744.43,3.557274338327103,0.6722735923712019,0.1239080034448588,0,0.3050927911850414,True,2026-09-30,394394.84,2026-10-30,354805.6400000004,420884.9400000004,26490.1,75303.86,48813.76,29,20242.71,23.203350737129565,134,4126.320000000007,44687.44,False,False,False,0.8996203905710338,0,5.963838250096484e-05,0.23945,0.8249500000000001,0.4388,0.8249500000000001,SPENDING_PRESSURE,0.8249500000000001,0.7522249999999999,True,SPENDING_CONTROL,1,0,SPENDING_CONTROL_MEDIUM,0.1487078495095696,0,0.0847410776185033,0.0369725778483581,-0.128419187487167,0.310512419410258,0.057612622287826355,-0.2528997971224316,0.2528997971224316,in_sample
958,2026-09-01,45953.51,0.0,45953.51,36886.55,18053.72,6247.9400000000005,11805.78,18832.83,118,117,1,3.933333333333333,3.9,702.0344067796609,101.97,4426.749078767062,228465.9,237532.86,213088.8,259042.31,244218.8695762712,9066.96,0.1973072350730118,1.2458066693686451,0.3460749363566068,0.6539250636433931,4.6370516637358055,5.314476948034463,9066.959999999992,SPENDING_PRESSURE,STABLE,True,STABLE->SPENDING_PRESSURE,2,1,16241.5275,3163.7738580361365,1812.192500000001,1.111577713364707,-27.0,-0.1549826896594176,16085.683333333334,1741.7014659904655,14742.990000000002,18053.72,48427.670000000006,3051.7114640149093,230529.811750512,181675.68,0.2758368583730982,130.0,13509.156666666668,0.2245629957016859,0.8901556693718946,-0.1135123007894057,0.0396862726560067,0.2709623633740656,213088.8,4.6370516637358055,0.8026927649269882,0.2569070349577214,0,0.3092712847684866,True,2026-09-30,237532.86,2026-10-30,221218.25000000003,251371.01000000004,13838.149999999994,47363.99,33525.840000000004,29,18832.83,15.127670668720528,131,8011.790000000004,25514.05,False,False,False,0.9313164081803252,0,7.486599255020288e-05,0.39115,0.8018000000000001,0.6345999999999999,0.8018000000000001,SPENDING_PRESSURE,0.8018000000000001,0.7522249999999999,True,SPENDING_CONTROL,1,0,SPENDING_CONTROL_LOW,0.1487078495095696,1,0.0304043291951793,0.0233629057741888,-0.0896126598176257,0.31355135326350236,0.3020040137442482,-0.011547339519254185,0.011547339519254185,in_sample
981,2026-09-01,100828.52,26628.81,127457.33,97356.09,59921.41,38263.63999999999,21657.77,37434.68,160,158,2,5.333333333333333,5.266666666666667,1405.0838749999998,335.71,8571.09445974575,292721.99,322823.23,196415.25,323376.05,230324.71725000005,30101.23999999999,0.2361671941503873,1.3091870267181025,0.6385637454125328,0.3614362545874672,1.5410274952409564,1.8070731377316631,30101.23999999999,SPENDING_PRESSURE,STABLE,True,STABLE->SPENDING_PRESSURE,3,1,51825.99875,7657.581909078157,8095.411249999997,1.156203670845803,-18.0,0.0100245580983673,58197.85,8168.858908935811,49304.740000000005,65367.40000000001,117103.96,8967.705592954086,214641.24287938056,158294.6,0.1808414704803299,183.66666666666663,21471.430000000004,0.2153275729676291,0.0078711392955248,0.1371276567176469,0.1028321787509027,0.4610564837090691,196415.25,1.5410274952409564,0.7638328058496127,0.1699217298840325,0,0.1731077991430012,True,2026-09-30,322823.23,2026-10-30,322026.8,373960.56,51137.33,127457.33,76320.0,29,37434.68,12.028433527413618,162,9371.659999999987,66948.34000000001,False,False,False,0.9975329222745216,0,5.3744427148531775e-05,0.52,0.8068,0.57625,0.8068,SPENDING_PRESSURE,0.8068,0.7522249999999999,True,SPENDING_CONTROL,0,1,SPENDING_CONTROL_LOW,0.1487078495095696,0,0.0083906350383716,0.0146403547492699,0.0087525348076088,0.07763372632347941,0.19264983686582887,0.11501611054234946,0.11501611054234946,in_sample
988,2026-09-01,28530.16,6678.12,35208.28,23917.000000000007,10739.34,5434.009999999999,5305.330000000001,13177.660000000002,81,79,2,2.7,2.6333333333333333,729.9417283950617,117.97,3367.310650270773,67063.21,78354.49,44680.39,79725.17,54088.40481481483,11291.279999999992,0.3206995627164971,1.4721026884642718,0.5059910571785603,0.4940089428214397,1.2690307507211371,1.5362410437208187,11291.28,SPENDING_PRESSURE,STABLE,True,STABLE->SPENDING_PRESSURE,2,1,8700.80875,1779.6986218092222,2038.53125,1.2342921570365513,6.0,0.1164387342601646,8844.083333333332,1982.164208998168,6785.159999999999,10739.34,29823.39333333333,5091.651267097277,49373.46672337539,34340.22,0.2548429238375159,82.33333333333333,7801.649999999995,0.5827688661726476,0.5896119850187269,0.4034393717259121,0.1683677235253129,0.8295108383632611,44680.39,1.2690307507211371,0.6793004372835029,0.1506841572493743,0,0.2842432949625944,True,2026-09-30,78354.49,2026-10-30,49256.44,76230.09999999999,-2124.389999999996,27834.3,29958.689999999995,27,13177.660000000002,8.058243269290601,79,11648.119999999995,18310.57,False,False,False,0.6286358318457563,0,5.046695680884018e-05,0.42245,0.8033999999999999,0.22895,0.8033999999999999,SPENDING_PRESSURE,0.8033999999999999,0.7522249999999999,True,SPENDING_CONTROL,0,1,SPENDING_CONTROL_LOW,0.1487078495095696,0,-0.0963512079063503,-0.0189364878671902,-0.0533105057167012,0.1350275911071264,0.2143391681126714,0.079311577005545,0.079311577005545,in_sample
994,2026-09-01,90424.0,0.0,90424.0,89627.54,49820.55999999999,17935.020000000004,31885.540000000005,39806.98,113,112,1,3.7666666666666666,3.733333333333333,1593.3764601769917,279.06,8994.504671573173,178095.13,178891.59,89410.63,179834.63,125641.38035398228,796.4600000000064,0.0088080598071309,1.0088863311433072,0.3599923405116282,0.6400076594883721,0.98879313014244,1.3894693925725723,796.4599999999919,RECOVERY,RECOVERY,False,NO_CHANGE,7,0,31021.94375,4601.33019517784,18798.616249999992,1.6059780264413634,-28.0,-0.1091080160373122,35747.93666666667,12365.763295973007,26618.050000000003,49820.55999999999,84223.89666666667,7917.946392356619,119330.6225055103,83890.86,0.104852684674393,126.0,8668.980000000005,0.8716833126393551,1.8902537959715704,0.2007756226507098,0.0044721043186302,1.007606793090707,89410.63,0.98879313014244,0.991191940192869,0.3526225338405733,0,0.3887930961597127,True,2026-09-30,178891.59,2026-10-30,178740.02,196835.81999999995,17944.229999999996,90424.0,72479.77,29,39806.98,6.7655368480603135,135,13228.330000000002,59251.44,False,False,False,0.9991527270790092,0,5.5718849316612005e-05,0.9078,0.9654,0.9213,0.9654,SPENDING_PRESSURE,0.9654,0.7522249999999999,True,SPENDING_CONTROL,0,1,SPENDING_CONTROL_HIGH,0.1487078495095696,0,-0.003349300223294,-0.0261852480563984,-0.0391958114588038,0.1037336286272798,0.09539710148814745,-0.008336527139132355,0.008336527139132355,in_sample
996,2026-09-01,31478.75,10226.84,41705.59,35580.73,24375.92,13356.84,11019.079999999998,11204.81,168,166,2,5.6,5.533333333333333,460.0376190476191,122.185,2590.692038573792,63371.45,69496.31,31132.83,72838.42,46840.35702380953,6124.859999999993,0.1468594497763967,1.1721398071371778,0.5479522413923249,0.452047758607675,0.746490578361318,1.123119395357062,6124.860000000001,SPENDING_PRESSURE,STABLE,True,STABLE->SPENDING_PRESSURE,2,1,16185.7025,3311.458687353656,8190.217499999999,1.506015571458823,18.0,0.0113063718788104,19720.076666666664,4054.257746299974,16968.66,24375.92,35064.579999999994,6034.51657865814,44858.97205238095,31008.31,0.1135640207332715,156.0,4139.693333333329,0.3682307409496708,0.6835540317762976,0.2423052187996055,0.0966501476611312,0.3183157800747402,31132.83,0.746490578361318,0.8531405502236032,0.2642111045545692,0,0.2670760373425929,True,2026-09-30,69496.31,2026-10-30,45417.47,75329.75999999998,5833.449999999997,30917.61,25084.160000000003,29,11204.81,8.961679849992993,157,7622.260000000006,17461.899999999998,False,False,False,0.6535234748434844,0,8.502865100739095e-05,0.6871,0.88805,0.41305,0.88805,SPENDING_PRESSURE,0.88805,0.7522249999999999,True,SPENDING_CONTROL,0,1,SPENDING_CONTROL_MEDIUM,0.1487078495095696,0,0.0156148853879688,0.0064882068187064,-0.0565018667757782,0.16286802074557138,0.23013526702304896,0.06726724627747757,0.06726724627747757,in_sample
998,2026-09-01,107636.35,0.0,107636.35,98591.73,65622.59,41974.35,23648.24,32969.14000000001,138,137,1,4.6,4.566666666666666,1494.4063768115943,402.17,9375.593195793308,418730.45,427775.07,332987.28,440623.63,376612.38,9044.619999999995,0.0840294194294027,1.0917381204285592,0.6396326326041079,0.3603673673958921,3.0936322162540817,3.4989330277364474,9044.619999999995,SPENDING_PRESSURE,SPENDING_PRESSURE,False,NO_CHANGE,4,0,52951.055,10685.068415909049,12671.534999999996,1.2393065633914186,6.0,-0.0809459434658554,56235.94666666666,8203.86588875229,50437.36,65622.59,104027.25,3140.872336963119,364512.0261111112,309904.66,0.1435321417468971,138.0,14822.16333333333,0.2464429248731525,0.1881346505443468,0.0497795134686285,0.0216001009718782,0.2026156904580285,332987.28,3.0936322162540817,0.9159705805705972,0.2197049602666757,0,0.176404881224178,True,2026-09-30,427775.07,2026-10-30,351031.55999999976,412742.1199999998,-15032.949999999995,107878.29,122911.24,29,32969.14000000001,16.24711351281835,136,55328.34,67582.9,False,False,False,0.8205984514244828,0,9.028963078123866e-05,0.61155,0.8597499999999999,0.8594999999999999,0.8597499999999999,SPENDING_PRESSURE,0.8597499999999999,0.7522249999999999,True,SPENDING_CONTROL,0,1,SPENDING_CONTROL_MEDIUM,0.1487078495095696,0,-0.0124319071735287,0.0038615372616394,0.0220541859702524,0.24851252778804583,0.060650934501912855,-0.18786159328613297,0.18786159328613297,in_sample
