user_id,month,salary_income,bonus_income,total_income,total_debits,variable_spending,essential_spending,discretionary_spending,recurring_spending,transaction_count,debit_transaction_count,credit_transaction_count,transactions_per_day,debit_transactions_per_day,average_transaction,median_transaction,transaction_amount_std,starting_balance,ending_balance,minimum_balance,maximum_balance,average_balance,net_cash_flow,savings_rate,income_to_expense_ratio,essential_spending_ratio,discretionary_spending_ratio,minimum_balance_ratio,average_balance_ratio,balance_change,financial_state,previous_financial_state,state_changed,state_transition,state_duration,recent_state_change,historical_spending_mean,historical_spending_std,spending_baseline_deviation,spending_baseline_ratio,transaction_count_change,savings_rate_change,rolling_spending_mean,rolling_spending_std,rolling_spending_min,rolling_spending_max,rolling_income_mean,income_volatility,rolling_average_balance,rolling_minimum_balance,rolling_savings_rate,rolling_transaction_count,rolling_net_cash_flow,spending_growth,discretionary_spending_growth,income_growth,balance_growth,spending_acceleration,cash_buffer,cash_buffer_ratio,expense_pressure,discretionary_pressure,negative_cash_flow,category_shift,has_full_history,prediction_date,prediction_balance,horizon_end,minimum_future_balance,ending_future_balance,future_net_cash_flow,future_income,future_expenses,negative_cashflow_days,required_obligations,obligation_coverage,future_transaction_count,future_discretionary_spending,future_essential_spending,critical_liquidity,obligation_failure,severe_liquidity_drawdown,liquidity_ratio,financial_stress_30d,risk_probability,pressure_state,eligible,intervention_category,treatment,control,baseline_outcome,observed_outcome
7,2026-09-01,29153.81,0.0,29153.81,32461.770000000004,17852.790000000008,5281.610000000001,12571.179999999998,14608.98,114,113,1,3.8,3.7666666666666666,540.4875438596492,51.370000000000005,2977.646056706913,123116.96,119809.0,119809.0,152270.77,129399.00298245616,-3307.9600000000028,-0.1134657871475461,0.898096745802832,0.2958422745128351,0.7041577254871644,4.109548631894081,4.438493733150355,-3307.9600000000064,LIQUIDITY_STRESS,STABLE,True,STABLE->LIQUIDITY_STRESS,1,1,8035.556250000001,1222.1591574041352,9817.233750000009,2.221724227243137,3.0,-0.3674359532377164,10552.200000000004,6323.043216292299,6818.749999999999,17852.790000000008,30339.896666666667,2437.582682440396,127240.84749610854,115822.34,0.1629910986007046,108.0,5178.716666666667,1.6181910174152168,20.83368358893308,0.0150217513539108,-0.0268684346981927,1.6420004048793189,119809.0,4.109548631894081,1.1134657871475462,0.43120195953805,1,0.7207815097405845,True,2026-09-30,119809.0,2026-10-30,119405.62,128923.35000000012,9114.350000000002,30261.17,21146.82,29,14608.98,10.272460500322405,112,1120.0299999999988,20026.79,False,False,False,0.9966331410828904,0,6.491314197952846e-05,OBLIGATION_PRESSURE,True,OBLIGATION_MANAGEMENT,1,0,0,0
9,2026-09-01,32012.82,0.0,32012.82,33448.68,6404.669999999999,2086.4,4318.27,27044.01,96,95,1,3.2,3.1666666666666665,681.890625,43.94,3648.347860135804,89898.88,88463.02,56721.09,89843.72,64760.15260416666,-1435.8600000000006,-0.0448526559047281,0.9570727454715702,0.32576229532513,0.6742377046748701,1.7718242254196912,2.02294432680928,-1435.8600000000006,LIQUIDITY_STRESS,LIQUIDITY_STRESS,False,NO_CHANGE,2,0,5808.0337500000005,2968.070576268781,596.6362499999987,1.1027260301302482,1.0,0.1433046801299454,8606.506666666666,3377.0990835380194,6404.669999999999,12494.669999999998,33230.246666666666,1194.5905110259996,69525.89693371474,56721.09,-0.0734411963316008,97.33333333333331,-2420.269999999997,-0.48740783069901,-0.5402515575959153,-0.0379985641868287,-0.0159719453679512,-1.2929490160438997,56721.09,1.7718242254196912,1.0448526559047282,0.1348918964339911,1,0.4184240685411263,True,2026-09-30,88463.02,2026-10-30,48478.029999999984,82477.79,-5985.230000000003,34186.74,40171.97,26,27044.01,4.535191341816542,106,10028.579999999998,30143.390000000003,False,False,False,0.5480033351789254,0,8.985751720844276e-05,OBLIGATION_PRESSURE,True,OBLIGATION_MANAGEMENT,1,0,0,0
27,2026-09-01,68685.1,0.0,68685.1,70034.2,47198.17,22198.56,24999.61,22836.03,172,171,1,5.733333333333333,5.7,806.507558139535,183.27,5374.705586373671,138994.26,137645.16,70032.99,138874.01,99305.76779069768,-1349.0999999999913,-0.0196418146002552,0.9807365544262662,0.4703267097008211,0.529673290299179,1.0196241979701566,1.4458123783862538,-1349.1000000000058,LIQUIDITY_STRESS,RECOVERY,True,RECOVERY->LIQUIDITY_STRESS,2,1,38029.00375,4362.780114255252,9169.166250000002,1.2411098200278257,-20.0,-0.1432126997640972,39791.12,7132.941542947055,32968.21000000001,47198.17,66883.45,2787.8577906521914,96287.482562177,65012.28,0.0651486524314626,185.33333333333331,4256.3,0.4316267094877153,1.095749585873421,0.0787284513763291,-0.009706156211055,0.5907506715985434,70032.99,1.0196241979701566,1.0196418146002553,0.3639742826318953,1,0.3276291031499379,True,2026-09-30,137645.16,2026-10-30,137645.16,150986.33000000007,13341.169999999998,68685.1,55343.93000000001,29,22836.03,9.035294663739714,170,10460.79,44883.14000000001,False,False,False,1.0,0,4.6625736811025104e-05,OBLIGATION_PRESSURE,True,OBLIGATION_MANAGEMENT,0,1,0,0
31,2026-09-01,46816.83,0.0,46816.83,47636.100000000006,22162.83,13358.04,8804.79,25473.27,103,102,1,3.433333333333333,3.4,917.0187378640776,149.08,4836.21787925491,128423.48,127604.21,95947.97,142764.8,120997.82669902914,-819.2700000000041,-0.017499476149923,0.9828014887868654,0.6027226667352499,0.39727733326475,2.0494332914039672,2.584494223530921,-819.2699999999895,LIQUIDITY_STRESS,STABLE,True,STABLE->LIQUIDITY_STRESS,1,1,17523.5575,4552.138129092273,4639.272500000003,1.2647449012564944,12.0,-0.1835356126117028,17770.043333333335,3820.8791120674455,15217.72,22162.83,47680.40333333334,1010.8550751384796,116580.29858399207,82087.11,0.091883376127442,101.33333333333331,4437.089999999999,0.4563830849825072,0.3680743951894842,-0.040486741035004,-0.0063794408935187,0.501071017746585,95947.97,2.0494332914039672,1.0174994761499232,0.1880689059895768,1,0.2856849160143134,True,2026-09-30,127604.21,2026-10-30,94636.43,121038.61999999997,-6565.590000000004,51497.35,58062.94,27,25473.27,7.030960689381457,103,26269.150000000005,31793.79,False,False,False,0.7416403424307081,0,6.002249021963452e-05,OBLIGATION_PRESSURE,True,OBLIGATION_MANAGEMENT,1,0,0,0
32,2026-09-01,42321.15,0.0,42321.15,43034.19000000001,15271.53,7987.96,7283.570000000001,27762.660000000003,102,101,1,3.4,3.3666666666666667,836.8170588235294,83.33500000000001,4524.206747542391,56379.2,55666.16,42800.66,85121.81,61414.7718627451,-713.0400000000081,-0.0168483134319367,0.9834308488204376,0.5230621948161055,0.4769378051838945,1.0113302686718106,1.4511602794996143,-713.0399999999936,LIQUIDITY_STRESS,SPENDING_PRESSURE,True,SPENDING_PRESSURE->LIQUIDITY_STRESS,2,1,10513.9025,1552.224205314517,4757.6275000000005,1.4525082384966002,-49.0,-0.0508190114443455,13138.786666666669,2168.550649958018,10936.12,15271.53,42366.40666666667,45.496872785996125,61185.36689782452,37957.48,0.0345604415825748,126.0,1464.9600000000016,0.1561711930990992,1.1520563042367051,-0.0021453763002762,-0.012647217413514,-0.0516346832080372,42800.66,1.0113302686718106,1.0168483134319366,0.1721023648932035,1,0.2517883868660617,True,2026-09-30,55666.16,2026-10-30,41692.96000000001,59504.43000000005,3838.270000000004,41599.03,37760.76,28,27762.660000000003,3.5034535595652576,90,1934.139999999992,35826.62,False,False,False,0.7489821464243268,0,0.00011600679364127213,OBLIGATION_PRESSURE,True,OBLIGATION_MANAGEMENT,0,1,0,0
53,2026-09-01,20000.0,0.0,20000.0,20651.05,3506.91,2904.1,602.8100000000001,17144.14,175,174,1,5.833333333333333,5.8,232.2917142857143,20.0,1702.865026783016,43466.35,42815.3,23054.2,43446.35,27836.24628571429,-651.0499999999993,-0.0325524999999999,0.968473757992935,0.8281079354759603,0.1718920645240397,1.15271,1.3918123142857144,-651.0499999999956,LIQUIDITY_STRESS,SPENDING_PRESSURE,True,SPENDING_PRESSURE->LIQUIDITY_STRESS,5,1,4972.48625,2201.8749782916348,-1465.57625,0.7052628853423174,-37.0,-0.0325852708743547,3917.863333333333,533.4611454767191,3506.91,4520.73,20555.193333333333,961.6230613568584,29041.13278664604,22423.68,-0.0253414097085484,192.0,-506.80999999999887,-0.2242602411557425,-0.4940662033773122,-0.0768767787430569,-0.0149782532924893,-0.4375695985008488,23054.2,1.15271,1.0325525,0.0301405,1,0.0798159583511873,True,2026-09-30,42815.3,2026-10-30,20649.889999999992,43280.17,464.869999999999,22929.33,22464.460000000003,29,17144.14,3.834816444569399,201,1383.8100000000013,21080.65,False,False,False,0.4823016538480401,0,0.0003279706123153512,OBLIGATION_PRESSURE,True,OBLIGATION_MANAGEMENT,0,1,0,0
63,2026-09-01,52428.22,7748.25,60176.47,57232.52,40272.64,7681.76,32590.88,16959.88,45,43,2,1.5,1.4333333333333331,2609.0886666666665,470.19,8325.818882559242,204868.65,207812.6,147636.13,207812.6,173835.67199999996,2943.9500000000044,0.0489219457372624,1.0514384129861836,0.1907438896481581,0.8092561103518419,2.4533863485179506,2.8887648610827448,2943.950000000012,SPENDING_PRESSURE,STABLE,True,STABLE->SPENDING_PRESSURE,2,1,19538.56375,5924.236957655843,20734.07625,2.0611873275485766,7.0,-0.3325290159546502,24663.243333333336,13596.189786665722,15403.750000000002,40272.64,55865.21666666667,3983.214943451254,164044.39248970253,131090.49,0.2633915176632861,43.0,14242.093333333336,1.614469853120181,2.405372590364278,0.1501212208666169,0.0143699389828557,1.7733480260804386,147636.13,2.4533863485179506,0.9510780542627376,0.541588431491578,0,0.8173921011608635,True,2026-09-30,207812.6,2026-10-30,207812.6,213026.00999999995,5213.410000000004,60176.47,54963.06,27,16959.88,15.801354136939649,66,9152.700000000004,45810.35999999999,False,False,False,1.0,0,7.166147847382716e-05,SPENDING_PRESSURE,True,SPENDING_CONTROL,1,0,0,0
68,2026-09-01,22155.31,0.0,22155.31,22200.59,2130.9,1430.9,700.0,20069.69,110,109,1,3.6666666666666665,3.633333333333333,403.23545454545456,20.0,2347.9074610105613,13789.84,13744.56,-6134.24,16021.07,4941.35890909091,-45.27999999999884,-0.0020437538450149,0.997960414565559,0.671500305035431,0.3284996949645689,-0.2768744829117714,0.2230327135612595,-45.280000000000655,LIQUIDITY_STRESS,LIQUIDITY_STRESS,False,NO_CHANGE,7,0,5138.63125,3237.619582243533,-3007.7312500000003,0.4146824117803744,-18.0,0.296288698876553,5568.193333333334,3918.528821143637,2130.9,9835.1,21996.926666666663,1123.896372106141,9810.344741494808,-6134.24,-0.1643176878914262,115.33333333333331,-3640.956666666665,-0.7833372309381704,-0.9128493651076248,-0.0381153663641615,-0.0032835768942932,-1.8588746282175244,0.0,0.0,1.0020437538450149,0.031595134529826,1,0.5128429785272525,True,2026-09-30,13744.56,2026-10-30,-11180.59,8248.039999999999,-5496.519999999997,21589.66,27086.18,29,20069.69,1.7605762719802849,107,5763.950000000001,21322.23,True,False,True,-0.813455650817487,1,0.8953240341759663,LIQUIDITY_PRESSURE,True,LIQUIDITY_PROTECTION,0,1,1,1
71,2026-09-01,46292.59,12579.75,58872.34,64715.58,50879.80000000001,11066.39,39813.41,13835.78,69,67,2,2.3,2.2333333333333334,1791.1292753623188,373.88,6529.746880517903,252689.5,246846.26,188764.93,247307.68,223592.73507246372,-5843.239999999998,-0.0992527220762755,0.9097089139894906,0.2175006584145377,0.782499341585462,3.206343250497602,3.797925053980592,-5843.239999999991,LIQUIDITY_STRESS,STABLE,True,STABLE->LIQUIDITY_STRESS,1,1,22886.47125,3103.850683413554,27993.32875000001,2.2231387025206,7.0,-0.4417132351932314,31061.55333333334,17164.061135151944,20971.27,50879.80000000001,55421.23333333334,3083.9553600746726,210389.59274165216,180498.16,0.1991258521786725,65.66666666666667,10523.9,1.4261668463569448,2.735002636136268,0.1121565382646361,-0.0231241899643633,1.4431503920236612,188764.93,3.206343250497602,1.0992527220762756,0.6762668173203239,1,0.928184412221894,True,2026-09-30,246846.26,2026-10-30,246846.26,270871.41000000003,24025.149999999998,58872.34,34847.19,29,13835.78,22.09623165444955,73,11504.440000000002,23342.75,False,False,False,1.0,0,6.950710184742067e-05,SPENDING_PRESSURE,True,SPENDING_CONTROL,0,1,0,0
84,2026-09-01,20000.0,0.0,20000.0,20895.88,3391.86,1216.6,2175.26,17504.02,154,153,1,5.133333333333334,5.1,265.5576623376623,20.0,1792.0324248714303,24.09,-871.79,-7771.31,12228.69,1647.4014285714284,-895.880000000001,-0.044794,0.9571264766068718,0.3586822569327743,0.6413177430672258,-0.3885655,0.0823700714285714,-895.88,LIQUIDITY_STRESS,LIQUIDITY_STRESS,False,NO_CHANGE,9,0,4008.55375,608.2393588743895,-616.6937500000004,0.8461555492426663,-6.0,-0.0001864999999999,3358.776666666666,54.10389295913294,3296.34,3391.86,20000.0,0.0,2738.8432866743474,-7771.31,-0.0431398333333333,156.33333333333334,-862.7966666666665,0.0011009022676224,0.1493561732863433,0.0,-37.18887505188875,-0.0267451330321342,0.0,0.0,1.044794,0.108763,1,0.0412894351115295,True,2026-09-30,-871.79,2026-10-30,-8877.58,-1793.8799999999987,-922.09,20000.0,20922.09,29,17504.02,1.092789542059481,167,2146.8600000000006,18775.23,True,False,False,0.0,1,0.9912386209604196,LIQUIDITY_PRESSURE,True,LIQUIDITY_PROTECTION,1,0,1,1
90,2026-09-01,55387.93,0.0,55387.93,60797.5,20055.61,4660.39,15395.22,40741.89000000001,108,107,1,3.6,3.566666666666667,1075.7910185185185,60.84,5921.332457335214,139268.29,133858.72,79592.23,139224.01,102672.55787037036,-5409.57,-0.0976669465712114,0.9110231506229696,0.2323733858007809,0.7676266141992193,1.43699593034078,1.8536991339154645,-5409.570000000007,LIQUIDITY_STRESS,STABLE,True,STABLE->LIQUIDITY_STRESS,2,1,14742.29625,6505.105961376884,5313.3137499999975,1.360412900398742,-22.0,-0.2039497689106337,17008.59333333333,5158.468920448519,11052.639999999998,20055.61,63166.94,11324.236935489294,95183.7514416386,59988.36,0.070710089177177,116.0,5416.456666666672,0.8145538079590036,2.091465508412803,-0.0442785275576081,-0.0388427975959208,1.2596335944586348,79592.23,1.43699593034078,1.0976669465712114,0.2779526153080644,1,0.409361558303951,True,2026-09-30,133858.72,2026-10-30,86131.06999999996,142235.85999999996,8377.14,56806.19,48429.05,29,40741.89000000001,4.679824868213035,105,3494.2500000000077,44934.8,False,False,False,0.6434475841394566,0,7.423771434805463e-05,OBLIGATION_PRESSURE,True,OBLIGATION_MANAGEMENT,0,1,0,0
92,2026-09-01,56686.56,0.0,56686.56,54469.08,26701.03,12629.9,14071.13,27768.05,131,130,1,4.366666666666666,4.333333333333333,848.5163358778625,111.42,5351.32548114048,77661.16,79878.64,25666.78,82353.34,45906.33717557252,2217.480000000003,0.0391182671871428,1.040710803266734,0.4730117152783993,0.5269882847216006,0.4527842225740986,0.8098275354082611,2217.479999999996,RECOVERY,RECOVERY,False,NO_CHANGE,3,0,20150.74125,6178.815386880835,6550.288750000003,1.3250644067498014,-22.0,-0.0846778924489169,21515.9,4583.791130789014,18003.03,26701.03,55381.16,1195.8439235953906,41946.33961852909,18410.91,0.1108331404770553,142.0,6097.210000000004,0.3455711754496657,1.474675741507725,0.0432097992955284,0.028553269098736,0.2433322745535389,25666.78,0.4527842225740986,0.9608817328128572,0.2482269165742285,0,0.332558633909327,True,2026-09-30,79878.64,2026-10-30,38680.240000000005,90281.89,10403.25,53020.36,42617.11,27,27768.05,4.786040071232946,122,3687.239999999998,38929.87,False,False,False,0.4842375884216356,0,0.001384325578133012,LIQUIDITY_PRESSURE,True,LIQUIDITY_PROTECTION,0,1,0,0
96,2026-09-01,31172.51,0.0,31172.51,28629.3,3901.67,2379.54,1522.13,24727.63,89,88,1,2.966666666666667,2.933333333333333,671.9304494382023,38.96,3580.0727831170843,42216.15,44759.36,13707.44,44879.95,19567.054943820225,2543.209999999999,0.0815850247541824,1.0888324199334247,0.6098773089471944,0.3901226910528056,0.439728465882279,0.6277022589396948,2543.209999999999,RECOVERY,RECOVERY,False,NO_CHANGE,3,0,6159.245,3677.52770448533,-2257.575,0.6334656276865103,-2.0,-0.012093102532766,7697.423333333333,6421.855475891164,3901.67,15112.04,32283.866666666665,1428.7451963290478,18903.30184848028,5510.26,-3.513830298870757e-05,93.0,-141.18666666666832,-0.0433706994625554,0.0068062757963804,-0.0192271994190718,0.0602425848875372,0.6867411848363215,13707.44,0.439728465882279,0.9184149752458176,0.0488292408920552,0,0.0831554936171167,True,2026-09-30,44759.36,2026-10-30,44759.36,45440.85000000001,681.4900000000016,31172.51,30491.02,25,24727.63,3.070729786882123,62,2706.7700000000004,27784.25,False,False,False,1.0,0,0.053547242295382526,LIQUIDITY_PRESSURE,True,LIQUIDITY_PROTECTION,0,1,0,0
101,2026-09-01,33610.89,11512.28,45123.17,45341.67,4773.65,1902.08,2871.57,40568.02,184,182,2,6.133333333333334,6.066666666666666,491.65673913043474,20.0,3231.548657271434,121047.97,120829.47,99706.26,144785.27,124655.715,-218.5,-0.004842301637939,0.995181033252635,0.3984540131765001,0.6015459868234998,2.209646618355936,2.762565551134816,-218.5,LIQUIDITY_STRESS,LIQUIDITY_STRESS,False,NO_CHANGE,5,0,16119.3,12195.285882382115,-11345.65,0.2961449938893128,179.0,0.0818829837317801,8540.840000000002,10923.032337281627,0.0,20848.870000000003,45887.80666666667,8964.097248470345,128490.26888807786,99706.26,-0.0679987733771101,108.66666666666669,-3221.053333333337,,,0.2087474270382519,-0.0018050695108724,,99706.26,2.209646618355936,1.004842301637939,0.0636384810730274,1,0.2105634838769723,True,2026-09-30,120829.47,2026-10-30,99211.74,122429.97000000004,1600.5000000000073,48440.69,46840.19,27,40568.02,4.17250237995347,108,3547.489999999998,43292.7,False,False,False,0.8210889280570378,0,0.00011165462616347164,OBLIGATION_PRESSURE,True,OBLIGATION_MANAGEMENT,0,1,0,0
102,2026-09-01,25619.59,0.0,25619.59,22817.27,6496.56,3005.73,3490.83,16320.71,168,167,1,5.6,5.566666666666666,288.31464285714287,32.28,2124.30033178067,27014.21,29816.53,4319.55,29939.14,9936.068035714286,2802.32,0.1093819221931342,1.1228157443901046,0.4626648564778898,0.5373351435221101,0.1686034007569988,0.3878308761269906,2802.32,LIQUIDITY_STRESS,LIQUIDITY_STRESS,False,NO_CHANGE,9,0,6641.592500000001,2575.164300282606,-145.03250000000023,0.9781629932881308,5.0,-0.0248094088002533,6077.293333333332,506.2042546574742,5514.95,6496.56,25329.853333333333,253.3451255369194,7828.6575568819135,-1186.81,0.1157693343975284,164.33333333333334,2931.849999999997,0.1779907342768294,0.1157053320591534,0.0158457824675377,0.1037350342652996,0.2913955638930739,4319.55,0.1686034007569988,0.8906180778068657,0.1362562788865864,0,0.1356697756705303,True,2026-09-30,29816.53,2026-10-30,29750.35,32374.810000000045,2558.279999999999,25619.59,23061.31,28,16320.71,3.3966733064921804,148,3463.779999999999,19597.53,False,False,False,0.9977804258241988,0,0.35796182542503124,LIQUIDITY_PRESSURE,True,LIQUIDITY_PROTECTION,1,0,0,0
148,2026-09-01,54368.55,0.0,54368.55,56790.84,38518.17000000001,30932.33,7585.840000000001,18272.67,169,168,1,5.633333333333334,5.6,657.7478698224851,132.01,4444.084099019564,182800.31,180378.02,180378.02,235495.99,205494.69396449704,-2422.2899999999936,-0.0445531469939881,0.9573471707761324,0.8030581411318345,0.1969418588681653,3.317690466271401,3.779661108572824,-2422.290000000008,LIQUIDITY_STRESS,SPENDING_PRESSURE,True,SPENDING_PRESSURE->LIQUIDITY_STRESS,3,1,29901.51125,10475.500103561968,8616.658750000013,1.2881680018764945,14.0,-0.2628883676284808,28501.633333333342,8843.81948307593,21771.480000000003,38518.17000000001,54708.88333333334,811.3756749085069,193737.0187351571,155069.57,0.1446367912521171,158.33333333333334,7934.580000000002,0.5275743845490333,-0.2139791564345025,-0.0227635481261795,-0.0132510169156715,0.3693963461244522,180378.02,3.317690466271401,1.0445531469939882,0.1395262518496447,1,0.503737982683403,True,2026-09-30,180378.02,2026-10-30,177950.04,197906.01000000007,17527.990000000005,63123.55,45595.56,29,18272.67,13.325998335218662,167,12056.240000000013,33539.319999999985,False,False,False,0.9865394907871814,0,5.5500486400442656e-05,OBLIGATION_PRESSURE,True,OBLIGATION_MANAGEMENT,0,1,0,0
154,2026-09-01,96489.62,0.0,96489.62,87733.62,45001.0,32267.26,12733.74,42732.62,133,132,1,4.433333333333334,4.4,1385.1371428571429,291.01,8895.266723110308,72367.36,81123.36,22048.35,118537.97,78122.19654135339,8756.0,0.0907455123152106,1.0998021055098377,0.7170342881269306,0.2829657118730694,0.2285048899560388,0.8096435299605635,8756.0,LIQUIDITY_STRESS,LIQUIDITY_STRESS,False,NO_CHANGE,9,0,44500.7425,2846.429124167181,500.2574999999997,1.0112415540032844,5.0,0.0563673017606027,46678.97,2479.489653396452,45001.0,49526.98,95578.04666666668,895.1489132727017,74448.982738223,12933.53,0.0644418425176576,134.0,6166.45666666667,-0.0913841304274963,-0.2386171416886255,0.0098946833425017,0.1209937739887152,-0.179675593223919,22048.35,0.2285048899560388,0.9092544876847892,0.1319700502499647,0,0.1562995305764875,True,2026-09-30,81123.36,2026-10-30,31683.149999999998,89729.63999999996,8606.279999999999,93436.5,84830.22,28,42732.62,4.084932306982347,130,12785.74000000002,72044.47999999998,False,False,False,0.390555198897087,0,0.001197234113663488,LIQUIDITY_PRESSURE,True,LIQUIDITY_PROTECTION,0,1,0,0
167,2026-09-01,22395.86,0.0,22395.86,20529.2,5380.610000000001,3191.49,2189.1200000000003,15148.590000000002,170,169,1,5.666666666666667,5.633333333333334,252.5003529411765,26.86,1812.5742390032192,16432.1,18298.76,-3974.97,18420.89,1935.6097058823527,1866.66,0.0833484402920897,1.0909270697348168,0.5931465019765416,0.4068534980234583,-0.1774868212249942,0.0864271211680352,1866.66,LIQUIDITY_STRESS,LIQUIDITY_STRESS,False,NO_CHANGE,9,0,5309.8925,2303.351680050803,70.71750000000065,1.0133180662320378,24.0,0.0261252938508325,4632.400000000001,840.5550995027016,3722.88,5380.610000000001,21141.233333333334,1194.8200429074388,2185.2160522464847,-5485.74,0.0638109031859774,166.33333333333334,1360.243333333333,0.4452816099363934,0.1943738201499296,0.1188475738001388,0.1135983836515113,0.6686639171681615,0.0,0.0,0.9166515597079103,0.0977466371016786,0,0.1402661825960079,True,2026-09-30,18298.76,2026-10-30,18257.11,21359.559999999998,3060.7999999999997,22395.86,19335.06,26,15148.590000000002,2.686363549346836,132,1896.7000000000007,17438.36,False,False,False,0.9977238894875936,0,0.7936219200626439,LIQUIDITY_PRESSURE,True,LIQUIDITY_PROTECTION,0,1,0,0
179,2026-09-01,56915.12,0.0,56915.12,59444.530000000006,32094.03,15988.21,16105.820000000003,27350.500000000004,202,201,1,6.733333333333333,6.7,576.0378712871287,90.12,4242.3812118135,184427.11,181897.7,125946.84,184328.97,145747.1544059406,-2529.4100000000035,-0.0444417933231099,0.957449238811376,0.4981677277674383,0.5018322722325617,2.212888947611812,2.560780938456083,-2529.4099999999744,LIQUIDITY_STRESS,RECOVERY,True,RECOVERY->LIQUIDITY_STRESS,1,1,21614.1775,4154.131730835663,10479.852500000005,1.484860110915625,-2.0,-0.1802467121370892,24950.353333333333,6362.932273443847,19890.96,32094.03,58489.74,1796.23479754179,143946.24185380092,117868.53,0.1032724744791741,191.33333333333331,6188.88666666667,0.4035656323976968,1.4681130814826626,-0.0205271537042031,-0.0137149576328554,0.253994671518986,125946.84,2.212888947611812,1.04444179332311,0.2829796370454811,1,0.3739383400844707,True,2026-09-30,181897.7,2026-10-30,135095.69000000003,189416.04,7518.340000000004,54917.37,47399.03,29,27350.500000000004,8.658527997660006,221,4284.100000000006,43114.92999999999,False,False,False,0.7427014745101231,0,4.29729950479763e-05,OBLIGATION_PRESSURE,True,OBLIGATION_MANAGEMENT,1,0,0,0
195,2026-09-01,67896.6,0.0,67896.6,85414.15,47803.19,15618.03,32185.16,37610.96,206,205,1,6.866666666666666,6.833333333333333,744.2269417475728,99.61,5278.194657726592,118343.14,100825.59,34221.45,118231.92,75558.40878640776,-17517.54999999999,-0.2580033462647612,0.794910445166287,0.3267152254901817,0.6732847745098183,0.5040230291354795,1.112845249782872,-17517.550000000003,LIQUIDITY_STRESS,LIQUIDITY_STRESS,False,NO_CHANGE,4,0,27947.44375,9217.713068379251,19855.746250000004,1.710467348198885,10.0,-0.1984628474204659,34441.31333333333,12391.849752382952,23327.189999999995,47803.19,67247.63333333335,1183.2630788348504,77950.99053657295,34221.45,-0.07138741740363,196.33333333333331,-4804.639999999995,0.4848680916307486,0.8992362376131291,0.0305807909549635,-0.1480233666269123,0.1047807343451088,34221.45,0.5040230291354795,1.2580033462647613,0.474031983928503,1,0.567021083519708,True,2026-09-30,100825.59,2026-10-30,41240.58000000008,109304.11000000006,8478.51999999999,68727.54,60249.02,29,37610.96,4.508077698628273,205,6469.520000000004,53779.5,False,False,False,0.4090288983183741,0,0.0014109215909282728,OBLIGATION_PRESSURE,True,OBLIGATION_MANAGEMENT,1,0,0,0
202,2026-09-01,40185.99,0.0,40185.99,42266.670000000006,25123.9,8208.94,16914.960000000003,17142.77,103,102,1,3.433333333333333,3.4,800.5112621359223,103.76,4298.3267133610825,136275.3,134194.62,99352.09,139538.08,123263.96757281554,-2080.680000000008,-0.051776253365912,0.9507725590873376,0.3267382850592464,0.6732617149407538,2.4723066421904747,3.0673368398492995,-2080.679999999993,LIQUIDITY_STRESS,RECOVERY,True,RECOVERY->LIQUIDITY_STRESS,2,1,14626.84875,4031.562229201824,10497.05125,1.7176563748907296,-7.0,-0.2965535222533514,17712.606666666663,6422.482594529417,13777.11,25123.9,41246.52,946.006870958232,117278.46781467588,90463.42,0.1522914048563766,111.0,6391.143333333331,0.7647141459357816,2.3129106873204246,-0.032830486569226,-0.0152682107469217,0.7313472061349089,99352.09,2.4723066421904747,1.051776253365912,0.420916841914309,1,0.6578523998113297,True,2026-09-30,134194.62,2026-10-30,109677.68,147078.34999999998,12883.73,41896.89,29013.16,29,17142.77,10.27205696628958,102,2820.119999999999,26193.04,False,False,False,0.8173031079785464,0,5.072169632445746e-05,OBLIGATION_PRESSURE,True,OBLIGATION_MANAGEMENT,1,0,0,0
212,2026-09-01,73901.87,0.0,73901.87,75486.66,61607.27,28200.000000000004,33407.27,13879.39,101,100,1,3.3666666666666667,3.333333333333333,1479.0943564356437,288.34,7800.517438190547,440032.95,438448.16,365243.14,439730.87,410993.04346534656,-1584.790000000008,-0.0214445182510267,0.9790056945160904,0.4577381857693094,0.5422618142306906,4.94227196145375,5.561334827729618,-1584.7900000000373,LIQUIDITY_STRESS,SPENDING_PRESSURE,True,SPENDING_PRESSURE->LIQUIDITY_STRESS,1,1,26784.105,5318.887246961129,34823.16499999999,2.300142939254457,-31.0,-0.3594627278619522,41489.82333333333,18308.22281053061,25804.620000000003,61607.27,75890.34999999999,1723.1752264061788,384295.2854534176,338026.54,0.2666698371205736,109.0,20521.13666666666,0.6624741820701727,2.537575382139132,-0.0395641473039987,-0.0036015257493786,0.2263910310685304,365243.14,4.94227196145375,1.0214445182510268,0.4520490482852463,1,0.6988129627475106,True,2026-09-30,438448.16,2026-10-30,438037.05,464115.16000000015,25666.999999999985,73901.87,48234.87000000001,29,13879.39,36.914448689747886,141,9651.390000000014,38583.48,False,False,False,0.9990623520919782,0,8.52340822961739e-05,OBLIGATION_PRESSURE,True,OBLIGATION_MANAGEMENT,1,0,0,0
229,2026-09-01,14412.47,0.0,14412.47,15849.14,1500.0,900.0,600.0,14349.14,80,79,1,2.6666666666666665,2.6333333333333333,378.270125,20.0,1835.957608302761,24342.53,22905.86,8513.39,24322.53,11987.874500000002,-1436.67,-0.0996824277864932,0.9093534412592734,0.6,0.4,0.5906961124637207,0.8317709941460417,-1436.6699999999985,LIQUIDITY_STRESS,LIQUIDITY_STRESS,False,NO_CHANGE,9,0,3841.52,1174.8789160711715,-2341.52,0.3904704387846477,-13.0,-0.2371295359836179,2624.61,1060.2124863912877,1500.0,3605.83,18420.13333333333,3492.818091202765,10013.283965716068,1714.55,0.0610894885442217,88.33333333333333,1446.3833333333343,-0.5840070108685101,-0.6367686943045332,-0.3076280452419476,-0.0590189269562365,-0.8866912594234234,8513.39,0.5906961124637207,1.0996824277864932,0.0416306157098679,1,0.2148916566016358,True,2026-09-30,22905.86,2026-10-30,5676.500000000007,25676.500000000007,2770.640000000003,20000.0,17229.359999999997,27,14349.14,2.9901346004011398,83,1245.0199999999968,15984.34,False,False,False,0.247818680459935,0,0.029440228973366733,OBLIGATION_PRESSURE,True,OBLIGATION_MANAGEMENT,1,0,0,0
232,2026-09-01,14000.0,0.0,14000.0,20862.98,9404.56,1701.45,7703.11,11458.42,130,129,1,4.333333333333333,4.3,268.1767692307692,20.0,1481.13998604742,48269.38,41406.4,41406.4,58208.89,49442.38269230769,-6862.98,-0.4902128571428571,0.6710450760150276,0.180917554888267,0.819082445111733,2.9576,3.531598763736264,-6862.979999999996,LIQUIDITY_STRESS,LIQUIDITY_STRESS,False,NO_CHANGE,2,0,6826.37,1818.3516612109363,2578.19,1.377680963674691,3.0,-0.4792871428571426,6256.259999999999,3374.059746418252,2694.5400000000004,9404.56,16297.696666666665,3979.727367048312,50858.97359360749,41406.4,-0.122932881562414,124.33333333333331,-1416.9833333333336,2.490228387776763,7.6881753174979135,0.0,-0.1421808193931638,3.0862299950502754,41406.4,2.9576,1.490212857142857,0.5502221428571429,1,0.6295924113808847,True,2026-09-30,41406.4,2026-10-30,37132.45999999999,43417.75999999999,2011.3600000000008,20000.0,17988.64,29,11458.42,5.359063465992693,131,2544.6799999999985,15443.96,False,False,False,0.8967806909076855,0,0.0005970542526631927,SPENDING_PRESSURE,True,SPENDING_CONTROL,1,0,0,0
238,2026-09-01,125694.05,0.0,125694.05,107605.83,69506.08,33698.55,35807.53,38099.75,238,237,1,7.933333333333334,7.9,980.2515966386554,255.015,8377.633944046824,85352.3,103440.52,49392.69,175086.74,134644.1289495798,18088.220000000016,0.1439067322598008,1.1680970259696897,0.4848288092207184,0.5151711907792814,0.3929596508347054,1.0712052714474536,18088.22,RECOVERY,SPENDING_PRESSURE,True,SPENDING_PRESSURE->RECOVERY,3,1,75806.9225,26415.1199908325,-6300.842499999999,0.916883019489414,-16.0,0.0499234435230852,90532.26666666666,31272.226006949582,69506.08,126469.3,124942.46333333332,1152.4738752064186,132113.73147928645,35524.34,-0.0311355856933456,251.0,-3689.5533333333246,-0.0808678281894205,-0.1593817449537123,0.0014046620023591,0.2119242246547545,0.3211892718340633,49392.69,0.3929596508347054,0.8560932677401992,0.2848784807236301,0,0.1295733864517634,True,2026-09-30,103440.52,2026-10-30,63526.36999999998,107391.62999999987,3951.110000000015,129450.31,125499.19999999998,29,38099.75,6.112660319293434,238,45366.47999999998,80132.72,False,False,False,0.6141342870279459,0,0.000635661991353906,LIQUIDITY_PRESSURE,True,LIQUIDITY_PROTECTION,0,1,0,0
263,2026-09-01,42993.56,0.0,42993.56,39636.21000000001,9372.760000000004,6474.389999999999,2898.3699999999994,30263.45,125,124,1,4.166666666666667,4.133333333333334,661.03816,67.21,4123.605350646796,29912.51,33269.86,16139.47,59133.03,37302.6004,3357.3499999999917,0.0780896022567098,1.084704112729244,0.6907666471775653,0.3092333528224342,0.3753927332372569,0.8676322779504653,3357.350000000002,SPENDING_PRESSURE,LIQUIDITY_STRESS,True,LIQUIDITY_STRESS->SPENDING_PRESSURE,1,1,5945.08375,5400.542338887132,3427.676250000004,1.57655642782156,119.0,0.137761295545789,9291.743333333334,9251.50105660878,0.0,18502.47,43038.62666666667,14501.942519036313,36541.47384236611,8266.17,0.0570812990555525,90.0,3483.433333333332,,,0.5054152294508927,0.1122389929832035,,16139.47,0.3753927332372569,0.92191039774329,0.0674140499181737,0,0.4729392643746715,True,2026-09-30,33269.86,2026-10-30,19109.370000000003,37261.03999999999,3991.179999999993,43576.22,39585.04000000001,29,30263.45,2.539237264753357,125,2797.6600000000035,36787.380000000005,False,False,False,0.5743748245408908,0,0.006140543657743355,LIQUIDITY_PRESSURE,True,LIQUIDITY_PROTECTION,1,0,0,0
264,2026-09-01,20399.94,0.0,20399.94,21695.21,13760.78,5635.82,8124.96,7934.43,139,138,1,4.633333333333334,4.6,302.84280575539566,47.59,1845.659296893318,55607.37,54312.1,34571.54,55554.14,42908.932374100725,-1295.2700000000004,-0.0634938141974927,0.940296959559276,0.4095567257088624,0.5904432742911376,1.6946883177107386,2.1033852243732447,-1295.270000000004,LIQUIDITY_STRESS,RECOVERY,True,RECOVERY->LIQUIDITY_STRESS,2,1,8606.84625,2465.46337757624,5153.933749999998,1.5988179177709836,-2.0,-0.3358348526143532,8911.123333333333,4209.328683582851,6205.099999999999,13760.78,20201.45,199.9864297896248,41003.46546483028,30842.78,0.1672902414064559,141.33333333333334,3355.896666666667,1.0333653983973377,3.4015298438735817,0.0096775901894685,-0.0232931354243152,0.9427318872532786,34571.54,1.6946883177107386,1.0634938141974928,0.398283524363307,1,0.6004828258969941,True,2026-09-30,54312.1,2026-10-30,40310.15999999999,60659.80999999998,6347.710000000003,20740.45,14392.739999999998,28,7934.43,9.459097881007205,140,1380.229999999996,13012.510000000002,False,False,False,0.7421948331955492,0,0.00017047379137506954,OBLIGATION_PRESSURE,True,OBLIGATION_MANAGEMENT,0,1,0,0
276,2026-09-01,25444.22,0.0,25444.22,29270.410000000003,8362.710000000001,1869.49,6493.219999999999,20907.7,116,115,1,3.8666666666666663,3.8333333333333335,471.6778448275862,20.0,2612.6132520433835,80638.11,76811.92,72738.85,98183.07,85174.67629310346,-3826.1900000000014,-0.1503756059332926,0.8692812980754283,0.2235507389351059,0.7764492610648939,2.858757313055775,3.347505889082214,-3826.1900000000014,LIQUIDITY_STRESS,SPENDING_PRESSURE,True,SPENDING_PRESSURE->LIQUIDITY_STRESS,2,1,3729.82375,2319.30786465604,4632.886250000001,2.242119349473283,12.0,-0.2045986065208432,4522.276666666667,3328.7332636955666,2465.0599999999995,8362.710000000001,25317.75333333333,552.7198756452857,84180.31954733485,69247.29,-0.0042752873699651,103.66666666666669,-112.22333333333276,2.392497545698686,6.046512132656161,0.0295984746341566,-0.0474489047424351,2.4925318640414758,72738.85,2.858757313055775,1.1503756059332926,0.255194303460668,1,0.390867447363765,True,2026-09-30,76811.92,2026-10-30,68838.91,78738.45000000003,1926.5299999999988,25632.69,23706.16,28,20907.7,4.899850772681835,108,942.390000000003,22763.77,False,False,False,0.8962008761140199,0,5.746562410740532e-05,OBLIGATION_PRESSURE,True,OBLIGATION_MANAGEMENT,1,0,0,0
296,2026-09-01,92270.08,0.0,92270.08,93535.34,47256.96,19668.45,27588.51,46278.38,135,134,1,4.5,4.466666666666667,1376.3364444444444,174.62,8636.284804316228,388417.48,387152.22,299101.49,391371.57,338288.388,-1265.2600000000093,-0.0137125707488278,0.9864729202887378,0.4162021848210295,0.5837978151789706,3.241586980308243,3.6662847588297303,-1265.2600000000093,LIQUIDITY_STRESS,SPENDING_PRESSURE,True,SPENDING_PRESSURE->LIQUIDITY_STRESS,1,1,22471.43625,3639.518594986892,24785.52375,2.102979065256677,7.0,-0.259851890383756,29349.61333333333,16376.227133260378,15135.139999999998,47256.96,88066.33666666667,10134.309862868486,327086.11963378097,291255.5,0.1432350689917627,128.0,12438.343333333338,0.8418926176903225,2.2744062666904035,-0.0330344164833587,-0.0032574744061467,0.1467156982829036,299101.49,3.241586980308243,1.013712570748828,0.2989973564561773,1,0.458111952082568,True,2026-09-30,387152.22,2026-10-30,316614.2900000001,406226.5,19074.279999999984,92675.58,73601.30000000002,29,46278.38,10.36829292641618,129,8366.44000000001,65234.86000000001,False,False,False,0.8178031111380432,0,8.476207972749042e-05,OBLIGATION_PRESSURE,True,OBLIGATION_MANAGEMENT,1,0,0,0
333,2026-09-01,56867.06,12457.01,69324.06999999999,61951.3,34206.54,21543.77,12662.77,27744.76,148,146,2,4.933333333333334,4.866666666666666,886.9957432432432,218.965,4910.636813803594,63122.52,70495.29,13740.31,82065.52,46753.39736486486,7372.769999999997,0.106352238118737,1.1190091249094043,0.6298143571375532,0.3701856428624467,0.1982040292787195,0.6744179527379864,7372.769999999997,LIQUIDITY_STRESS,SPENDING_PRESSURE,True,SPENDING_PRESSURE->LIQUIDITY_STRESS,7,1,20877.35875,4062.635618664449,13329.18125,1.6384515114968747,-22.0,-0.0097369551430533,23845.620000000006,9905.118287188696,14469.940000000002,34206.54,57601.84,11551.002393684284,42858.58450875697,13740.31,0.1030990258742226,160.66666666666666,6011.459999999999,0.4963242080840297,0.3001177653133411,0.2108709637020291,0.1168009452094116,-0.083528921922038,13740.31,0.1982040292787195,0.8936477618812629,0.1826605102672131,0,0.3133873348076036,True,2026-09-30,70495.29,2026-10-30,30036.360000000022,78308.49,7813.199999999997,54046.85,46233.65,29,27744.76,4.488852669837476,160,7179.639999999999,39054.01,False,False,False,0.4260761250858039,0,0.000770547624993456,LIQUIDITY_PRESSURE,True,LIQUIDITY_PROTECTION,1,0,0,0
341,2026-09-01,26746.77,0.0,26746.77,26084.630000000005,5190.43,4192.1900000000005,998.24,20894.2,205,204,1,6.833333333333333,6.8,257.71414634146345,21.02,2070.6228391019604,25843.36,26505.5,930.11,27676.88,10484.359707317077,662.1399999999958,0.0247558864117048,1.0253842971895708,0.8076768206102385,0.1923231793897615,0.03477466624942,0.3919860120424662,662.1399999999994,LIQUIDITY_STRESS,LIQUIDITY_STRESS,False,NO_CHANGE,9,0,4602.8325,1563.6165647877272,587.5974999999999,1.1276599789368829,12.0,0.0511654208688069,5896.59,2106.735175478874,4233.65,8265.69,26180.3,1498.3418887890705,11647.224780124508,930.11,-0.0230933775348875,195.66666666666663,-610.4900000000004,0.2259941185501874,-0.0945258288357748,0.0925383486422908,0.0256212814432799,0.713798524473952,930.11,0.03477466624942,0.9752441135882952,0.0373218897085517,0,0.0916768093995484,True,2026-09-30,26505.5,2026-10-30,1695.8099999999986,21834.96,-4670.540000000001,25538.75,30209.29,29,20894.2,2.4908467421581117,206,5932.720000000001,24276.57,False,False,True,0.0639795514138574,1,0.7535089342153256,LIQUIDITY_PRESSURE,True,LIQUIDITY_PROTECTION,1,0,1,1
352,2026-09-01,23911.96,0.0,23911.96,25263.86,17677.97,9331.73,8346.24,7585.89,182,181,1,6.066666666666666,6.033333333333333,270.1968131868132,56.040000000000006,1844.2207022191396,27318.29,25966.39,17356.15,41268.11,29205.928626373625,-1351.9000000000017,-0.0565365616202102,0.9464887788326882,0.5278733927028951,0.4721266072971047,0.7258355233113473,1.2213941737261866,-1351.9000000000017,LIQUIDITY_STRESS,STABLE,True,STABLE->LIQUIDITY_STRESS,6,1,12947.03875,1823.8836059466807,4730.9312500000015,1.365406433189211,25.0,-0.2316773440268371,13515.636666666667,3617.767322566964,11127.100000000002,17677.97,23309.226666666666,672.2937002778917,26916.17830966001,12165.21,0.096671811641487,167.33333333333334,2207.7,0.5055536440626001,1.921872100879757,0.0205026982850045,-0.0494869920481846,0.4503065446386713,17356.15,0.7258355233113473,1.0565365616202105,0.3490403965212387,1,0.367415467839165,True,2026-09-30,25966.39,2026-10-30,18587.72,31384.20999999999,5417.82,23360.1,17942.28,29,7585.89,6.502399850248289,167,2984.6899999999987,14957.59,False,False,False,0.7158376655361027,0,0.0019571055379282386,OBLIGATION_PRESSURE,True,OBLIGATION_MANAGEMENT,1,0,0,0
357,2026-09-01,21711.62,0.0,21711.62,25044.75,21297.15,9671.06,11626.090000000002,3747.6,152,151,1,5.066666666666666,5.033333333333333,307.60769736842104,97.155,1782.9456916736349,30496.17,27163.04,7776.54,30433.89,22173.296315789477,-3333.130000000001,-0.1535182542804268,0.8669130256840255,0.4541011355979555,0.5458988644020445,0.358174102162805,1.0212640197179883,-3333.1299999999974,LIQUIDITY_STRESS,LIQUIDITY_STRESS,False,NO_CHANGE,4,0,16777.7875,2919.117144533111,4519.362500000003,1.2693658207317269,13.0,-0.1189927542804267,18285.86333333334,2612.9205073506027,16617.530000000002,21297.15,20570.54,988.2042677503462,23714.946980413035,7776.54,-0.068766751426809,150.33333333333334,-1462.9233333333348,0.2569948137598556,0.1905792790015841,0.0855809999999999,-0.1092966756153313,0.2374142864492383,7776.54,0.358174102162805,1.1535182542804268,0.5354777764164996,1,0.1796999304709718,True,2026-09-30,27163.04,2026-10-30,10727.660000000003,29493.96,2330.9199999999983,20000.0,17669.08,29,3747.6,12.58486498025403,131,5100.090000000002,12568.99,False,False,False,0.3949359129169638,0,0.029232345099991668,LIQUIDITY_PRESSURE,True,LIQUIDITY_PROTECTION,0,1,0,0
358,2026-09-01,20074.29,0.0,20074.29,18973.91,3062.08,2156.15,905.93,15911.830000000002,142,141,1,4.733333333333333,4.7,274.987323943662,20.0,1869.5382970138105,20301.99,21402.37,1840.28,21914.57,8000.052464788732,1100.380000000001,0.0548153882403811,1.0579943722722414,0.704145548124151,0.2958544518758491,0.0916734788627642,0.3985223121110999,1100.3799999999974,LIQUIDITY_STRESS,LIQUIDITY_STRESS,False,NO_CHANGE,9,0,3703.73375,1429.4127302191275,-641.65375,0.826754892950931,-24.0,0.1578064176589517,4424.043333333333,2204.8919733704265,3062.08,6967.910000000001,20538.570000000003,403.0073960859759,9434.198819966536,1840.28,0.0102915067436986,148.66666666666666,202.69666666666672,-0.5605454146221751,-0.792304112283662,-0.0322546588402264,0.0542005980694502,-1.7097154072813447,1840.28,0.0916734788627642,0.9451846117596188,0.04512886881678,0,0.3270250417057881,True,2026-09-30,21402.37,2026-10-30,2790.3700000000013,23276.079999999994,1873.7099999999991,20995.94,19122.23,29,15911.830000000002,2.6645778643939755,124,997.3899999999994,18124.84,False,False,False,0.1303766825823495,0,0.2348976267901606,LIQUIDITY_PRESSURE,True,LIQUIDITY_PROTECTION,0,1,0,0
372,2026-09-01,71044.85,0.0,71044.85,64003.21,28060.53,17330.62,10729.91,35942.68,157,156,1,5.233333333333333,5.2,860.1787261146496,154.28,6095.430227390269,81167.84,88209.48,17738.24,88783.09,36650.69420382166,7041.640000000007,0.0991154179366978,1.1100201068040183,0.6176155617873219,0.3823844382126781,0.2496766479202926,0.5158810836228334,7041.639999999999,LIQUIDITY_STRESS,LIQUIDITY_STRESS,False,NO_CHANGE,9,0,29048.0525,7354.476373705531,-987.5224999999992,0.9660038310657832,-3.0,0.0250358711993102,30532.30666666667,5483.001179375518,26720.32,36816.07,69220.33,1701.6496054416657,33180.34510960722,7825.25,0.0392660006070137,161.0,2745.3433333333355,0.0501569591980934,0.0567539751714898,0.049772269345137,0.0867540641712283,0.3243782435448474,17738.24,0.2496766479202926,0.900884582063302,0.1510300887397186,0,0.1437524210074017,True,2026-09-30,88209.48,2026-10-30,73227.42999999992,73227.42999999992,-14982.050000000005,71044.85,86026.90000000001,29,35942.68,4.430786185114744,163,19453.61000000001,66573.29,False,False,False,0.8301537431124174,0,0.0017783931412726124,LIQUIDITY_PRESSURE,True,LIQUIDITY_PROTECTION,0,1,0,0
389,2026-09-01,20844.1,0.0,20844.1,22010.26,8099.98,2395.5200000000004,5704.46,13910.28,76,75,1,2.533333333333333,2.5,563.8731578947369,42.48,2531.843320373102,52448.86,51282.7,51282.7,73292.96,59605.53894736842,-1166.1600000000035,-0.0559467667109639,0.947017436413745,0.2957439401084941,0.704256059891506,2.4602981179326524,2.859588034377518,-1166.1600000000035,LIQUIDITY_STRESS,SPENDING_PRESSURE,True,SPENDING_PRESSURE->LIQUIDITY_STRESS,1,1,4226.2375,1274.6832705057132,3873.7425,1.916593660436736,-17.0,-0.2699995461321643,5984.276666666666,2437.772353324513,3318.45,8099.98,22285.63,3255.2906862060736,56936.6341202406,46880.75,0.0988898375700788,85.0,2391.073333333335,0.2395904750244859,4.183139799015065,-0.19869802508689,-0.0222342296858312,-0.7295216104370998,51282.7,2.4602981179326524,1.055946766710964,0.2736726459765593,1,0.4451576918891997,True,2026-09-30,51282.7,2026-10-30,51166.77,54172.519999999975,2889.82,20000.0,17110.18,27,13910.28,5.124461908746625,75,1031.7900000000009,16078.39,False,False,False,0.997739393596671,0,8.998067480820961e-05,OBLIGATION_PRESSURE,True,OBLIGATION_MANAGEMENT,1,0,0,0
396,2026-09-01,49004.31,0.0,49004.31,52189.16,30249.27,13039.54,17209.729999999996,21939.89,156,155,1,5.2,5.166666666666667,648.6760897435896,112.005,4198.11982428856,136038.2,132853.35,90063.4,139067.71,118585.19955128204,-3184.850000000006,-0.0649912222006596,0.9389748752422916,0.4310695762244841,0.5689304237755158,1.8378669141551016,2.419893261455616,-3184.850000000006,LIQUIDITY_STRESS,STABLE,True,STABLE->LIQUIDITY_STRESS,1,1,19464.96625,3595.186587464401,10784.303749999995,1.5540366015276288,-14.0,-0.2563079509633356,22704.846666666665,6550.967909815564,18456.78,30249.27,48761.44666666666,2499.3504124538736,113792.31689526486,87048.67,0.0836608213550528,156.33333333333334,4116.709999999996,0.5585586513943124,3.683990354257843,-0.041583594918884,-0.0234114388458536,0.5069944023757946,90063.4,1.8378669141551016,1.0649912222006597,0.3511880893741794,1,0.4913648238903851,True,2026-09-30,132853.35,2026-10-30,100320.97999999998,143870.51999999996,11017.170000000006,48629.91,37612.74,29,21939.89,8.271840013783114,132,5224.75,32387.99,False,False,False,0.7551257081586574,0,5.800191925644779e-05,OBLIGATION_PRESSURE,True,OBLIGATION_MANAGEMENT,0,1,0,0
412,2026-09-01,22116.35,4926.31,27042.66,25531.830000000005,3487.68,2388.4100000000003,1099.27,22044.15,159,157,2,5.3,5.233333333333333,330.6571698113208,20.0,2023.3963778602904,37099.76,38610.59,11884.4,38927.06,18891.131006289317,1510.8299999999945,0.0558683946031934,1.059174371754786,0.6848134003119554,0.3151865996880448,0.4394686025709009,0.6985677816564388,1510.8299999999945,SPENDING_PRESSURE,LIQUIDITY_STRESS,True,LIQUIDITY_STRESS->SPENDING_PRESSURE,2,1,908.61375,1708.3298198862244,2579.06625,3.838462713116547,153.0,0.0808120542371751,2558.863333333333,2243.6058136921765,0.0,4188.91,25676.14333333333,3680.658833202727,19827.56240209644,9631.58,0.0365862153131319,105.0,1073.1299999999974,,,0.2573495873797582,0.040723444033061,,11884.4,0.4394686025709009,0.9441316053968066,0.0406494775292075,0,0.2732025083983403,True,2026-09-30,38610.59,2026-10-30,13789.969999999994,36110.4,-2500.1899999999987,22480.43,24980.62,29,22044.15,2.771303044118281,150,1036.4700000000012,23944.15,False,False,False,0.3571551224676959,0,0.011941296195136454,LIQUIDITY_PRESSURE,True,LIQUIDITY_PROTECTION,1,0,0,0
430,2026-09-01,26405.07,0.0,26405.07,28596.29,26805.01,11678.7,15126.31,1791.28,184,183,1,6.133333333333334,6.1,298.92043478260865,81.77000000000001,2062.9168297639403,51791.67,49600.45,25419.52,51824.59,44673.70940217392,-2191.220000000001,-0.0829848207181424,0.9233739761346664,0.435690939865346,0.5643090601346539,0.9626757285627344,1.6918610479795706,-2191.220000000001,LIQUIDITY_STRESS,STABLE,True,STABLE->LIQUIDITY_STRESS,4,1,20309.515,2174.036548227415,6495.495000000003,1.3198252149300465,-1.0,-0.3795337483883578,22325.79333333333,3887.921267957127,19824.66,26805.01,27789.963333333333,2546.175186163219,37609.8037666906,19400.49,0.1232456096064674,183.0,3672.890000000001,0.3521043992683861,1.3037188320509774,-0.1406954864584642,-0.042308348041297,0.3778099946400519,25419.52,0.9626757285627344,1.0829848207181425,0.5728562734353667,1,0.5869366023187912,True,2026-09-30,49600.45,2026-10-30,29654.120000000014,58847.08000000001,9246.629999999996,31039.05,21792.42,29,1791.28,45.01780849448439,171,6038.720000000001,15753.7,False,False,False,0.5978598984485023,0,0.00027207508597951554,SPENDING_PRESSURE,True,SPENDING_CONTROL,1,0,0,0
487,2026-09-01,36579.97,0.0,36579.97,34301.490000000005,5582.03,3979.24,1602.79,28719.46,154,153,1,5.133333333333334,5.1,460.2692207792208,33.495000000000005,3203.427966689844,42793.97,45072.45,13747.7,50327.67,30194.28668831169,2278.479999999996,0.0622876399297209,1.0664251028162333,0.7128661078496533,0.2871338921503467,0.3758258959753111,0.8254322430639416,2278.479999999996,SPENDING_PRESSURE,LIQUIDITY_STRESS,True,LIQUIDITY_STRESS->SPENDING_PRESSURE,4,1,7575.92625,4905.315974881413,-1993.8962500000007,0.7368115548907302,-1.0,-0.0197469833601987,5733.29,1830.8622448453032,3982.750000000001,7635.09,36801.973333333335,2697.285819232609,27603.312269354745,9375.81,0.0629157857333572,151.66666666666666,2349.223333333335,-0.2688979435736841,-0.1269493695018656,-0.0763426877490316,0.0532430153126712,-1.1859376774259216,13747.7,0.3758258959753111,0.937712360070279,0.0438160556173228,0,0.1121500087536253,True,2026-09-30,45072.45,2026-10-30,15891.979999999983,47550.6,2478.1500000000087,36703.15,34224.99999999999,28,28719.46,2.8473933702096077,128,1506.1999999999937,32718.8,False,False,False,0.3525874453241389,0,0.04782523951016057,LIQUIDITY_PRESSURE,True,LIQUIDITY_PROTECTION,1,0,0,0
501,2026-09-01,112992.65,0.0,112992.65,143129.71,90081.88,18847.91,71233.97,53047.83,77,76,1,2.566666666666667,2.533333333333333,3326.2644155844155,607.46,13877.72439193164,356930.42,326793.36,223580.38,336816.31,291350.4405194805,-30137.06,-0.2667169944239735,0.7894423177410197,0.2092308686275197,0.7907691313724803,1.978716137731083,2.5784901984286632,-30137.06,LIQUIDITY_STRESS,SPENDING_PRESSURE,True,SPENDING_PRESSURE->LIQUIDITY_STRESS,1,1,46192.605,9559.403636082265,43889.275,1.950136390879016,-10.0,-0.3511630520066402,66572.69,21601.34339658762,47599.61,90081.88,126254.58333333331,25667.812349581585,285397.051535055,206824.67,0.0264177351060633,76.66666666666667,6634.06333333332,0.8924919762998056,1.4687659422861516,0.0278539242695281,-0.0844339913644793,1.125209028077966,223580.38,1.978716137731083,1.2667169944239736,0.6304301208972443,1,0.6311013653758669,True,2026-09-30,326793.36,2026-10-30,238642.33999999997,349940.18,23146.819999999992,118202.98,95056.16,23,53047.83,8.388587054362072,68,18882.170000000013,76173.98999999999,False,False,False,0.730254555967722,0,9.127714942808182e-05,SPENDING_PRESSURE,True,SPENDING_CONTROL,1,0,0,0
503,2026-09-01,26131.12,0.0,26131.12,28303.200000000004,20479.35,6652.82,13826.53,7823.849999999999,189,188,1,6.3,6.266666666666667,288.01227513227514,55.68,2015.6989795110064,81036.49,78864.41,53452.85,79583.97,64386.36740740741,-2172.0800000000054,-0.0831223460762495,0.9232567342208652,0.3248550369030267,0.6751449630969732,2.045562915022394,2.463972742362647,-2172.0800000000017,LIQUIDITY_STRESS,RECOVERY,True,RECOVERY->LIQUIDITY_STRESS,2,1,11656.9425,2494.513644029633,8822.4075,1.7568371809331649,0.0,-0.3142232565187285,14765.073333333334,5133.196832543374,10544.12,20479.35,25864.36666666667,1720.6981780757849,62812.5315873016,51353.24,0.1278235189852946,173.66666666666666,3275.4433333333327,0.54307834309718,1.2747737817116906,-0.0475646875595702,-0.0268037275553272,0.284391036807039,53452.85,2.045562915022394,1.0831223460762496,0.529121216388735,1,0.5291414268913707,True,2026-09-30,78864.41,2026-10-30,62741.80000000005,91398.31000000006,12533.9,28922.3,16388.399999999998,28,7823.849999999999,13.77668411332017,154,2506.2099999999973,13882.19,False,False,False,0.7955654521475536,0,9.010111797000434e-05,SPENDING_PRESSURE,True,SPENDING_CONTROL,0,1,0,0
505,2026-09-01,25935.18,0.0,25935.18,26216.74,4582.59,1285.56,3297.03,21634.15,153,152,1,5.1,5.066666666666666,340.8622222222222,25.52,2340.6466713401137,42313.99,42032.43,16237.73,42292.54,22555.383071895427,-281.5599999999977,-0.0108562963511337,0.9892602970468488,0.280531315260584,0.7194686847394159,0.6260889648731954,0.8696829199525674,-281.5599999999977,LIQUIDITY_STRESS,LIQUIDITY_STRESS,False,NO_CHANGE,6,0,4176.844999999999,1702.3192250909594,405.7450000000008,1.097141502737114,16.0,0.0027690619007782,4609.21,1100.3215324167734,3522.44,5722.599999999999,26201.22666666667,1533.230541710333,23277.98414764722,15120.14,-0.0022560780446948,136.66666666666666,-42.13333333333139,0.3009703500982275,0.4859987470309592,0.0449968027792249,-0.0066540640577738,0.6854389482878614,16237.73,0.6260889648731954,1.0108562963511338,0.1271257805035477,1,0.0820037824274378,True,2026-09-30,42032.43,2026-10-30,42032.43,43178.27,1145.84,25935.18,24789.34,29,21634.15,3.141681554394326,133,1998.3500000000024,22790.99,False,False,False,1.0,0,0.007651090337483547,OBLIGATION_PRESSURE,True,OBLIGATION_MANAGEMENT,0,1,0,0
509,2026-09-01,23415.28,0.0,23415.28,28721.04,23201.1,4582.63,18618.47,5519.94,146,145,1,4.866666666666666,4.833333333333333,357.09808219178075,92.96,2037.6118611731567,103753.94,98448.18,77166.83,103626.78,94433.89328767122,-5305.760000000002,-0.226593916451138,0.8152657424661501,0.1975177901047795,0.8024822098952203,3.2955757949509894,4.03300294882962,-5305.760000000009,LIQUIDITY_STRESS,RECOVERY,True,RECOVERY->LIQUIDITY_STRESS,1,1,15166.91,4186.480347264104,8034.190000000002,1.5297183144094613,-7.0,-0.3941340284103553,17514.573333333334,5006.132190427389,13771.91,23201.1,23993.726666666666,1216.383838775129,91841.17284827137,76814.49,0.0367746943506163,158.0,959.213333333332,0.6846682849365122,1.3115526293899205,0.0103894321821691,-0.051137913413216,0.8001928820807657,77166.83,3.2955757949509894,1.226593916451138,0.7951418902528604,1,0.537207916358847,True,2026-09-30,98448.18,2026-10-30,79956.87000000001,102697.4,4249.220000000001,24060.83,19811.61,29,5519.94,22.193902469954384,134,9415.37,10396.24,False,False,False,0.8121721498558939,0,8.812932517861914e-05,SPENDING_PRESSURE,True,SPENDING_CONTROL,0,1,0,0
523,2026-09-01,43105.61,0.0,43105.61,39207.420000000006,10888.69,4714.47,6174.22,28318.730000000003,152,151,1,5.066666666666666,5.033333333333333,541.5330921052631,66.8,3786.170386688384,30922.49,34820.68,-7290.52,35815.09,4802.957434210526,3898.189999999995,0.090433472580483,1.0994248027541724,0.4329694389315886,0.5670305610684113,-0.1691315817129139,0.1114230243861651,3898.189999999999,LIQUIDITY_STRESS,LIQUIDITY_STRESS,False,NO_CHANGE,9,0,12223.795,2680.391563404762,-1335.1049999999996,0.8907781912245747,-36.0,0.0110563502476319,11073.563333333334,464.90824141259054,10729.530000000002,11602.47,42990.51666666666,441.6737879174341,2293.5068965297023,-13726.21,0.0836953855102427,173.0,3598.223333333335,-0.0615196591760202,0.0632539508964318,-0.0059414365851268,0.126063263340048,-0.1428783020988692,0.0,0.0,0.9095665274195168,0.1432347204922978,0,0.0527860685322168,True,2026-09-30,34820.68,2026-10-30,-1843.4400000000012,36899.75,2079.07,39281.95,37202.88,29,28318.730000000003,2.616735637509168,147,4136.580000000002,33066.3,True,False,False,-0.0529409534793691,1,0.9604424713392966,LIQUIDITY_PRESSURE,True,LIQUIDITY_PROTECTION,0,1,1,1
530,2026-09-01,28450.32,0.0,28450.32,30759.88,3140.0,1460.0,1680.0,27619.88,163,162,1,5.433333333333334,5.4,363.2527607361963,20.0,2541.2505985534967,-9460.38,-11769.94,-22980.07,5470.25,-10280.268588957057,-2309.5599999999977,-0.0811787002747244,0.924916482118916,0.464968152866242,0.535031847133758,-0.8077262399860529,-0.3613410530692469,-2309.5600000000013,LIQUIDITY_STRESS,LIQUIDITY_STRESS,False,NO_CHANGE,9,0,3128.5125,1279.3302765426024,11.487500000000182,1.003671872814956,-29.0,-0.0154402551262437,2287.193333333333,2001.9987093235936,0.0,3721.58,28419.959999999995,1003.7744079722286,-7763.158505346797,-22980.07,-0.0516307666440052,120.33333333333331,-1487.113333333332,-0.1562723359433359,0.0370370370370369,-0.0325721966756902,0.2441297284041446,,0.0,0.0,1.0811787002747244,0.0590503024219059,1,0.0430326973888475,True,2026-09-30,-11769.94,2026-10-30,-25471.61,-13560.800000000005,-1790.8600000000006,29331.53,31122.39,29,27619.88,0.6358315097676022,181,1822.5099999999984,29299.88,True,True,False,0.0,1,0.9844069952619804,LIQUIDITY_PRESSURE,True,LIQUIDITY_PROTECTION,1,0,1,1
531,2026-09-01,44830.87,0.0,44830.87,39613.060000000005,31935.460000000003,6355.839999999998,25579.620000000003,7677.6,103,102,1,3.433333333333333,3.4,819.8439805825246,267.75,4402.380406433512,67990.7,73208.51,73208.51,112821.57,91747.03398058252,5217.809999999998,0.1163887740746498,1.1317194379833315,0.1990214012887241,0.8009785987112759,1.6329932923452075,2.0465146891100376,5217.809999999998,RECOVERY,RECOVERY,False,NO_CHANGE,5,0,29837.8025,7254.891398158799,2097.657500000001,1.070302010344093,1.0,-0.0477238831905958,30424.743333333336,3493.2951703560943,26430.34,32908.43,43369.91,2228.874445275026,85752.39900212742,61294.17,0.1226435412452629,100.0,5267.566666666663,0.2082878994367838,0.3843388790693296,0.0986754637420852,0.0767429957332399,0.4051398914643586,73208.51,1.6329932923452075,0.8836112259253501,0.5705804950918865,0,0.3680467650997924,True,2026-09-30,73208.51,2026-10-30,72233.43999999999,77861.23999999995,4652.729999999996,45092.72,40439.990000000005,27,7677.6,15.40862118370324,94,23094.110000000004,17345.88,False,False,False,0.9866809200187244,0,7.369330348257245e-05,SPENDING_PRESSURE,True,SPENDING_CONTROL,0,1,0,0
536,2026-09-01,20000.0,0.0,20000.0,27358.61,10392.85,1401.7600000000002,8991.089999999998,16965.760000000002,106,105,1,3.533333333333333,3.5,446.77933962264143,20.0,2303.8539104776955,15555.47,8196.86,6740.11,26740.11,13193.995471698114,-7358.609999999997,-0.3679304999999998,0.7310312914289141,0.1348773435583117,0.8651226564416881,0.3370054999999999,0.6596997735849057,-7358.609999999999,LIQUIDITY_STRESS,LIQUIDITY_STRESS,False,NO_CHANGE,5,0,3118.45625,2288.3668353462253,7274.393750000001,3.332690654229958,13.0,-0.4451468576695978,7288.079999999999,4048.5057227204234,2709.03,10392.85,20751.086666666662,678.9172524198589,15810.817204587976,4979.24,-0.173278371895239,99.33333333333331,-3502.7533333333326,2.8363731667792536,8.234227202234843,-0.0619634137590269,-0.4730561018085598,3.527206458266935,6740.11,0.3370054999999999,1.3679305,0.4495544999999999,1,0.5875357359199799,True,2026-09-30,8196.86,2026-10-30,-662.4199999999997,8931.700000000008,734.8399999999965,20000.0,19265.160000000003,29,16965.760000000002,1.6619862593836054,104,881.1700000000055,18383.99,True,False,False,-0.080813872629275,1,0.6123773188390964,LIQUIDITY_PRESSURE,True,LIQUIDITY_PROTECTION,0,1,1,1
560,2026-09-01,40629.7,0.0,40629.7,37747.45,4861.95,3411.37,1450.58,32885.5,179,178,1,5.966666666666667,5.933333333333334,437.8611731843576,23.11,3351.5005085928383,54465.3,57347.55,17151.5,57781.2,28138.51374301676,2882.2499999999927,0.070939485154948,1.076356151210214,0.7016464587254085,0.2983535412745914,0.4221419306566379,0.6925602144002234,2882.25,RECOVERY,RECOVERY,False,NO_CHANGE,4,0,12338.775,5663.506709246994,-7476.825,0.394038306071713,-39.0,0.0205379153352307,12581.99,10281.873404472552,4861.95,24253.39,43103.63,2230.6490287133934,26498.11405002065,8252.06,-0.0498329217957599,203.0,-2363.860000000003,-0.4366633721987851,-0.5535893987560896,-0.0706768829682383,0.0529190144917957,0.207484105741412,17151.5,0.4221419306566379,0.929060514845052,0.0357024541160776,0,0.1588146423465578,True,2026-09-30,57347.55,2026-10-30,18441.26,61058.35,3710.800000000003,42991.73,39280.93,29,32885.5,3.051170880783324,187,1707.4599999999991,37573.47,False,False,False,0.3215701455423989,0,0.07214413060077492,LIQUIDITY_PRESSURE,True,LIQUIDITY_PROTECTION,0,1,0,0
568,2026-09-01,30508.61,0.0,30508.61,27906.83,3760.92,1538.0200000000002,2222.9000000000005,24145.91,126,125,1,4.2,4.166666666666667,463.6146031746032,24.66,2965.7067811112147,33755.43,36357.21,6401.06,36909.67,15520.268730158734,2601.7800000000025,0.0852801881173872,1.093230940239361,0.4089478106420769,0.5910521893579231,0.2098115908918826,0.5087176613473617,2601.779999999999,LIQUIDITY_STRESS,LIQUIDITY_STRESS,False,NO_CHANGE,9,0,3898.03625,1378.410400600607,-137.11625000000004,0.9648242753001592,13.0,0.0167756303613526,3868.643333333333,779.6168659241106,3148.49,4696.52,30910.48,1842.8762855656043,14248.061512952554,-298.21,0.0925592733391986,126.66666666666669,2895.9266666666663,0.194515466144088,0.2600331035733723,0.0411890777668189,0.0770773768842523,0.5241276044933338,6401.06,0.2098115908918826,0.9147198118826128,0.0728613987985686,0,0.0732271629634288,True,2026-09-30,36357.21,2026-10-30,8605.499999999995,39282.380000000005,2925.1699999999983,31227.03,28301.86,29,24145.91,2.7989932870618666,144,2600.489999999998,25701.370000000003,False,False,False,0.2366930795844894,0,0.09091558729061269,LIQUIDITY_PRESSURE,True,LIQUIDITY_PROTECTION,0,1,0,0
576,2026-09-01,25780.72,0.0,25780.72,24765.53,8400.650000000001,5286.53,3114.12,16364.88,160,159,1,5.333333333333333,5.3,315.9140625,48.425,2229.9737764767456,27546.95,28562.14,4527.39,30308.11,15982.398562499997,1015.1900000000024,0.0393778761803395,1.040992056297604,0.6293001136816793,0.3706998863183205,0.1756114646914438,0.6199360825648003,1015.1899999999988,LIQUIDITY_STRESS,LIQUIDITY_STRESS,False,NO_CHANGE,9,0,8052.89375,793.5466160568996,347.7562500000013,1.0431840107166448,5.0,-0.0329482839170421,7500.266666666667,853.5177498056736,6702.98,8400.650000000001,25379.91333333333,556.6327429583596,13495.48386258181,2453.55,0.0598189498146781,151.0,1514.7666666666664,0.135657285150943,0.0964477728602664,0.0064830062159717,0.0368530817386316,0.0320929003549268,4527.39,0.1756114646914438,0.9606221238196604,0.1207925922937761,0,0.1155863212040628,True,2026-09-30,28562.14,2026-10-30,5205.889999999996,31482.579999999994,2920.4399999999987,27631.64,24711.2,29,16364.88,3.433803364277648,151,3941.530000000006,20769.669999999995,False,False,False,0.1822654044829972,0,0.04552770543488712,LIQUIDITY_PRESSURE,True,LIQUIDITY_PROTECTION,1,0,0,0
581,2026-09-01,55384.26,0.0,55384.26,50783.91,27280.02,19432.59,7847.429999999999,23503.89,148,147,1,4.933333333333334,4.9,717.3524999999998,151.075,4654.780074968488,22747.29,27347.64,-22610.85,32773.41,1729.3892567567564,4600.349999999999,0.0830624079837845,1.0905867626183174,0.7123378208667003,0.2876621791332997,-0.4082540779636669,0.0312252841647926,4600.349999999999,LIQUIDITY_STRESS,LIQUIDITY_STRESS,False,NO_CHANGE,9,0,24040.43125,8926.9564135607,3239.588749999999,1.1347558501056425,-34.0,0.0181597214754186,28240.27,1259.0995802159678,27280.02,29665.79,55515.52666666667,1283.9325665444585,-844.5545343554492,-29052.85,0.0678806522065484,164.66666666666666,3771.3666666666686,-0.0804215899863108,0.0787675752360319,-0.025954778442861,0.202237277495473,-0.1484968375110634,0.0,0.0,0.9169375920162156,0.1416906175147957,0,0.1892742153970313,True,2026-09-30,27347.64,2026-10-30,-15778.83,36663.92,9316.28,56371.05,47054.77,29,23503.89,3.5619078373835142,150,5011.740000000005,42043.03,True,False,False,-0.5769722725617275,1,0.9013692916895324,LIQUIDITY_PRESSURE,True,LIQUIDITY_PROTECTION,0,1,1,1
586,2026-09-01,25044.54,0.0,25044.54,25818.18,14454.9,5431.8200000000015,9023.080000000002,11363.28,192,191,1,6.4,6.366666666666666,264.91,40.555,1888.475195204485,43315.19,42541.55,19111.54,44156.08,30997.814791666668,-773.6399999999994,-0.030890565368739,0.9700350683123288,0.3757770721347087,0.6242229278652914,0.7631020573745815,1.2377074919989213,-773.6399999999994,LIQUIDITY_STRESS,RECOVERY,True,RECOVERY->LIQUIDITY_STRESS,6,1,11079.87375,2145.5254856890124,3375.0262500000026,1.3046087280552274,46.0,-0.1922664340169644,13903.566666666666,2558.3698774284658,11114.48,16141.32,26413.693333333333,1221.8990770654266,29192.395857127496,13856.46,0.0421419771046588,166.33333333333334,1146.846666666667,0.300546674248368,0.61881490093077,-0.0656117156422717,-0.0178607089106616,0.6119734968378464,19111.54,0.7631020573745815,1.030890565368739,0.3602813227953079,1,0.3595513240054457,True,2026-09-30,42541.55,2026-10-30,22301.47000000001,48012.03000000003,5470.48,26955.8,21485.32,28,11363.28,6.115958596461585,141,4532.909999999996,16952.410000000003,False,False,False,0.524227960664339,0,0.00031823572737308233,OBLIGATION_PRESSURE,True,OBLIGATION_MANAGEMENT,0,1,0,0
594,2026-09-01,79237.47,0.0,79237.47,72354.04,14558.22,8598.890000000001,5959.33,57795.82,148,147,1,4.933333333333334,4.9,1024.2669594594597,91.145,7128.233062661743,62293.32,69176.75,7957.62,87195.09,58629.4475,6883.430000000008,0.0868708958022007,1.0951353925779406,0.5906553136303753,0.4093446863696248,0.1004274871471792,0.7399207407808452,6883.43,LIQUIDITY_STRESS,LIQUIDITY_STRESS,False,NO_CHANGE,9,0,12777.5675,5189.709696366867,1780.6524999999983,1.1393577063866027,21.0,0.0007129091416799,11798.04,2482.6158350215974,9747.550000000005,14558.22,75789.19666666666,2990.241447263634,52883.01605711092,-2448.94,0.0816348594877613,136.66666666666666,6195.33666666667,0.4935260655241569,0.3472527422840763,0.0720597612574944,0.1105002912029733,0.6144457695378288,7957.62,0.1004274871471792,0.9131291041977992,0.0752084840669446,0,0.1266676058377195,True,2026-09-30,69176.75,2026-10-30,17210.87,72773.96000000004,3597.2100000000064,67641.39,64044.17999999999,29,57795.82,2.367267044571736,131,2833.5099999999948,61210.67,False,False,False,0.2487955852219134,0,0.011677663735902817,LIQUIDITY_PRESSURE,True,LIQUIDITY_PROTECTION,0,1,0,0
595,2026-09-01,36949.31,0.0,36949.31,34747.240000000005,8459.05,6567.8,1891.25,26288.19,171,170,1,5.7,5.666666666666667,419.2780701754386,42.57,3029.05665634705,23000.15,25202.22,12555.46,49504.77,31033.659356725148,2202.0699999999924,0.05959705336852,1.0633739543054352,0.7764228843664479,0.2235771156335522,0.3398022858884238,0.8398982107304616,2202.07,SPENDING_PRESSURE,LIQUIDITY_STRESS,True,LIQUIDITY_STRESS->SPENDING_PRESSURE,1,1,10522.2375,3438.707618031394,-2063.1875,0.8039212192273744,-5.0,-0.0097320128960249,9529.69,4525.610153261104,5635.400000000001,14494.62,38190.62666666667,5123.6307607431445,29568.160725260368,7786.66,0.0614962365601037,163.33333333333334,2372.746666666668,-0.416400705917092,-0.2543212894475374,-0.1568102139460034,0.0957415495116336,-1.9884665752431376,12555.46,0.3398022858884238,0.94040294663148,0.0511849882988342,0,0.2400957743240139,True,2026-09-30,25202.22,2026-10-30,14591.100000000002,20818.2,-4384.020000000004,34586.85,38970.87,28,26288.19,2.27436997374106,156,7490.830000000005,31480.04,False,False,False,0.5789609010634778,0,0.012705244653861554,LIQUIDITY_PRESSURE,True,LIQUIDITY_PROTECTION,0,1,0,0
612,2026-09-01,37917.73,0.0,37917.73,33889.32000000001,10534.7,7414.610000000001,3120.0899999999992,23354.619999999995,112,111,1,3.733333333333333,3.7,641.1343749999999,94.825,3893.6910285106223,22087.76,26116.17,5117.73,43035.46,30725.749196428573,4028.409999999996,0.1062408008074321,1.118869602576859,0.7038273515145188,0.2961726484854812,0.1349693138275946,0.8103267045898731,4028.41,LIQUIDITY_STRESS,LIQUIDITY_STRESS,False,NO_CHANGE,9,0,11700.05875,3375.574980881828,-1165.3587500000012,0.9003971881765123,-17.0,0.313025713042092,13670.003333333334,3150.229604494461,10534.7,16834.95,36015.68,2411.791607477731,31930.11204803433,5117.73,-0.0350415111903947,117.66666666666669,-1008.9433333333316,-0.3742363357182529,-0.7287668374864714,0.1385676549957497,0.1823820070482475,-0.6084376324582216,5117.73,0.1349693138275946,0.8937591991925679,0.0822857802932823,0,0.4683391197244032,True,2026-09-30,26116.17,2026-10-30,8967.35,29752.740000000027,3636.569999999992,36260.11,32623.540000000008,28,23354.619999999995,2.670832580448751,124,2549.80000000001,30073.74,False,False,False,0.3433639006025769,0,0.008104334608123992,LIQUIDITY_PRESSURE,True,LIQUIDITY_PROTECTION,1,0,0,0
615,2026-09-01,20000.0,0.0,20000.0,21231.31,13266.83,6395.760000000001,6871.070000000001,7964.48,149,148,1,4.966666666666667,4.933333333333334,276.7202013422819,63.99,1677.8822661506367,46621.8,45390.49,25717.3,46485.35,35053.560939597315,-1231.3099999999977,-0.0615654999999998,0.9420049916844512,0.4820865270754205,0.5179134729245797,1.285865,1.7526780469798655,-1231.310000000005,LIQUIDITY_STRESS,SPENDING_PRESSURE,True,SPENDING_PRESSURE->LIQUIDITY_STRESS,3,1,13049.33,4060.825789495109,217.5,1.01666752239387,-10.0,-0.0927101122447224,15649.619999999995,3041.319670192528,13266.83,19075.15,24948.05,4312.695128002907,32181.04505630746,19652.86,0.0438650227506372,147.33333333333334,1333.950000000002,-0.3044966880994382,0.2427418538025234,-0.2833811795832431,-0.026410606197101,-0.6103984275537224,25717.3,1.285865,1.0615655,0.3435535,1,0.4710417912329294,True,2026-09-30,45390.49,2026-10-30,45390.49,47678.23999999997,2287.75,20000.0,17712.25,29,7964.48,8.21026482582667,140,3403.880000000001,14308.37,False,False,False,1.0,0,0.00046672305626449485,OBLIGATION_PRESSURE,True,OBLIGATION_MANAGEMENT,0,1,0,0
628,2026-09-01,48244.91,0.0,48244.91,60499.37,22615.47,21354.86,1260.61,37883.9,103,102,1,3.433333333333333,3.4,1055.769708737864,49.34,5482.19119014137,62590.11,50335.65,2841.56,51086.47,21779.83116504854,-12254.459999999992,-0.2540052411746646,0.7974448328966072,0.9442589519474942,0.0557410480525056,0.0588986485828245,0.4514430882977818,-12254.46,LIQUIDITY_STRESS,SPENDING_PRESSURE,True,SPENDING_PRESSURE->LIQUIDITY_STRESS,8,1,8413.63125,4413.175025144071,14201.83875,2.6879559286604104,-3.0,-0.333278615857549,12344.876666666669,8929.982367739218,6415.37,22615.47,49195.87,1762.2469214329674,25718.22189811449,2841.56,-0.0234876219497264,101.33333333333331,-1032.9066666666622,2.525201196501527,-0.1810711083971051,0.0027337509856926,-0.195789079137263,2.723659676796488,2841.56,0.0588986485828245,1.2540052411746647,0.0261293885717685,1,0.55218522450442,True,2026-09-30,50335.65,2026-10-30,6136.810000000006,56154.09,5818.440000000002,50688.43,44869.99,27,37883.9,2.66667581743168,88,1940.479999999996,42929.51,False,False,False,0.1219177660365964,0,0.12128881406816634,LIQUIDITY_PRESSURE,True,LIQUIDITY_PROTECTION,1,0,0,0
646,2026-09-01,33739.81,6922.61,40662.42,33404.51,29817.26,5656.989999999999,24160.27,3587.25,119,117,2,3.966666666666667,3.9,622.4111764705882,223.5,3130.3392425301163,98478.32,105736.23,66845.27,107302.78,84317.34588235295,7257.909999999996,0.1784918359507377,1.2172733562025009,0.1897219932347908,0.8102780067652092,1.643907814635725,2.0735938953548008,7257.909999999989,RECOVERY,RECOVERY,False,NO_CHANGE,5,0,24851.81125,4674.6565643796985,4965.44875,1.199802288052546,-23.0,-0.0199168041603675,29488.38333333333,1584.788353892509,27764.96,30882.93,42101.706666666665,3912.7387612429816,75983.71649209649,46207.7,0.2120293498541436,126.33333333333331,9026.073333333332,0.0739169082181281,0.2244616939346235,0.0396282923651438,0.0737005870936871,0.1748778597858711,66845.27,1.643907814635725,0.8215081640492623,0.594167046624377,0,0.325998332010713,True,2026-09-30,105736.23,2026-10-30,68483.38000000005,118817.92000000004,13081.690000000002,51369.77,38288.08,29,3587.25,43.79566520315005,132,26962.6,11325.48,False,False,False,0.6476813103701546,0,8.809407824255343e-05,SPENDING_PRESSURE,True,SPENDING_CONTROL,0,1,0,0
660,2026-09-01,72203.81,0.0,72203.81,68651.01000000001,19706.35,11494.19,8212.159999999998,48944.66000000001,134,133,1,4.466666666666667,4.433333333333334,1051.1553731343283,123.91,6677.582672064768,65832.29,69385.09,19480.84,91684.65,63801.13888059701,3552.7999999999884,0.0492051596723218,1.0517516056937837,0.583273411869778,0.4167265881302219,0.2698034909792156,0.8836256546655504,3552.800000000003,SPENDING_PRESSURE,SPENDING_PRESSURE,False,NO_CHANGE,5,0,23526.97875,7979.053630970167,-3820.628750000004,0.8376064861281858,7.0,0.014864158100692,20327.286666666667,6080.161625338039,14581.42,26694.09,73872.61333333333,9038.101730011298,60945.87203959533,7964.48,0.0596960747916065,127.0,4600.66666666666,0.3514698842773884,0.332055156260391,0.097569043254555,0.0539674375598966,0.8052283753890914,19480.84,0.2698034909792156,0.950794840327678,0.1137358264058364,0,0.1164126430619996,True,2026-09-30,69385.09,2026-10-30,24196.43000000001,47518.72000000001,-21866.369999999995,67156.91,89023.28,28,48944.66000000001,2.7897221065587128,129,30496.109999999997,58527.170000000006,False,False,False,0.3487266500627154,0,0.0019085077844201036,LIQUIDITY_PRESSURE,True,LIQUIDITY_PROTECTION,1,0,0,0
681,2026-09-01,20000.0,0.0,20000.0,23003.189999999995,8602.35,2737.18,5865.17,14400.84,118,117,1,3.933333333333333,3.9,364.43381355932206,32.504999999999995,1979.098013189804,48274.49,45271.3,38478.32,58478.32,45860.06093220339,-3003.189999999995,-0.1501594999999997,0.8694446292014283,0.3181897969740826,0.6818102030259173,1.923916,2.2930030466101696,-3003.189999999995,LIQUIDITY_STRESS,LIQUIDITY_STRESS,False,NO_CHANGE,2,0,6149.19375,3079.697669433235,2453.15625,1.3989394951167378,-22.0,-0.0417222015474798,8556.550000000001,4460.736345447912,4073.09,12994.21,21571.673333333336,2722.2180662344717,48443.016723777946,38478.32,-0.0607644328175066,124.33333333333331,-1385.716666666666,-0.3379859183436315,-0.2683189413200066,-0.1907754879421501,-0.0622107038313609,-2.5282444198744107,38478.32,1.923916,1.1501594999999998,0.2932585,1,0.5682269411263386,True,2026-09-30,45271.3,2026-10-30,35348.4,46535.099999999984,1263.800000000003,20000.0,18736.2,29,14400.84,4.532464772888249,125,1918.010000000002,16818.189999999995,False,False,False,0.7808125677857716,0,0.00020105799058430088,OBLIGATION_PRESSURE,True,OBLIGATION_MANAGEMENT,1,0,0,0
687,2026-09-01,36812.52,11168.69,47981.21,46818.81,23115.15,10896.84,12218.31,23703.660000000003,159,157,2,5.3,5.233333333333333,596.2265408805031,119.39,3179.4057673999287,39023.59,40185.99,-3055.02,44926.19,15226.173710691824,1162.4000000000017,0.0242261501950451,1.0248276280409518,0.4714155002238791,0.5285844997761208,-0.0636711746118949,0.31733617619672,1162.4000000000017,LIQUIDITY_STRESS,LIQUIDITY_STRESS,False,NO_CHANGE,9,0,17639.9025,4034.6476865016175,5475.247500000001,1.3103898958625195,14.0,0.0258641218777738,22020.16333333333,2378.2179484928024,19291.69,23653.65,44126.85,3415.879080719935,20293.840695073293,-3055.02,-0.0397529804234319,147.0,-1596.9733333333304,0.1981920713011664,0.1933213594025145,0.1177906881391372,0.0297871108219414,0.3826016655921109,0.0,0.0,0.9757738498049549,0.2546478090069008,0,0.1480294019435949,True,2026-09-30,40185.99,2026-10-30,6137.719999999988,40527.09999999998,341.1100000000006,36320.91,35979.8,28,23703.660000000003,3.2276407947127144,138,7034.32,28945.480000000003,False,False,False,0.1527328305212834,0,0.6800407419847144,LIQUIDITY_PRESSURE,True,LIQUIDITY_PROTECTION,1,0,0,0
690,2026-09-01,107448.62,0.0,107448.62,117524.45,86886.85,27593.88,59292.97,30637.6,169,168,1,5.633333333333334,5.6,1331.201597633136,263.34,8930.896276630701,381986.58,371910.75,355899.68,463348.3,403510.91704142006,-10075.830000000002,-0.0937734705201425,0.9142660952678358,0.3175840763015347,0.6824159236984652,3.312277812409317,3.755384825244104,-10075.830000000016,LIQUIDITY_STRESS,RECOVERY,True,RECOVERY->LIQUIDITY_STRESS,1,1,57977.91375,13956.077450559906,28908.93625000001,1.4986198084783622,-18.0,-0.3268401319134088,60953.21,23669.870833437184,40513.27,86886.85,103941.02333333332,10522.311866459471,391057.45473692025,309575.88,0.1222874147203988,173.66666666666666,12350.213333333331,0.5666717935300909,1.2324009099335915,-0.0428723000657482,-0.026377444987727,0.1977497094820743,355899.68,3.312277812409317,1.0937734705201425,0.5518262589133299,1,0.6422201616286091,True,2026-09-30,371910.75,2026-10-30,343918.0999999999,394700.7799999999,22790.03,100258.83,77468.8,29,30637.6,15.411441496722984,169,20945.43,56523.37,False,False,False,0.9247328828220208,0,9.841391598767931e-05,SPENDING_PRESSURE,True,SPENDING_CONTROL,1,0,0,0
692,2026-09-01,20022.6,0.0,20022.6,21006.21,2953.09,1602.08,1351.01,18053.12,152,151,1,5.066666666666666,5.033333333333333,269.92638157894737,20.0,1812.937980974254,21495.61,20512.0,20512.0,41518.21,24967.56664473684,-983.6100000000006,-0.0491249887626981,0.9531752753114436,0.5425097101679934,0.4574902898320064,1.0244423801104752,1.2469692569764588,-983.6100000000006,LIQUIDITY_STRESS,LIQUIDITY_STRESS,False,NO_CHANGE,9,0,3665.87875,1122.565198646609,-712.7887499999997,0.8055612859536067,-22.0,0.0225420112373016,3195.183333333334,219.2067668511485,2953.09,3380.2200000000003,20105.61333333333,163.74585348438976,26271.00511132552,20512.0,-0.056871664242785,164.0,-1142.6899999999987,-0.1263615977658259,-0.2818360620880289,0.0011299999999998,-0.0457586456025207,-0.1657129371503731,20512.0,1.0244423801104752,1.049124988762698,0.067474254092875,1,0.0653003125597663,True,2026-09-30,20512.0,2026-10-30,20017.09000000001,20017.09000000001,-494.9099999999999,20825.27,21320.18,29,18053.12,2.289757670696257,164,1676.2800000000025,19643.9,False,False,False,0.975872172386896,0,0.0004412926686197987,OBLIGATION_PRESSURE,True,OBLIGATION_MANAGEMENT,0,1,0,0
694,2026-09-01,58822.9,0.0,58822.9,66827.59,52171.39,30025.26,22146.130000000005,14656.2,107,106,1,3.566666666666667,3.533333333333333,1174.303644859813,338.12,5802.109239734141,86327.24,78322.55,78322.55,137851.31,104226.14214953272,-8004.689999999995,-0.1360811860686908,0.8802187838885108,0.5755119808002049,0.4244880191997952,1.3314975970242882,1.7718633754801738,-8004.690000000002,LIQUIDITY_STRESS,RECOVERY,True,RECOVERY->LIQUIDITY_STRESS,2,1,39756.32,10421.011065762425,12415.07,1.312279154609883,4.0,-0.267035830013649,46084.50333333333,5901.674818187921,40387.36000000001,52171.39,63360.19,4548.445742635611,104920.45029010554,63074.17,0.035436727402857,106.0,2619.486666666673,0.2917751989731438,0.070412071911394,-0.0712852134801941,-0.0927249614374327,0.4079241841084193,78322.55,1.3314975970242882,1.1360811860686908,0.3764882384241512,1,0.4909752899580869,True,2026-09-30,78322.55,2026-10-30,69865.75000000003,82706.80000000006,4384.250000000007,57643.62,53259.37,29,14656.2,9.277041115705298,133,20212.09999999999,33047.270000000004,False,False,False,0.892025987407203,0,5.424852082014215e-05,OBLIGATION_PRESSURE,True,OBLIGATION_MANAGEMENT,1,0,0,0
696,2026-09-01,34958.21,0.0,34958.21,37464.08,19564.68,6523.660000000001,13041.02,17899.4,161,160,1,5.366666666666666,5.333333333333333,449.8278881987577,77.53,3018.043991094524,30155.04,27649.17,-2067.21,32891.0,13852.161304347825,-2505.869999999996,-0.0716818738716883,0.9331127309145189,0.3334406696148366,0.6665593303851636,-0.059133748552915,0.3962491587626433,-2505.8700000000026,LIQUIDITY_STRESS,LIQUIDITY_STRESS,False,NO_CHANGE,9,0,12543.89875,2811.559524490876,7020.781249999996,1.5596969004552907,-19.0,0.1177732494493821,16413.326666666664,4301.886039417286,11512.3,19564.68,32756.36,2328.8874333251906,19044.79714722856,-2067.21,-0.0508681968453615,179.33333333333334,-1556.366666666671,0.0771722733028683,-0.0445481227278653,0.1530353494674194,-0.0830995415691706,-0.5005315738866594,0.0,0.0,1.0716818738716885,0.3730459883386477,1,0.1577430002511997,True,2026-09-30,27649.17,2026-10-30,2895.030000000001,24732.979999999985,-2916.189999999995,32529.07,35445.259999999995,29,17899.4,3.3620255427556227,148,12007.849999999997,23437.41,False,False,True,0.1047058555464775,1,0.8743482999227312,LIQUIDITY_PRESSURE,True,LIQUIDITY_PROTECTION,0,1,1,1
744,2026-09-01,32091.78,0.0,32091.78,32932.69,17210.190000000002,7711.54,9498.65,15722.5,98,97,1,3.2666666666666666,3.2333333333333334,663.515,103.085,3387.9334183875744,71792.53,70951.62,39935.6,72027.38,52692.83918367347,-840.9100000000035,-0.0262032832083481,0.9744657967508878,0.4480798875549892,0.5519201124450107,1.2444183526124135,1.6419419297924105,-840.9100000000035,LIQUIDITY_STRESS,LIQUIDITY_STRESS,False,NO_CHANGE,2,0,14204.68,3385.4478791734505,3005.510000000002,1.2115858998583566,-2.0,0.1477887893440276,18705.28,1702.3751940450743,17210.190000000002,20558.09,34666.18666666667,7282.376435891879,54640.07947312925,36324.25,-0.01539035185796,103.33333333333331,238.40666666666343,-0.0619902591952284,-0.1852037708982047,0.1058241551114049,-0.0117130570548217,0.0455357804319932,39935.6,1.2444183526124135,1.026203283208348,0.2959838936948963,1,0.5437354552393971,True,2026-09-30,70951.62,2026-10-30,46062.989999999976,76082.00999999997,5130.389999999999,30632.2,25501.81,27,15722.5,6.461047543329623,103,2830.34,22671.47,False,False,False,0.6492168889167009,0,9.41717305150894e-05,OBLIGATION_PRESSURE,True,OBLIGATION_MANAGEMENT,1,0,0,0
747,2026-09-01,45297.99,0.0,45297.99,40291.14,5542.760000000001,5065.81,476.95,34748.380000000005,83,82,1,2.7666666666666666,2.7333333333333334,1031.1943373493978,66.38,5524.238036568591,29831.08,34837.93,-9722.91,35575.08,3211.248674698795,5006.849999999999,0.1105313944393558,1.1242667742833783,0.9139508115090677,0.0860491884909323,-0.2146432987423945,0.0708916372381819,5006.849999999999,LIQUIDITY_STRESS,LIQUIDITY_STRESS,False,NO_CHANGE,9,0,8140.155,5220.285162829434,-2597.3949999999986,0.6809157810877067,-3.0,-0.0207878911383348,5713.733333333334,295.21698889687264,5542.760000000001,6054.620000000001,45985.03,597.4995287027851,-2891.950643116108,-21749.33,0.1200263745821095,82.0,5522.916666666664,-0.0001912038991161,-0.2293336349534643,-0.0233968282919616,0.1678400513826519,0.0841741237349882,0.0,0.0,0.8894686055606441,0.0105291647598491,0,0.0520793085694253,True,2026-09-30,34837.93,2026-10-30,-5305.319999999999,40436.0,5598.070000000007,46351.58,40753.51,27,34748.380000000005,2.3364977014755794,96,580.7399999999907,40172.77,True,False,False,-0.1522857414318244,1,0.9693098766781136,LIQUIDITY_PRESSURE,True,LIQUIDITY_PROTECTION,0,1,1,1
750,2026-09-01,60128.82,0.0,60128.82,56636.09000000001,6354.67,3802.7,2551.97,50281.420000000006,130,129,1,4.333333333333333,4.3,898.1916153846154,39.295,5983.833896144102,83963.93,87456.66,29731.05,89859.87,59513.68407692308,3492.7299999999886,0.0580874529052788,1.0616696880028262,0.5984103029740333,0.4015896970259667,0.4944559031758814,0.9897696990714782,3492.7300000000105,SPENDING_PRESSURE,SPENDING_PRESSURE,False,NO_CHANGE,2,0,11605.60375,4491.990584304906,-5250.93375,0.5475518669160147,4.0,-0.0115586859959673,10391.956666666669,6353.59836023913,6354.67,17715.640000000003,68224.87666666666,12700.650978018151,49683.13278466454,3511.07,0.1023786471976498,119.0,7551.500000000007,-0.1056763998896638,-0.1930580676169637,-0.0251956131806904,0.041597981418926,0.4932339414810122,29731.05,0.4944559031758814,0.9419125470947212,0.0424417109798595,0,0.0375313033737287,True,2026-09-30,87456.66,2026-10-30,32424.53,91439.33,3982.6700000000055,61422.32,57439.65,28,50281.420000000006,2.960914389450417,104,3443.1099999999933,53996.54,False,False,False,0.3707496947630975,0,0.004622455799615594,LIQUIDITY_PRESSURE,True,LIQUIDITY_PROTECTION,0,1,0,0
754,2026-09-01,40050.7,0.0,40050.7,36969.01,20975.87,8555.83,12420.04,15993.14,151,150,1,5.033333333333333,5.0,510.0643046357616,122.79,3452.441525770134,50559.93,53641.62,17818.58,57869.28,33277.858410596025,3081.6900000000023,0.07694472256415,1.083358737493917,0.407889160258907,0.5921108397410929,0.4449005885040711,0.830893303003344,3081.6900000000023,RECOVERY,RECOVERY,False,NO_CHANGE,2,0,26443.92625,7018.555796729001,-5468.0562500000015,0.7932207116936729,-10.0,-0.0442852043909859,21915.736666666664,888.3802873394202,20975.87,22741.63,42451.85666666667,2122.6404936855133,27589.9566305843,7025.18,0.1061850862708261,158.33333333333334,4542.979999999999,-0.0776443904856423,0.0662415449979094,-0.0913756151256885,0.060951231538493,-0.1099607487127816,17818.58,0.4449005885040711,0.92305527743585,0.3101079381883462,0,0.1973603257247268,True,2026-09-30,53641.62,2026-10-30,27715.57000000002,57084.830000000016,3443.209999999999,31159.59,27716.38,29,15993.14,5.302349007136811,158,7431.110000000001,20285.27,False,False,False,0.5166803314292152,0,0.0016206915445985974,LIQUIDITY_PRESSURE,True,LIQUIDITY_PROTECTION,1,0,0,0
757,2026-09-01,97963.75,0.0,97963.75,84092.25,19518.870000000003,11286.41,8232.46,64573.38,55,54,1,1.8333333333333333,1.8,3310.1090909090904,334.11,14288.58038063786,92900.54,106772.04,10236.77,108200.52,26103.076363636366,13871.5,0.1415982952877977,1.164955748002937,0.578230707003018,0.4217692929969818,0.1044954894029679,0.2664564837874864,13871.5,LIQUIDITY_STRESS,LIQUIDITY_STRESS,False,NO_CHANGE,9,0,23125.66875,3295.434675670648,-3606.7987499999945,0.844034834668295,-4.0,-0.0147717205746302,21291.966666666667,2178.6723454969942,19518.870000000003,23724.06,100149.55666666666,1908.470610759596,15428.938448895738,-22031.28,0.1426387859291817,57.66666666666666,14284.21,-0.053996104293274,-0.3633699911300557,-0.0300587120730195,0.149315601394782,0.0762973614963085,10236.77,0.1044954894029679,0.8584017047122022,0.0840357785405315,0,0.1187627352844508,True,2026-09-30,106772.04,2026-10-30,30263.67,118991.87,12219.830000000002,89592.84,77373.01,23,64573.38,3.040957125056796,53,5240.079999999987,72132.93000000001,False,False,False,0.2834419010819687,0,0.007014237928951922,LIQUIDITY_PRESSURE,True,LIQUIDITY_PROTECTION,1,0,0,0
764,2026-09-01,19020.88,0.0,19020.88,20021.47,3585.63,1261.0,2324.63,16435.84,181,180,1,6.033333333333333,6.0,215.70359116022095,20.0,1694.4442233575614,86534.25,85533.66,66752.78,86514.25,72018.2917127072,-1000.59,-0.0526048216486303,0.950024149075967,0.3516815733915657,0.6483184266084342,3.509447512417932,3.786275488447811,-1000.5899999999964,LIQUIDITY_STRESS,RECOVERY,True,RECOVERY->LIQUIDITY_STRESS,3,1,8900.16625,2781.8218581864526,-5314.53625,0.4028722497178072,-21.0,-0.1402828407849213,6008.02,2165.286035308035,3585.63,7755.389999999999,23712.596666666668,4088.838717684191,68944.22002674085,59131.93,0.0440067226316118,183.66666666666663,1268.7366666666665,-0.5376596147969348,-0.5108441543411337,-0.2826670277050441,-0.0115629360628883,-0.6981180289318192,66752.78,3.509447512417932,1.0526048216486303,0.1222146399115077,1,0.2836002519456964,True,2026-09-30,85533.66,2026-10-30,59811.96000000006,89642.34000000005,4108.679999999997,30068.82,25960.140000000003,29,16435.84,7.033560803707021,176,6838.940000000002,19121.2,False,False,False,0.6992797923063278,0,0.0001071702414619102,OBLIGATION_PRESSURE,True,OBLIGATION_MANAGEMENT,1,0,0,0
788,2026-09-01,83857.24,0.0,83857.24,84207.63,38085.41,15795.54,22289.870000000003,46122.22,96,95,1,3.2,3.1666666666666665,1750.6757291666663,290.22,9273.433259526832,299041.55,298691.16,215953.82,299811.06,244312.774375,-350.3899999999994,-0.0041784108325053,0.9958389756367684,0.4147399227158117,0.5852600772841885,2.575255517591564,2.9134368645450293,-350.390000000014,LIQUIDITY_STRESS,RECOVERY,True,RECOVERY->LIQUIDITY_STRESS,3,1,73880.43375,18794.78460488816,-35795.02375,0.5155006280671708,-29.0,-0.0316966293772695,49550.37333333333,21773.68690231936,35904.78999999999,74660.92,97717.59666666668,23583.004649841318,239361.4937458805,175373.59,0.0188893814258282,109.0,2045.0033333333365,0.0607334007523787,-0.2278310169860845,-0.0058196910612825,-0.0011717100851036,0.5798286650486131,215953.82,2.575255517591564,1.0041784108325054,0.2658073411431142,1,0.2346913765201856,True,2026-09-30,298691.16,2026-10-30,262173.64999999985,262173.64999999985,-36517.50999999998,83857.24,120374.75,29,46122.22,8.294232151010943,118,47938.74999999999,72436.0,False,False,False,0.8777415776215134,0,7.599481941014735e-05,OBLIGATION_PRESSURE,True,OBLIGATION_MANAGEMENT,0,1,0,0
802,2026-09-01,26207.87,7261.12,33468.99,37102.88,26909.16,7716.249999999999,19192.91,10193.72,172,170,2,5.733333333333333,5.666666666666667,410.3015697674418,90.795,2219.96077947057,76329.43,72695.54,40315.06,76192.8,58148.67104651162,-3633.89,-0.1085748330021312,0.9020590854402676,0.2867517975291685,0.7132482024708315,1.2045496443125412,1.737389477439015,-3633.89,LIQUIDITY_STRESS,STABLE,True,STABLE->LIQUIDITY_STRESS,2,1,13956.20375,3122.580671793023,12952.956249999996,1.928114584884876,-13.0,-0.236123740133288,16986.056666666667,8594.35061847219,11915.52,26909.16,27853.22,4893.955232764188,59690.26515185074,40315.06,0.03884356639772,176.0,673.4433333333351,1.2177592761851703,1.84912186425154,0.3078238124116887,-0.0476079803032722,1.199466327157348,40315.06,1.2045496443125412,1.1085748330021312,0.573453516225019,1,0.6004450305702036,True,2026-09-30,72695.54,2026-10-30,51482.82000000001,75748.17,3052.630000000001,24606.74,21554.11,29,10193.72,9.545316135816954,186,6462.43,15091.68,False,False,False,0.7081977793960952,0,7.623595577219887e-05,SPENDING_PRESSURE,True,SPENDING_CONTROL,0,1,0,0
805,2026-09-01,58411.38,0.0,58411.38,52001.810000000005,13923.05,9626.86,4296.19,38078.76,190,189,1,6.333333333333333,6.3,581.122052631579,60.93,4581.970416380458,66145.31,72554.88,21122.54,79533.92,42790.871315789474,6409.569999999992,0.1097315283425933,1.1232566712581733,0.6914332707273191,0.3085667292726808,0.3616168630153919,0.7325776469549166,6409.570000000007,SPENDING_PRESSURE,LIQUIDITY_STRESS,True,LIQUIDITY_STRESS->SPENDING_PRESSURE,1,1,8800.875,2249.144679606005,5122.175000000001,1.5820074708480691,54.0,-0.0583809460127708,11745.026666666668,3514.0855684563694,7691.059999999999,13923.05,57345.16666666666,5414.75097744424,38063.38058888415,9231.38,0.1295686607898352,164.33333333333334,7521.379999999997,0.0221775688515577,0.7122639065470473,-0.0601169797658796,0.0969013524919606,-0.7488357895151694,21122.54,0.3616168630153919,0.8902684716574066,0.0735505649755236,0,0.0741394714332289,True,2026-09-30,72554.88,2026-10-30,28942.55,78719.04999999997,6164.169999999998,55562.5,49398.33,29,38078.76,3.36453655528699,179,1882.32,47516.01,False,False,False,0.398905628401563,0,0.04691335815911013,LIQUIDITY_PRESSURE,True,LIQUIDITY_PROTECTION,1,0,0,0
820,2026-09-01,20856.94,0.0,20856.94,18281.6,9228.5,6469.31,2759.19,9053.1,172,171,1,5.733333333333333,5.7,227.54965116279067,47.1,1673.057923956059,15728.7,18304.04,3247.48,24104.42,14661.991395348838,2575.34,0.1234764064143637,1.1408706021354804,0.7010142493362952,0.2989857506637048,0.1557026102582641,0.7029790273812381,2575.34,LIQUIDITY_STRESS,LIQUIDITY_STRESS,False,NO_CHANGE,9,0,11902.545,2554.7535561380478,-2674.045,0.7753383835137779,-7.0,0.0229824064143637,9773.033333333333,1204.438446635334,8937.02,11153.58,20285.646666666667,494.75453967935664,13046.918759263805,524.67,0.0712121354714546,179.33333333333334,1459.5133333333335,0.0326148984784637,0.0946777489040087,0.0428469999999998,0.1637350830011381,0.2313457095723008,3247.48,0.1557026102582641,0.8765235935856363,0.1322912181748617,0,0.0755767917852005,True,2026-09-30,18304.04,2026-10-30,2708.249999999997,18886.789999999983,582.75,20936.52,20353.77,29,9053.1,4.334488738664104,181,4768.669999999998,15585.100000000002,False,False,False,0.1479591390753077,0,0.009581043404412447,LIQUIDITY_PRESSURE,True,LIQUIDITY_PROTECTION,1,0,0,0
827,2026-09-01,59331.06,0.0,59331.06,54735.64,16438.36,11228.37,5209.990000000001,38297.28,208,207,1,6.933333333333334,6.9,548.3975961538462,69.36,4394.718761851882,-4508.22,87.2,-38859.39,20471.67,5151.423413461539,4595.419999999998,0.0774538664908396,1.0839566322783474,0.683059015619563,0.316940984380437,-0.6549586338083291,0.0868250695919058,4595.42,LIQUIDITY_STRESS,LIQUIDITY_STRESS,False,NO_CHANGE,9,0,22608.78125,9105.589521234337,-6170.421249999999,0.7270785549309519,18.0,0.2288725942556381,25842.423333333336,8391.285155364068,16438.36,32565.93,58534.9,697.2702523412128,10820.49268658068,-38859.39,-0.0968985833230817,192.33333333333331,-5604.803333333337,-0.4236801344039087,-0.6840126467964218,0.0223679707642101,-1.01934244557719,-0.2995335186002146,0.0,0.0,0.9225461335091604,0.0878121847140435,0,0.3805044676240803,True,2026-09-30,87.2,2026-10-30,-20096.86999999999,-1952.0399999999972,-2039.2399999999907,66126.87,68166.10999999999,29,38297.28,1.7289496799772723,193,16915.90999999999,51250.2,True,False,True,-230.46869266055035,1,0.9962785456427815,LIQUIDITY_PRESSURE,True,LIQUIDITY_PROTECTION,1,0,1,1
828,2026-09-01,127108.33,0.0,127108.33,108757.88,27300.98,18809.1,8491.880000000001,81456.90000000001,115,114,1,3.8333333333333335,3.8,2051.0105217391306,195.04,12793.663500322284,168843.56,187194.01,62267.91,189376.24,88898.49747826086,18350.45000000001,0.1443685870155009,1.168727544155881,0.6889532903214464,0.3110467096785537,0.4898806396087495,0.6993915935978458,18350.45000000001,STABLE,LIQUIDITY_STRESS,True,LIQUIDITY_STRESS->STABLE,1,1,34754.79625,15480.756855304438,-7453.8162500000035,0.7855312919580127,1.0,-0.0146622802307959,29843.34333333334,5046.662083103411,26573.480000000003,35655.57000000001,131447.78,6778.562427690656,71925.61608807526,21321.84,0.1530847649787694,109.66666666666669,20147.536666666685,-0.2343137411630219,-0.253465692958373,-0.0872519207743502,0.108683150248668,-0.5760864408621206,62267.91,0.4898806396087495,0.8556314129844991,0.0668082099733353,0,0.1345361097259888,True,2026-09-30,187194.01,2026-10-30,59270.830000000045,189033.70000000004,1839.6900000000317,131370.72,129531.02999999996,29,81456.90000000001,3.9108378786818543,107,29336.879999999943,100194.15000000002,False,False,False,0.3166278130373939,0,0.0018252693298322533,LIQUIDITY_PRESSURE,True,LIQUIDITY_PROTECTION,1,0,0,0
848,2026-09-01,41830.29,9660.51,51490.8,47581.100000000006,25342.329999999994,17435.640000000003,7906.689999999999,22238.77,144,142,2,4.8,4.733333333333333,687.9993055555556,160.34500000000003,3767.6787707347967,67667.0,71576.7,20873.33,72086.39,39308.95756944444,3909.699999999997,0.0759300690608807,1.082169180620036,0.6880046152031012,0.3119953847968991,0.4053797960023926,0.7634171069287026,3909.699999999997,SPENDING_PRESSURE,LIQUIDITY_STRESS,True,LIQUIDITY_STRESS->SPENDING_PRESSURE,1,1,21660.307500000003,9575.383568361638,3682.022499999992,1.1699893918865183,-4.0,0.3339718481135185,24453.623333333333,8687.728322146899,15355.7,32662.840000000004,45740.01,5040.410033449672,46045.64234162557,20873.33,-0.0251105809740703,147.66666666666666,-952.3833333333388,-0.2241234993650279,-0.6609565456776805,0.1798848455781816,0.0577785331106743,-1.3512059508325611,20873.33,0.4053797960023926,0.9240699309391192,0.1535553924196167,0,0.532913777975735,True,2026-09-30,71576.7,2026-10-30,71576.7,83832.84,12256.140000000009,51490.8,39234.66,29,22238.77,5.533916668952465,154,7934.229999999992,31300.430000000004,False,False,False,1.0,0,0.0075616031826332055,LIQUIDITY_PRESSURE,True,LIQUIDITY_PROTECTION,1,0,0,0
881,2026-09-01,30271.76,0.0,30271.76,26744.02,7726.1399999999985,5213.44,2512.7000000000003,19017.88,80,79,1,2.6666666666666665,2.6333333333333333,712.6972499999999,91.565,3679.335510871073,21118.13,24645.87,7857.71,38129.47,27537.802874999998,3527.739999999998,0.1165356754942559,1.1319076189742605,0.6747793853075404,0.3252206146924597,0.259572287835263,0.9096862182773646,3527.739999999998,RECOVERY,LIQUIDITY_STRESS,True,LIQUIDITY_STRESS->RECOVERY,1,1,9300.08875,2120.757687838661,-1573.9487500000023,0.8307598139856459,-14.0,0.0167753883118452,8450.35,713.2309873386033,7726.1399999999985,9152.070000000002,30506.046666666665,698.5363111773909,24349.61851819983,2307.99,0.0995183272859729,86.33333333333333,3037.8166666666634,-0.1558040967781062,-0.1857058598585751,-0.0325918033619875,0.1670479346419402,-0.2359696610989243,7857.71,0.259572287835263,0.8834643245057441,0.0830047542660222,0,0.086617710825336,True,2026-09-30,24645.87,2026-10-30,11382.369999999995,27664.87000000002,3019.0,30666.22,27647.22,29,19017.88,2.9084256499672936,88,2931.079999999998,24716.140000000003,False,False,False,0.461836810792234,0,0.0006895945545305111,LIQUIDITY_PRESSURE,True,LIQUIDITY_PROTECTION,0,1,0,0
891,2026-09-01,44758.28,0.0,44758.28,59572.11,46034.85,31195.68,14839.17,13537.26,178,177,1,5.933333333333334,5.9,586.125786516854,169.02999999999997,3535.4173695465133,42215.45,27401.62,-16352.76,31929.09,8887.336741573034,-14813.830000000002,-0.3309740678149384,0.7513294392291964,0.6776535602918224,0.3223464397081776,-0.3653572031811767,0.1985629640275058,-14813.829999999998,LIQUIDITY_STRESS,LIQUIDITY_STRESS,False,NO_CHANGE,8,0,32009.24875,6959.272998049721,14025.601249999996,1.43817339668117,6.0,-0.2855470858644517,35111.066666666666,9798.238602495525,27097.96,46034.85,43426.83666666666,1519.1658669919275,15270.710878462838,-16352.76,-0.1163955536012091,177.33333333333334,-5221.4900000000025,0.4296364112360129,-0.1729638809112842,0.0230414894008508,-0.3509101525626281,0.241340687129844,0.0,0.0,1.3309740678149384,0.3315402200442018,1,0.4611816019150858,True,2026-09-30,27401.62,2026-10-30,27401.62,31841.42999999996,4439.809999999998,44758.28,40318.47,29,13537.26,5.33046569246657,209,13761.720000000008,26556.749999999996,False,False,False,1.0,0,0.9293889440101462,LIQUIDITY_PRESSURE,True,LIQUIDITY_PROTECTION,1,0,0,0
938,2026-09-01,20000.0,0.0,20000.0,18193.19,5123.150000000001,3239.2899999999995,1883.86,13070.04,115,114,1,3.8333333333333335,3.8,332.11469565217385,37.63,2046.5333826889344,20679.57,22486.38,2639.4,22639.4,7019.791826086956,1806.8100000000013,0.0903405,1.099312435037506,0.6322848247660129,0.3677151752339869,0.13197,0.3509895913043477,1806.8100000000013,LIQUIDITY_STRESS,LIQUIDITY_STRESS,False,NO_CHANGE,9,0,6677.702499999999,1630.0119180261051,-1554.5524999999989,0.7672024921745167,11.0,-0.0078986721361701,5363.68,212.448795477863,5123.150000000001,5525.7,20176.326666666664,305.4067453959173,5268.688671373715,-1208.08,0.08626422404539,109.0,1742.6066666666654,-0.058623458570906,0.0346842715204509,-0.0257674760265731,0.0873717393543482,-0.0435104412156387,2639.4,0.13197,0.9096595,0.094193,0,0.0918980299098887,True,2026-09-30,22486.38,2026-10-30,22486.38,24191.189999999995,1704.8099999999977,20000.0,18295.19,29,13070.04,3.2506694700245755,104,1550.1000000000022,16745.09,False,False,False,1.0,0,0.008894585102542324,LIQUIDITY_PRESSURE,True,LIQUIDITY_PROTECTION,0,1,0,0
940,2026-09-01,129603.27,0.0,129603.27,129136.67,83358.5,32874.14,50484.36,45778.17,141,140,1,4.7,4.666666666666667,1835.035035460993,480.29,11188.08653380184,190987.13,191453.73,64347.43,193950.7,115359.75340425532,466.59999999999127,0.0036002178031464,1.0036132262044546,0.3943705800848144,0.6056294199151856,0.4964954202158633,0.8900990955263344,466.6000000000058,SPENDING_PRESSURE,STABLE,True,STABLE->SPENDING_PRESSURE,1,1,75457.76375,12137.70881350223,7900.736250000002,1.1047040868607771,-2.0,-0.106424494828303,79375.19,8077.992514090333,70079.15999999999,84687.91,136862.04,12076.205911042587,102453.0793505853,30787.61,0.0828264539514495,139.66666666666666,11708.679999999998,0.1894905703778415,0.6577054976692995,-0.0044332329930798,0.0024430965583912,0.3619915802622514,64347.43,0.4964954202158633,0.9963997821968535,0.3895299863961766,0,0.3138248892597731,True,2026-09-30,191453.73,2026-10-30,191453.73,202070.7599999997,10617.030000000012,129603.27,118986.24,29,45778.17,7.013320978099387,169,43893.35999999999,75092.88,False,False,False,1.0,0,0.0006231513578364201,LIQUIDITY_PRESSURE,True,LIQUIDITY_PROTECTION,0,1,0,0
956,2026-09-01,57220.59,0.0,57220.59,58260.16,26862.549999999992,9378.89,17483.66,31397.61,123,122,1,4.1,4.066666666666666,938.8678861788616,194.33,5422.51298919625,125197.77,124158.2,103725.76,160946.35,135210.9749593496,-1039.5699999999997,-0.0181677609405984,0.9821564170094969,0.3491436963356049,0.6508563036643954,1.8127348914088444,2.3629776442247383,-1039.570000000007,LIQUIDITY_STRESS,LIQUIDITY_STRESS,False,NO_CHANGE,3,0,30192.18625,10700.01462980567,-3329.636250000007,0.889718610556067,-11.0,-1.952265682934537e-05,26832.99333333333,106.75899696649098,26714.57,26921.86,57963.73333333334,1236.1196518270592,134913.29392151593,103158.47,-0.0049297391080376,124.33333333333331,-266.8700000000026,-0.0022030424346611,-0.0007612742313244,-0.001036139353498,-0.0083034226568093,-0.0099624785775599,103725.76,1.8127348914088444,1.0181677609405986,0.3055484048661505,1,0.1454628676049769,True,2026-09-30,124158.2,2026-10-30,100919.56,113597.05999999988,-10561.140000000014,61393.89,71955.03000000001,25,31397.61,5.909752048006202,92,9705.100000000006,62249.93000000001,False,False,False,0.8128304050799706,0,9.298838762817278e-05,OBLIGATION_PRESSURE,True,OBLIGATION_MANAGEMENT,1,0,0,0
967,2026-09-01,75145.83,0.0,75145.83,72262.61,38223.39,17693.75,20529.64,34039.22,167,166,1,5.566666666666666,5.533333333333333,882.6852694610777,192.67,6182.313410691166,67416.96,70300.18,34319.79,109465.62,81702.75215568862,2883.220000000001,0.0383683299525735,1.0398991954483792,0.4629037351213484,0.5370962648786515,0.4567091746807507,1.0872559682378733,2883.2199999999866,SPENDING_PRESSURE,SPENDING_PRESSURE,False,NO_CHANGE,7,0,29052.4225,8146.035541328855,9170.9675,1.3156696313362508,-5.0,0.0045850344395412,30963.496666666662,6288.7066214789575,27198.300000000003,38223.39,67319.81999999999,6777.5819503787725,76676.57666899996,31600.11,0.034176134482615,160.0,2317.103333333335,0.4053595261468545,0.2709089231999733,0.1856645438701292,0.0427669832635584,0.4152070622605543,34319.79,0.4567091746807507,0.9616316700474264,0.2731973284478992,0,0.1699976263619008,True,2026-09-30,70300.18,2026-10-30,36602.88,77052.97999999997,6752.799999999996,70260.15,63507.35,29,34039.22,4.129364010103639,170,14866.46,48640.89,False,False,False,0.5206655231892721,0,0.0005761411485102127,LIQUIDITY_PRESSURE,True,LIQUIDITY_PROTECTION,1,0,0,0
973,2026-09-01,36983.6,0.0,36983.6,33196.0,8673.11,5770.12,2902.99,24522.89,190,189,1,6.333333333333333,6.3,369.3663157894736,40.29,2953.056410247673,27767.36,31554.96,-3905.99,33077.61,7139.460421052631,3787.599999999999,0.1024129614207378,1.114098084106519,0.6652884605406826,0.3347115394593173,-0.1056141100379627,0.1930439551869648,3787.599999999999,LIQUIDITY_STRESS,LIQUIDITY_STRESS,False,NO_CHANGE,9,0,10531.83625,1138.2954496330717,-1858.72625,0.8235135634586039,-16.0,0.0645700879415047,9977.410000000002,1862.785764681489,8673.11,12110.8,36770.746666666666,1422.216704491041,6078.09498595121,-7956.95,0.0617184311342232,191.66666666666663,2270.4466666666654,-0.2838532549459985,-0.3133373386822088,-0.0286527427514554,0.1364047572401552,-0.6076810178576587,0.0,0.0,0.8975870385792621,0.0784939811159541,0,0.1691661059270885,True,2026-09-30,31554.96,2026-10-30,769.9700000000064,34383.77000000001,2828.810000000005,34390.8,31561.99,29,24522.89,2.6891512378842792,192,2343.59,29218.4,False,False,False,0.024400918270852,0,0.8809062724959766,LIQUIDITY_PRESSURE,True,LIQUIDITY_PROTECTION,0,1,0,0
991,2026-09-01,29524.85,0.0,29524.85,26015.6,5025.4,2692.98,2332.42,20990.2,136,135,1,4.533333333333333,4.5,408.3856617647058,28.905,2800.8651791945904,34648.25,38157.5,8923.05,38447.9,13529.72786764706,3509.25,0.1188575047798718,1.1348902197143254,0.5358737612926334,0.4641262387073666,0.302221687832453,0.458248826586657,3509.25,STABLE,LIQUIDITY_STRESS,True,LIQUIDITY_STRESS->STABLE,1,1,6802.07625,3093.9620426563447,-1776.6762500000004,0.7388038321387531,-9.0,-0.0279960930207126,6819.299999999998,1810.071099266548,5025.4,8645.119999999999,31953.0,2623.933906846741,9286.742041550457,-1632.3,0.1288694614995245,136.33333333333334,4143.500000000001,-0.4187009549896358,-0.490100059681654,-0.1500338260907116,0.101282171538245,-0.6924059781355331,8923.05,0.302221687832453,0.8811424952201281,0.0789985385192473,0,0.2049724422226631,True,2026-09-30,38157.5,2026-10-30,7723.620000000003,44709.50000000001,6551.999999999996,37283.57,30731.570000000003,29,20990.2,3.5941091557012323,139,4314.810000000009,26416.759999999995,False,False,False,0.2024142042848719,0,0.016076676660204084,LIQUIDITY_PRESSURE,True,LIQUIDITY_PROTECTION,0,1,0,0
997,2026-09-01,20000.0,0.0,20000.0,18696.840000000004,9091.63,3527.28,5564.35,9605.21,166,165,1,5.533333333333333,5.5,233.1134939759036,33.885,1603.8752208776386,17838.17,19141.33,-450.05,19549.95,7379.209999999999,1303.1599999999962,0.0651579999999998,1.069699478628474,0.3879700339763056,0.6120299660236943,-0.0225025,0.3689604999999999,1303.1600000000035,LIQUIDITY_STRESS,LIQUIDITY_STRESS,False,NO_CHANGE,9,0,10266.69125,3680.15682876787,-1175.0612499999988,0.8855462562001172,4.0,0.1507614999999998,9480.126666666669,2455.642588047645,7241.89,12106.86,20196.97,341.1620475668411,7164.221954494636,-1354.52,0.0537910263897191,167.0,1111.6333333333314,-0.2490513642678613,-0.2938023760963841,0.0,0.073054579029127,-0.9208331781313694,0.0,0.0,0.9348420000000002,0.2782175,0,0.2342117807371513,True,2026-09-30,19141.33,2026-10-30,3069.970000000006,23537.04,4395.709999999997,20669.37,16273.660000000002,29,9605.21,4.144698554222136,178,3397.41,12876.250000000002,False,False,False,0.1603843620061932,0,0.9390250131607258,LIQUIDITY_PRESSURE,True,LIQUIDITY_PROTECTION,1,0,0,0
