user_id,month,financial_stress_30d,feature,feature_value,shap_value,direction,absolute_shap
24,2026-10-01,0,minimum_balance_ratio,0.9670855857016672,-0.310073491425137,decreases_stress_risk,0.310073491425137
24,2026-10-01,0,rolling_average_balance,72838.60116097202,-0.24259991419501603,decreases_stress_risk,0.24259991419501603
24,2026-10-01,0,expense_pressure,0.7753832932800607,-0.225498812761507,decreases_stress_risk,0.225498812761507
24,2026-10-01,0,average_balance_ratio,1.5842377411504098,-0.21483124033315107,decreases_stress_risk,0.21483124033315107
24,2026-10-01,0,rolling_transaction_count,77.66666666666667,-0.12772069975500927,decreases_stress_risk,0.12772069975500927
24,2026-10-01,0,income_volatility,4191.274625329794,0.12743761409656146,increases_stress_risk,0.12743761409656146
24,2026-10-01,0,recurring_spending,31975.58,0.12037378673441708,increases_stress_risk,0.12037378673441708
24,2026-10-01,0,income_growth,0.1152146968415657,-0.11307630391849671,decreases_stress_risk,0.11307630391849671
24,2026-10-01,0,balance_growth,0.1400221532190642,-0.10571146304951981,decreases_stress_risk,0.10571146304951981
24,2026-10-01,0,rolling_net_cash_flow,9969.766666666665,-0.08002120601013303,decreases_stress_risk,0.08002120601013303
936,2026-11-01,0,minimum_balance_ratio,2.614542169331026,-0.3105671105365036,decreases_stress_risk,0.3105671105365036
936,2026-11-01,0,rolling_average_balance,88957.29638118489,-0.24430309161136393,decreases_stress_risk,0.24430309161136393
936,2026-11-01,0,average_balance_ratio,2.8995890560156203,-0.2257467156497296,decreases_stress_risk,0.2257467156497296
936,2026-11-01,0,expense_pressure,0.6778636034577927,-0.20844747750554235,decreases_stress_risk,0.20844747750554235
936,2026-11-01,0,recurring_spending,10922.81,-0.15821926605189218,decreases_stress_risk,0.15821926605189218
936,2026-11-01,0,income_growth,0.3343238095238094,-0.1438878858956741,decreases_stress_risk,0.1438878858956741
936,2026-11-01,0,income_volatility,4095.1446063885696,0.12243542252952466,increases_stress_risk,0.12243542252952466
936,2026-11-01,0,rolling_transaction_count,162.66666666666666,0.08817623572191223,increases_stress_risk,0.08817623572191223
936,2026-11-01,0,median_transaction,50.75,0.08771697765390854,increases_stress_risk,0.08771697765390854
936,2026-11-01,0,savings_rate_change,0.3884054715285237,0.07868754740513395,increases_stress_risk,0.07868754740513395
925,2026-10-01,0,minimum_balance_ratio,2.8723259790984903,-0.3449529772280948,decreases_stress_risk,0.3449529772280948
925,2026-10-01,0,rolling_average_balance,122829.73490850844,-0.29693455500702837,decreases_stress_risk,0.29693455500702837
925,2026-10-01,0,average_balance_ratio,3.469680573828857,-0.2715645401366055,decreases_stress_risk,0.2715645401366055
925,2026-10-01,0,income_volatility,1059.8728629573015,-0.22339558886073063,decreases_stress_risk,0.22339558886073063
925,2026-10-01,0,spending_baseline_deviation,8210.962222222224,-0.13749561660108156,decreases_stress_risk,0.13749561660108156
925,2026-10-01,0,expense_pressure,1.0242263274569827,0.13638196064624936,increases_stress_risk,0.13638196064624936
925,2026-10-01,0,balance_growth,-0.0076843444417816,0.09602224383939756,increases_stress_risk,0.09602224383939756
925,2026-10-01,0,state_changed,1.0,-0.0952968432509806,decreases_stress_risk,0.0952968432509806
925,2026-10-01,0,category_shift,0.0982374385035044,0.06908451081195381,increases_stress_risk,0.06908451081195381
925,2026-10-01,0,essential_spending_ratio,0.8153004399834736,0.06349409157468472,increases_stress_risk,0.06349409157468472
144,2026-11-01,0,minimum_balance_ratio,2.065430702017578,-0.3287311932974262,decreases_stress_risk,0.3287311932974262
144,2026-11-01,0,rolling_average_balance,75191.41299323108,-0.2158947426546365,decreases_stress_risk,0.2158947426546365
144,2026-11-01,0,average_balance_ratio,2.4431044563728657,-0.20875536617590115,decreases_stress_risk,0.20875536617590115
144,2026-11-01,0,expense_pressure,0.7517277111431477,-0.19685178028652445,decreases_stress_risk,0.19685178028652445
144,2026-11-01,0,spending_baseline_ratio,0.7486141188918249,0.11085967929451726,increases_stress_risk,0.11085967929451726
144,2026-11-01,0,spending_baseline_deviation,-3834.280999999999,0.10899364631535718,increases_stress_risk,0.10899364631535718
144,2026-11-01,0,recurring_spending,14262.42,-0.08709952634730143,decreases_stress_risk,0.08709952634730143
144,2026-11-01,0,balance_growth,0.0899593283719022,-0.08530343459919094,decreases_stress_risk,0.08530343459919094
144,2026-11-01,0,median_transaction,58.14,0.08355931801255792,increases_stress_risk,0.08355931801255792
144,2026-11-01,0,rolling_net_cash_flow,7835.943333333334,-0.08137261502677574,decreases_stress_risk,0.08137261502677574
977,2026-10-01,0,rolling_average_balance,39373.30708556654,0.4605298031488201,increases_stress_risk,0.4605298031488201
977,2026-10-01,0,minimum_balance_ratio,1.3303567113236685,-0.3216012200294063,decreases_stress_risk,0.3216012200294063
977,2026-10-01,0,expense_pressure,0.772833414269834,-0.2347197642881656,decreases_stress_risk,0.2347197642881656
977,2026-10-01,0,average_balance_ratio,1.990773465850281,-0.21815814060159028,decreases_stress_risk,0.21815814060159028
977,2026-10-01,0,income_growth,0.3527034330573737,-0.1883786895198864,decreases_stress_risk,0.1883786895198864
977,2026-10-01,0,recurring_spending,12146.82,-0.14830052561155754,decreases_stress_risk,0.14830052561155754
977,2026-10-01,0,balance_growth,0.1461183807706745,-0.1095719842595281,decreases_stress_risk,0.1095719842595281
977,2026-10-01,0,spending_baseline_ratio,0.756123966762692,0.10847418424906209,increases_stress_risk,0.10847418424906209
977,2026-10-01,0,state_changed,0.0,0.06713613312167581,increases_stress_risk,0.06713613312167581
977,2026-10-01,0,historical_spending_std,2934.858207201461,0.06288171825872269,increases_stress_risk,0.06288171825872269
790,2026-10-01,0,minimum_balance_ratio,2.82337951399441,-0.3135577889051638,decreases_stress_risk,0.3135577889051638
790,2026-10-01,0,rolling_average_balance,89155.09405150604,-0.246054943058989,decreases_stress_risk,0.246054943058989
790,2026-10-01,0,average_balance_ratio,3.2511417815567487,-0.2165985049633309,decreases_stress_risk,0.2165985049633309
790,2026-10-01,0,expense_pressure,0.6630326894909216,-0.21600680273841136,decreases_stress_risk,0.21600680273841136
790,2026-10-01,0,income_growth,-0.1025856441022319,0.16754631460527888,increases_stress_risk,0.16754631460527888
790,2026-10-01,0,balance_growth,0.0993811004249092,-0.07490647533442825,decreases_stress_risk,0.07490647533442825
790,2026-10-01,0,rolling_transaction_count,109.66666666666669,-0.0709194552100962,decreases_stress_risk,0.0709194552100962
790,2026-10-01,0,spending_baseline_deviation,-3381.0099999999984,0.06693267330381786,increases_stress_risk,0.06693267330381786
790,2026-10-01,0,rolling_net_cash_flow,9623.696666666669,-0.06597006087482442,decreases_stress_risk,0.06597006087482442
790,2026-10-01,0,recurring_spending,3696.03,-0.05933046546095284,decreases_stress_risk,0.05933046546095284
128,2026-10-01,0,minimum_balance_ratio,2.9785472444042025,-0.3677388619171688,decreases_stress_risk,0.3677388619171688
128,2026-10-01,0,average_balance_ratio,3.3235954618996284,-0.31829402364906856,decreases_stress_risk,0.31829402364906856
128,2026-10-01,0,rolling_average_balance,103188.21075258196,-0.2910069774882868,decreases_stress_risk,0.2910069774882868
128,2026-10-01,0,recurring_spending,20539.0,0.1654334142562584,increases_stress_risk,0.1654334142562584
128,2026-10-01,0,expense_pressure,0.9682069538901033,0.1469855467299931,increases_stress_risk,0.1469855467299931
128,2026-10-01,0,state_changed,1.0,-0.1125553930544993,decreases_stress_risk,0.1125553930544993
128,2026-10-01,0,balance_growth,0.0081106965226009,0.10026467867952306,increases_stress_risk,0.10026467867952306
128,2026-10-01,0,income_volatility,710.5130204530861,-0.08339089387009153,decreases_stress_risk,0.08339089387009153
128,2026-10-01,0,median_transaction,26.31,0.062347394234966484,increases_stress_risk,0.062347394234966484
128,2026-10-01,0,rolling_transaction_count,181.66666666666663,0.059938605843344706,increases_stress_risk,0.059938605843344706
949,2026-11-01,0,rolling_average_balance,40912.79964517376,0.5251160239055753,increases_stress_risk,0.5251160239055753
949,2026-11-01,0,minimum_balance_ratio,1.2412382907389774,-0.35392039516940715,decreases_stress_risk,0.35392039516940715
949,2026-11-01,0,average_balance_ratio,1.5008259766913954,-0.2700407359644305,decreases_stress_risk,0.2700407359644305
949,2026-11-01,0,income_growth,0.0520997996355179,-0.22774137335363775,decreases_stress_risk,0.22774137335363775
949,2026-11-01,0,income_volatility,1928.3567889872568,-0.2146382802372682,decreases_stress_risk,0.2146382802372682
949,2026-11-01,0,expense_pressure,0.8135915950114919,0.15028711151098834,increases_stress_risk,0.15028711151098834
949,2026-11-01,0,recurring_spending,11961.68,-0.13485630061200937,decreases_stress_risk,0.13485630061200937
949,2026-11-01,0,savings_rate,0.186408404988508,0.10145757833262906,increases_stress_risk,0.10145757833262906
949,2026-11-01,0,rolling_savings_rate,0.1996754526194578,-0.07646490669983905,decreases_stress_risk,0.07646490669983905
949,2026-11-01,0,rolling_transaction_count,171.0,0.06908218187978492,increases_stress_risk,0.06908218187978492
278,2026-11-01,0,minimum_balance_ratio,2.1250133196656686,-0.39520353529020213,decreases_stress_risk,0.39520353529020213
278,2026-11-01,0,rolling_average_balance,71126.85005247912,-0.335349386590533,decreases_stress_risk,0.335349386590533
278,2026-11-01,0,average_balance_ratio,2.471446589520737,-0.2683531749865506,decreases_stress_risk,0.2683531749865506
278,2026-11-01,0,income_growth,0.0022020437521044,0.19630058716924395,increases_stress_risk,0.19630058716924395
278,2026-11-01,0,expense_pressure,0.8767935075053205,0.16637805286794902,increases_stress_risk,0.16637805286794902
278,2026-11-01,0,rolling_transaction_count,123.66666666666669,-0.14993153956136665,decreases_stress_risk,0.14993153956136665
278,2026-11-01,0,balance_growth,0.0421428131035983,0.14409408815321512,increases_stress_risk,0.14409408815321512
278,2026-11-01,0,recurring_spending,14736.88,-0.12613863220904023,decreases_stress_risk,0.12613863220904023
278,2026-11-01,0,historical_spending_std,1457.448883747824,0.06635688000824302,increases_stress_risk,0.06635688000824302
278,2026-11-01,0,state_changed,0.0,0.06445389618515036,increases_stress_risk,0.06445389618515036
266,2026-11-01,0,minimum_balance_ratio,2.318310606861398,-0.3344326717359945,decreases_stress_risk,0.3344326717359945
266,2026-11-01,0,rolling_average_balance,143219.63365417594,-0.270527672052267,decreases_stress_risk,0.270527672052267
266,2026-11-01,0,income_volatility,4749.048170138865,0.23201332962373272,increases_stress_risk,0.23201332962373272
266,2026-11-01,0,average_balance_ratio,2.5709662764761,-0.22028419819194822,decreases_stress_risk,0.22028419819194822
266,2026-11-01,0,expense_pressure,0.7163000285793704,-0.21094447215786205,decreases_stress_risk,0.21094447215786205
266,2026-11-01,0,income_growth,-0.1259788848975759,0.17790782218740786,increases_stress_risk,0.17790782218740786
266,2026-11-01,0,recurring_spending,24091.4,0.11438771273154998,increases_stress_risk,0.11438771273154998
266,2026-11-01,0,rolling_transaction_count,142.66666666666666,0.11145181193074677,increases_stress_risk,0.11145181193074677
266,2026-11-01,0,rolling_spending_min,21649.55,0.08109153273282572,increases_stress_risk,0.08109153273282572
266,2026-11-01,0,balance_growth,0.0946077553574618,-0.06584114226920064,decreases_stress_risk,0.06584114226920064
583,2026-10-01,0,minimum_balance_ratio,3.453157122960588,-0.3156587301348918,decreases_stress_risk,0.3156587301348918
583,2026-10-01,0,transaction_count_change,-37.0,0.29977541369516986,increases_stress_risk,0.29977541369516986
583,2026-10-01,0,average_balance_ratio,3.7309666115481583,-0.20844974879175424,decreases_stress_risk,0.20844974879175424
583,2026-10-01,0,rolling_average_balance,244177.62387147185,-0.199398575196974,decreases_stress_risk,0.199398575196974
583,2026-10-01,0,expense_pressure,0.781074675261245,-0.1960091878916137,decreases_stress_risk,0.1960091878916137
583,2026-10-01,0,recurring_spending,28267.85,0.08844037208531517,increases_stress_risk,0.08844037208531517
583,2026-10-01,0,balance_growth,0.0520628222347006,0.07890558672079351,increases_stress_risk,0.07890558672079351
583,2026-10-01,0,rolling_spending_min,26904.75,0.0786768042575568,increases_stress_risk,0.0786768042575568
583,2026-10-01,0,rolling_transaction_count,108.33333333333331,-0.06583591473288834,decreases_stress_risk,0.06583591473288834
583,2026-10-01,0,rolling_income_mean,73256.5,-0.055885296766646206,decreases_stress_risk,0.055885296766646206
648,2026-11-01,0,minimum_balance_ratio,4.746882990049007,-0.38597287177457473,decreases_stress_risk,0.38597287177457473
648,2026-11-01,0,rolling_average_balance,147191.09534584254,-0.2818154840994975,decreases_stress_risk,0.2818154840994975
648,2026-11-01,0,average_balance_ratio,5.348664446273084,-0.26057551966398024,decreases_stress_risk,0.26057551966398024
648,2026-11-01,0,expense_pressure,0.8715246751189983,0.15630269825924187,increases_stress_risk,0.15630269825924187
648,2026-11-01,0,recurring_spending,7705.17,-0.12615491754564573,decreases_stress_risk,0.12615491754564573
648,2026-11-01,0,balance_growth,0.0260457137940262,0.10737299222091679,increases_stress_risk,0.10737299222091679
648,2026-11-01,0,rolling_transaction_count,172.66666666666666,0.08108130260719917,increases_stress_risk,0.08108130260719917
648,2026-11-01,0,historical_spending_std,1755.6574050160748,0.05400792814325541,increases_stress_risk,0.05400792814325541
648,2026-11-01,0,essential_spending_ratio,0.5397979312426907,-0.05379333673423389,decreases_stress_risk,0.05379333673423389
648,2026-11-01,0,state_changed,0.0,0.04642233657767065,increases_stress_risk,0.04642233657767065
461,2026-10-01,0,minimum_balance_ratio,3.31715178943708,-0.33322864146350184,decreases_stress_risk,0.33322864146350184
461,2026-10-01,0,rolling_average_balance,117265.37557720904,-0.2638506620354019,decreases_stress_risk,0.2638506620354019
461,2026-10-01,0,average_balance_ratio,3.687875238103634,-0.21610035934252664,decreases_stress_risk,0.21610035934252664
461,2026-10-01,0,expense_pressure,0.650813170761077,-0.17995478785480373,decreases_stress_risk,0.17995478785480373
461,2026-10-01,0,income_volatility,1317.1981934520168,-0.1678133520897245,decreases_stress_risk,0.1678133520897245
461,2026-10-01,0,income_growth,-0.0671265299394926,0.12272738613304682,increases_stress_risk,0.12272738613304682
461,2026-10-01,0,transaction_count_change,42.0,0.09936730713408906,increases_stress_risk,0.09936730713408906
461,2026-10-01,0,balance_growth,0.0894327109705064,-0.08483146448503248,decreases_stress_risk,0.08483146448503248
461,2026-10-01,0,recurring_spending,4301.66,-0.06787747724942164,decreases_stress_risk,0.06787747724942164
461,2026-10-01,0,rolling_savings_rate,0.365448338683156,-0.04848731801554095,decreases_stress_risk,0.04848731801554095
219,2026-10-01,0,minimum_balance_ratio,1.8974408536159,-0.31365266686829274,decreases_stress_risk,0.31365266686829274
219,2026-10-01,0,rolling_average_balance,268126.17945208226,-0.25685821418184784,decreases_stress_risk,0.25685821418184784
219,2026-10-01,0,average_balance_ratio,2.2228315016990865,-0.2113009877828881,decreases_stress_risk,0.2113009877828881
219,2026-10-01,0,expense_pressure,0.731295345264229,-0.20676368759013714,decreases_stress_risk,0.20676368759013714
219,2026-10-01,0,recurring_spending,73556.39,0.15449247698241378,increases_stress_risk,0.15449247698241378
219,2026-10-01,0,income_volatility,4407.733304878323,0.1468187293986557,increases_stress_risk,0.1468187293986557
219,2026-10-01,0,category_shift,0.130232363902351,0.12498227303498424,increases_stress_risk,0.12498227303498424
219,2026-10-01,0,income_growth,0.0151263226979987,-0.12189804262074176,decreases_stress_risk,0.12189804262074176
219,2026-10-01,0,rolling_spending_min,24963.090000000004,0.08155798550695181,increases_stress_risk,0.08155798550695181
219,2026-10-01,0,rolling_transaction_count,161.66666666666666,0.07767626760964048,increases_stress_risk,0.07767626760964048
419,2026-11-01,0,transaction_count_change,-34.0,0.504366349633201,increases_stress_risk,0.504366349633201
419,2026-11-01,0,minimum_balance_ratio,3.3124514512507486,-0.3298042366327718,decreases_stress_risk,0.3298042366327718
419,2026-11-01,0,expense_pressure,0.6615891590725912,-0.2007007675175555,decreases_stress_risk,0.2007007675175555
419,2026-11-01,0,average_balance_ratio,3.899971035974631,-0.19824047890491783,decreases_stress_risk,0.19824047890491783
419,2026-11-01,0,rolling_average_balance,108165.39017712844,-0.19370958633953705,decreases_stress_risk,0.19370958633953705
419,2026-11-01,0,recurring_spending,11144.37,-0.13161074946503504,decreases_stress_risk,0.13161074946503504
419,2026-11-01,0,income_volatility,4127.599750993311,0.07955218288028845,increases_stress_risk,0.07955218288028845
419,2026-11-01,0,balance_growth,0.0971489539277656,-0.07729084878403228,decreases_stress_risk,0.07729084878403228
419,2026-11-01,0,rolling_net_cash_flow,7530.553333333332,-0.06621515025617555,decreases_stress_risk,0.06621515025617555
419,2026-11-01,0,rolling_savings_rate,0.2924367358081537,-0.06387338603788521,decreases_stress_risk,0.06387338603788521
602,2026-11-01,0,minimum_balance_ratio,5.568060378056357,-0.3425886796670966,decreases_stress_risk,0.3425886796670966
602,2026-11-01,0,rolling_average_balance,229695.94898798945,-0.2729280773748178,decreases_stress_risk,0.2729280773748178
602,2026-11-01,0,average_balance_ratio,6.325260336082418,-0.2598277180502191,decreases_stress_risk,0.2598277180502191
602,2026-11-01,0,expense_pressure,0.7201068153624615,-0.21337105760816485,decreases_stress_risk,0.21337105760816485
602,2026-11-01,0,income_growth,-0.2888162805685984,0.1252528908615932,increases_stress_risk,0.1252528908615932
602,2026-11-01,0,rolling_net_cash_flow,14665.52,-0.10470419971039518,decreases_stress_risk,0.10470419971039518
602,2026-11-01,0,balance_growth,0.0474513970294983,0.09122547702980227,increases_stress_risk,0.09122547702980227
602,2026-11-01,0,income_volatility,8005.274972123068,0.09009175709361443,increases_stress_risk,0.09009175709361443
602,2026-11-01,0,spending_baseline_ratio,0.6798223594154448,0.08433067121077328,increases_stress_risk,0.08433067121077328
602,2026-11-01,0,rolling_transaction_count,123.66666666666669,-0.06012558848597109,decreases_stress_risk,0.06012558848597109
644,2026-10-01,0,rolling_average_balance,35419.34212726223,0.4525340877886629,increases_stress_risk,0.4525340877886629
644,2026-10-01,0,minimum_balance_ratio,0.946680845830317,-0.3103977293800563,decreases_stress_risk,0.3103977293800563
644,2026-10-01,0,average_balance_ratio,1.457531258354132,-0.21107080335263162,decreases_stress_risk,0.21107080335263162
644,2026-10-01,0,income_growth,0.3278197422416535,-0.19494236613303656,decreases_stress_risk,0.19494236613303656
644,2026-10-01,0,recurring_spending,11298.92,-0.16633755846472922,decreases_stress_risk,0.16633755846472922
644,2026-10-01,0,balance_growth,0.1418947161981025,-0.13033725476736435,decreases_stress_risk,0.13033725476736435
644,2026-10-01,0,spending_baseline_deviation,5102.988888888892,-0.1200455106724985,decreases_stress_risk,0.1200455106724985
644,2026-10-01,0,income_volatility,4007.990970161982,0.1096594234422082,increases_stress_risk,0.1096594234422082
644,2026-10-01,0,rolling_transaction_count,125.33333333333331,-0.10689604958985001,decreases_stress_risk,0.10689604958985001
644,2026-10-01,0,savings_rate,0.1886238723993104,0.10378716865670867,increases_stress_risk,0.10378716865670867
17,2026-10-01,0,minimum_balance_ratio,5.340982186468128,-0.3285195156926056,decreases_stress_risk,0.3285195156926056
17,2026-10-01,0,rolling_average_balance,509295.7933936064,-0.2764111002953723,decreases_stress_risk,0.2764111002953723
17,2026-10-01,0,expense_pressure,0.6653990123748629,-0.2258479702961631,decreases_stress_risk,0.2258479702961631
17,2026-10-01,0,income_volatility,4934.560035139911,0.22502302206703462,increases_stress_risk,0.22502302206703462
17,2026-10-01,0,average_balance_ratio,5.846718262553551,-0.22448588263243438,decreases_stress_risk,0.22448588263243438
17,2026-10-01,0,rolling_transaction_count,97.33333333333331,-0.17207081058295443,decreases_stress_risk,0.17207081058295443
17,2026-10-01,0,recurring_spending,43368.73,0.14614393693074818,increases_stress_risk,0.14614393693074818
17,2026-10-01,0,income_growth,-0.050604069319884,0.10175183360319352,increases_stress_risk,0.10175183360319352
17,2026-10-01,0,balance_growth,0.0626342003835249,0.08697087308653863,increases_stress_risk,0.08697087308653863
17,2026-10-01,0,rolling_net_cash_flow,34553.77,-0.08332179376273416,decreases_stress_risk,0.08332179376273416
401,2026-10-01,0,minimum_balance_ratio,2.9817498071637187,-0.3813024501729524,decreases_stress_risk,0.3813024501729524
401,2026-10-01,0,rolling_average_balance,167939.20168397427,-0.32312703785835767,decreases_stress_risk,0.32312703785835767
401,2026-10-01,0,average_balance_ratio,3.4552191009580597,-0.24855125721660443,decreases_stress_risk,0.24855125721660443
401,2026-10-01,0,balance_growth,0.0429045895438271,0.14511147717246786,increases_stress_risk,0.14511147717246786
401,2026-10-01,0,expense_pressure,0.861985143049098,0.10148326730821282,increases_stress_risk,0.10148326730821282
401,2026-10-01,0,recurring_spending,28547.82,0.09438452975300607,increases_stress_risk,0.09438452975300607
401,2026-10-01,0,rolling_net_cash_flow,5937.219999999997,-0.08048086919938215,decreases_stress_risk,0.08048086919938215
401,2026-10-01,0,spending_baseline_deviation,-2426.3811111111136,0.07738652578555047,increases_stress_risk,0.07738652578555047
401,2026-10-01,0,savings_rate,0.1380148569509019,-0.0746321390196681,decreases_stress_risk,0.0746321390196681
401,2026-10-01,0,historical_spending_std,1396.9272038696622,0.07241559373796917,increases_stress_risk,0.07241559373796917
487,2026-10-01,0,minimum_balance_ratio,0.4375777010964998,1.4226488646259532,increases_stress_risk,1.4226488646259532
487,2026-10-01,0,rolling_average_balance,30108.84517732805,0.8903159809019416,increases_stress_risk,0.8903159809019416
487,2026-10-01,0,average_balance_ratio,0.882189000965019,0.6630128838308156,increases_stress_risk,0.6630128838308156
487,2026-10-01,0,recurring_spending,28719.46,0.39008889901917426,increases_stress_risk,0.39008889901917426
487,2026-10-01,0,income_growth,0.0033674166490569,0.38292238764930514,increases_stress_risk,0.38292238764930514
487,2026-10-01,0,income_volatility,1711.127909684135,-0.33712810827302747,decreases_stress_risk,0.33712810827302747
487,2026-10-01,0,expense_pressure,0.93894611225467,0.28826738777337596,increases_stress_risk,0.28826738777337596
487,2026-10-01,0,balance_growth,0.0497170666338306,0.24569202235841658,increases_stress_risk,0.24569202235841658
487,2026-10-01,0,state_changed,0.0,0.1965307197731454,increases_stress_risk,0.1965307197731454
487,2026-10-01,0,transaction_count_change,-24.0,-0.18498880130646284,decreases_stress_risk,0.18498880130646284
620,2026-10-01,0,minimum_balance_ratio,0.7195599375054934,1.1960635623993585,increases_stress_risk,1.1960635623993585
620,2026-10-01,0,average_balance_ratio,1.0068444211283916,0.5001075599878095,increases_stress_risk,0.5001075599878095
620,2026-10-01,0,rolling_average_balance,21033.571662557173,0.49960485318675635,increases_stress_risk,0.49960485318675635
620,2026-10-01,0,recurring_spending,13601.66,-0.33626120020402595,decreases_stress_risk,0.33626120020402595
620,2026-10-01,0,state_duration,2.0,-0.22443557249032892,decreases_stress_risk,0.22443557249032892
620,2026-10-01,0,expense_pressure,0.9257016730374948,0.19176459147362038,increases_stress_risk,0.19176459147362038
620,2026-10-01,0,balance_growth,0.0457711002971161,0.19023236300679855,increases_stress_risk,0.19023236300679855
620,2026-10-01,0,income_volatility,812.3048627414116,-0.16353594928164966,decreases_stress_risk,0.16353594928164966
620,2026-10-01,0,state_changed,0.0,0.13561064592038746,increases_stress_risk,0.13561064592038746
620,2026-10-01,0,total_debits,20642.74,-0.10167932661250234,decreases_stress_risk,0.10167932661250234
625,2026-11-01,0,rolling_average_balance,265929.339285389,-0.3955753208539681,decreases_stress_risk,0.3955753208539681
625,2026-11-01,0,minimum_balance_ratio,1.809636054553096,-0.36567685479240025,decreases_stress_risk,0.36567685479240025
625,2026-11-01,0,average_balance_ratio,2.085747901073965,-0.23872000493924134,decreases_stress_risk,0.23872000493924134
625,2026-11-01,0,expense_pressure,0.8716656601597332,0.17824818657827562,increases_stress_risk,0.17824818657827562
625,2026-11-01,0,rolling_transaction_count,112.33333333333331,-0.17787405654846225,decreases_stress_risk,0.17787405654846225
625,2026-11-01,0,recurring_spending,75271.91,0.17758115878677927,increases_stress_risk,0.17758115878677927
625,2026-11-01,0,income_volatility,7238.410898203609,0.1428582705318695,increases_stress_risk,0.1428582705318695
625,2026-11-01,0,spending_baseline_deviation,7879.874000000011,-0.11913240373367444,decreases_stress_risk,0.11913240373367444
625,2026-11-01,0,income_growth,-0.0463856738451831,0.09338769919515472,increases_stress_risk,0.09338769919515472
625,2026-11-01,0,state_changed,0.0,0.07875222356524318,increases_stress_risk,0.07875222356524318
760,2026-10-01,0,minimum_balance_ratio,2.501309,-0.33832729107234627,decreases_stress_risk,0.33832729107234627
760,2026-10-01,0,average_balance_ratio,3.165982561349694,-0.22994071785826237,decreases_stress_risk,0.22994071785826237
760,2026-10-01,0,rolling_average_balance,58297.53744285749,-0.22137174826988484,decreases_stress_risk,0.22137174826988484
760,2026-10-01,0,expense_pressure,0.7456579999999999,-0.1940642917342484,decreases_stress_risk,0.1940642917342484
760,2026-10-01,0,income_growth,-0.1602030293156325,0.15092170751318917,increases_stress_risk,0.15092170751318917
760,2026-10-01,0,income_volatility,2202.752935033797,-0.1076797991321655,decreases_stress_risk,0.1076797991321655
760,2026-10-01,0,historical_spending_std,668.0166132664665,-0.07749275938956998,decreases_stress_risk,0.07749275938956998
760,2026-10-01,0,recurring_spending,9706.04,-0.06953224543307442,decreases_stress_risk,0.06953224543307442
760,2026-10-01,0,historical_spending_mean,6608.163333333334,-0.06510829858714715,decreases_stress_risk,0.06510829858714715
760,2026-10-01,0,rolling_net_cash_flow,5236.400000000001,0.05554062685579993,increases_stress_risk,0.05554062685579993
798,2026-10-01,0,minimum_balance_ratio,4.036011820268291,-0.3143619601387763,decreases_stress_risk,0.3143619601387763
798,2026-10-01,0,rolling_average_balance,402299.29703277285,-0.2588800931838341,decreases_stress_risk,0.2588800931838341
798,2026-10-01,0,expense_pressure,0.708892478912912,-0.20906890041776932,decreases_stress_risk,0.20906890041776932
798,2026-10-01,0,historical_spending_mean,47772.357777777775,0.20056813671806595,increases_stress_risk,0.20056813671806595
798,2026-10-01,0,average_balance_ratio,4.330583215618977,-0.19573436407605185,decreases_stress_risk,0.19573436407605185
798,2026-10-01,0,income_growth,-0.0079486270915902,0.13310287625572528,increases_stress_risk,0.13310287625572528
798,2026-10-01,0,rolling_transaction_count,101.0,-0.10476766148698516,decreases_stress_risk,0.10476766148698516
798,2026-10-01,0,recurring_spending,22372.62,0.0898707439674763,increases_stress_risk,0.0898707439674763
798,2026-10-01,0,rolling_spending_min,44071.15,0.07021681075217202,increases_stress_risk,0.07021681075217202
798,2026-10-01,0,state_changed,0.0,0.0564258470851928,increases_stress_risk,0.0564258470851928
294,2026-10-01,0,minimum_balance_ratio,2.574249954107301,-0.34172022675571495,decreases_stress_risk,0.34172022675571495
294,2026-10-01,0,rolling_average_balance,152445.21876737542,-0.3124296946899267,decreases_stress_risk,0.3124296946899267
294,2026-10-01,0,average_balance_ratio,3.184394510574041,-0.25384167832758975,decreases_stress_risk,0.25384167832758975
294,2026-10-01,0,expense_pressure,1.168281424710886,0.17348203190602363,increases_stress_risk,0.17348203190602363
294,2026-10-01,0,recurring_spending,28120.74,0.15800998423597776,increases_stress_risk,0.15800998423597776
294,2026-10-01,0,spending_baseline_deviation,16797.799999999996,-0.1232417137734592,decreases_stress_risk,0.1232417137734592
294,2026-10-01,0,state_changed,1.0,-0.11339847704279236,decreases_stress_risk,0.11339847704279236
294,2026-10-01,0,balance_growth,-0.0457368921100405,0.09908359770808602,increases_stress_risk,0.09908359770808602
294,2026-10-01,0,rolling_net_cash_flow,2805.766666666668,0.09178221368580125,increases_stress_risk,0.09178221368580125
294,2026-10-01,0,median_transaction,73.76,0.07388380869990215,increases_stress_risk,0.07388380869990215
178,2026-10-01,0,rolling_average_balance,21790.60299228971,0.5649907534109662,increases_stress_risk,0.5649907534109662
178,2026-10-01,0,minimum_balance_ratio,0.932288,-0.423645756454207,decreases_stress_risk,0.423645756454207
178,2026-10-01,0,income_growth,0.0,0.1889683064862038,increases_stress_risk,0.1889683064862038
178,2026-10-01,0,average_balance_ratio,1.2254988702531646,0.16845319142215887,increases_stress_risk,0.16845319142215887
178,2026-10-01,0,historical_spending_std,399.2476143774829,-0.1634608475182904,decreases_stress_risk,0.1634608475182904
178,2026-10-01,0,recurring_spending,11011.77,-0.1538349400072184,decreases_stress_risk,0.1538349400072184
178,2026-10-01,0,expense_pressure,0.8127794999999999,0.14968401457415895,increases_stress_risk,0.14968401457415895
178,2026-10-01,0,savings_rate,0.1872205000000001,0.1358064851758536,increases_stress_risk,0.1358064851758536
178,2026-10-01,0,rolling_income_mean,20000.0,-0.07838945689727553,decreases_stress_risk,0.07838945689727553
178,2026-10-01,0,rolling_net_cash_flow,2924.3466666666664,0.0678502948989626,increases_stress_risk,0.0678502948989626
930,2026-11-01,0,minimum_balance_ratio,1.2351825856288754,-0.3567656858090777,decreases_stress_risk,0.3567656858090777
930,2026-11-01,0,rolling_average_balance,64515.41773274034,-0.3484994657896459,decreases_stress_risk,0.3484994657896459
930,2026-11-01,0,average_balance_ratio,1.7364490685231349,-0.3016661743493751,decreases_stress_risk,0.3016661743493751
930,2026-11-01,0,expense_pressure,0.9117742186871276,0.18883299485081806,increases_stress_risk,0.18883299485081806
930,2026-11-01,0,income_volatility,4199.92646157446,0.18708060180186295,increases_stress_risk,0.18708060180186295
930,2026-11-01,0,balance_growth,0.0484936707673566,0.14935602405894316,increases_stress_risk,0.14935602405894316
930,2026-11-01,0,recurring_spending,14316.71,-0.1262880913540721,decreases_stress_risk,0.1262880913540721
930,2026-11-01,0,state_changed,0.0,0.09377052330062724,increases_stress_risk,0.09377052330062724
930,2026-11-01,0,income_growth,-0.039883062498869,0.08854514779377495,increases_stress_risk,0.08854514779377495
930,2026-11-01,0,transaction_count_change,-11.0,-0.07100082098157146,decreases_stress_risk,0.07100082098157146
542,2026-11-01,0,minimum_balance_ratio,2.490138303316963,-0.3605077029817039,decreases_stress_risk,0.3605077029817039
542,2026-11-01,0,average_balance_ratio,2.755891987268155,-0.2782793565682368,decreases_stress_risk,0.2782793565682368
542,2026-11-01,0,rolling_average_balance,54088.58960335851,0.2708577825920656,increases_stress_risk,0.2708577825920656
542,2026-11-01,0,income_growth,0.0006121521108846,0.18885610604454997,increases_stress_risk,0.18885610604454997
542,2026-11-01,0,expense_pressure,0.877529151005127,0.1738212992530316,increases_stress_risk,0.1738212992530316
542,2026-11-01,0,balance_growth,0.0365247861577417,0.13698659632005727,increases_stress_risk,0.13698659632005727
542,2026-11-01,0,rolling_transaction_count,173.66666666666666,0.10362999222823419,increases_stress_risk,0.10362999222823419
542,2026-11-01,0,income_volatility,437.4846306252851,0.09964102976722643,increases_stress_risk,0.09964102976722643
542,2026-11-01,0,recurring_spending,8059.21,-0.09280249532908784,decreases_stress_risk,0.09280249532908784
542,2026-11-01,0,state_changed,1.0,-0.07302435453166253,decreases_stress_risk,0.07302435453166253
832,2026-10-01,0,minimum_balance_ratio,3.454940760089253,-0.3282672895950964,decreases_stress_risk,0.3282672895950964
832,2026-10-01,0,rolling_average_balance,366760.5527398618,-0.30146373313327784,decreases_stress_risk,0.30146373313327784
832,2026-10-01,0,average_balance_ratio,3.873485174236332,-0.24259891714784318,decreases_stress_risk,0.24259891714784318
832,2026-10-01,0,expense_pressure,0.7806647902450338,-0.2160870463680476,decreases_stress_risk,0.2160870463680476
832,2026-10-01,0,income_volatility,3791.369473053203,0.1848047508962918,increases_stress_risk,0.1848047508962918
832,2026-10-01,0,recurring_spending,51302.37,0.1683350843771768,increases_stress_risk,0.1683350843771768
832,2026-10-01,0,income_growth,-0.0694093983862177,0.12416608097904827,increases_stress_risk,0.12416608097904827
832,2026-10-01,0,rolling_spending_std,16695.2024813158,-0.0808496679351083,decreases_stress_risk,0.0808496679351083
832,2026-10-01,0,balance_growth,0.06342289325247,0.07988006282248535,increases_stress_risk,0.07988006282248535
832,2026-10-01,0,rolling_spending_min,25922.81,0.07821603637421504,increases_stress_risk,0.07821603637421504
929,2026-10-01,0,minimum_balance_ratio,6.465071325712714,-0.3120434562623268,decreases_stress_risk,0.3120434562623268
929,2026-10-01,0,rolling_average_balance,198175.15878776056,-0.2520763137936592,decreases_stress_risk,0.2520763137936592
929,2026-10-01,0,average_balance_ratio,6.713255492948233,-0.23820813802070917,decreases_stress_risk,0.23820813802070917
929,2026-10-01,0,expense_pressure,0.4325074111684922,-0.198559551887447,decreases_stress_risk,0.198559551887447
929,2026-10-01,0,income_volatility,6168.119995763167,0.1412226028245641,increases_stress_risk,0.1412226028245641
929,2026-10-01,0,income_growth,-0.2313210478791554,0.13585660360200563,increases_stress_risk,0.13585660360200563
929,2026-10-01,0,rolling_transaction_count,104.66666666666669,-0.10301585496752523,decreases_stress_risk,0.10301585496752523
929,2026-10-01,0,recurring_spending,800.0,-0.0858766416364233,decreases_stress_risk,0.0858766416364233
929,2026-10-01,0,rolling_net_cash_flow,22056.60666666667,-0.08083472874830477,decreases_stress_risk,0.08083472874830477
929,2026-10-01,0,historical_spending_std,2059.3503711695366,0.06564062953810207,increases_stress_risk,0.06564062953810207
284,2026-10-01,0,minimum_balance_ratio,3.006992341757172,-0.32413103582250186,decreases_stress_risk,0.32413103582250186
284,2026-10-01,0,rolling_average_balance,86943.83496770747,-0.2706195192039013,decreases_stress_risk,0.2706195192039013
284,2026-10-01,0,average_balance_ratio,3.5712004716174355,-0.23617343577672728,decreases_stress_risk,0.23617343577672728
284,2026-10-01,0,expense_pressure,0.7459020448109565,-0.19402117874938996,decreases_stress_risk,0.19402117874938996
284,2026-10-01,0,income_growth,-0.1854718682878599,0.19152336775674483,increases_stress_risk,0.19152336775674483
284,2026-10-01,0,income_volatility,3789.276562604004,0.16962419357703765,increases_stress_risk,0.16962419357703765
284,2026-10-01,0,recurring_spending,4114.48,-0.08264563068485586,decreases_stress_risk,0.08264563068485586
284,2026-10-01,0,balance_growth,0.0832249567937477,-0.07964270828815642,decreases_stress_risk,0.07964270828815642
284,2026-10-01,0,historical_spending_std,2003.65247536842,0.07321328717807774,increases_stress_risk,0.07321328717807774
284,2026-10-01,0,rolling_transaction_count,164.33333333333334,0.07256476488662883,increases_stress_risk,0.07256476488662883
385,2026-11-01,0,minimum_balance_ratio,3.8438737571168944,-0.31123763384181075,decreases_stress_risk,0.31123763384181075
385,2026-11-01,0,rolling_average_balance,197616.63827277216,-0.2541976679919753,decreases_stress_risk,0.2541976679919753
385,2026-11-01,0,average_balance_ratio,4.578957432405843,-0.22781606772914528,decreases_stress_risk,0.22781606772914528
385,2026-11-01,0,expense_pressure,0.6092409424047341,-0.20293400691240093,decreases_stress_risk,0.20293400691240093
385,2026-11-01,0,spending_baseline_ratio,0.6193682710003766,0.1474050611880375,increases_stress_risk,0.1474050611880375
385,2026-11-01,0,rolling_net_cash_flow,11181.05,-0.09778257677622605,decreases_stress_risk,0.09778257677622605
385,2026-11-01,0,income_growth,0.0528565927764705,-0.09677795818541199,decreases_stress_risk,0.09677795818541199
385,2026-11-01,0,state_changed,1.0,-0.05084747428074479,decreases_stress_risk,0.05084747428074479
385,2026-11-01,0,balance_growth,0.0948035998459375,-0.04855446896981448,decreases_stress_risk,0.04855446896981448
385,2026-11-01,0,rolling_savings_rate,0.2379585191185913,-0.04822247500836965,decreases_stress_risk,0.04822247500836965
708,2026-11-01,0,minimum_balance_ratio,2.229478696561603,-0.34486509784299413,decreases_stress_risk,0.34486509784299413
708,2026-11-01,0,rolling_average_balance,77731.67280326558,-0.24489355674246327,decreases_stress_risk,0.24489355674246327
708,2026-11-01,0,average_balance_ratio,2.602422472531096,-0.20900201114825903,decreases_stress_risk,0.20900201114825903
708,2026-11-01,0,expense_pressure,0.6828850291577516,-0.20244215435464866,decreases_stress_risk,0.20244215435464866
708,2026-11-01,0,spending_baseline_ratio,0.6298644695686264,0.19965988309006208,increases_stress_risk,0.19965988309006208
708,2026-11-01,0,category_shift,0.1219930196119063,0.13630379799578804,increases_stress_risk,0.13630379799578804
708,2026-11-01,0,income_growth,0.0429311910190317,-0.1024718289737939,decreases_stress_risk,0.1024718289737939
708,2026-11-01,0,rolling_net_cash_flow,8752.57333333333,-0.1009521478653187,decreases_stress_risk,0.1009521478653187
708,2026-11-01,0,recurring_spending,17466.92,0.09154472086200258,increases_stress_risk,0.09154472086200258
708,2026-11-01,0,rolling_transaction_count,59.66666666666666,-0.08908876193803734,decreases_stress_risk,0.08908876193803734
288,2026-11-01,0,minimum_balance_ratio,2.489116,-0.31643942318391055,decreases_stress_risk,0.31643942318391055
288,2026-11-01,0,average_balance_ratio,2.9545598020833337,-0.2976451330783311,decreases_stress_risk,0.2976451330783311
288,2026-11-01,0,transaction_count_change,-36.0,0.2737743645516457,increases_stress_risk,0.2737743645516457
288,2026-11-01,0,rolling_average_balance,56597.02341847529,-0.20388298417965417,decreases_stress_risk,0.20388298417965417
288,2026-11-01,0,balance_growth,0.0473094471230233,0.1455929729330819,increases_stress_risk,0.1455929729330819
288,2026-11-01,0,category_shift,0.1304877124060209,0.13142241416673642,increases_stress_risk,0.13142241416673642
288,2026-11-01,0,rolling_transaction_count,113.0,-0.10113656775036362,decreases_stress_risk,0.10113656775036362
288,2026-11-01,0,income_volatility,3746.349999790909,0.09928203153656795,increases_stress_risk,0.09928203153656795
288,2026-11-01,0,expense_pressure,0.8492584999999999,0.09053884472581558,increases_stress_risk,0.09053884472581558
288,2026-11-01,0,recurring_spending,2424.74,-0.08949132182984613,decreases_stress_risk,0.08949132182984613
411,2026-11-01,0,rolling_average_balance,301286.2807363244,-0.29479008418682495,decreases_stress_risk,0.29479008418682495
411,2026-11-01,0,minimum_balance_ratio,4.529892013580766,-0.29302835537760985,decreases_stress_risk,0.29302835537760985
411,2026-11-01,0,average_balance_ratio,5.073055000730691,-0.21950674086227082,decreases_stress_risk,0.21950674086227082
411,2026-11-01,0,expense_pressure,0.9734521684785514,0.1509093845472671,increases_stress_risk,0.1509093845472671
411,2026-11-01,0,spending_baseline_deviation,18695.749,-0.1271501114516286,decreases_stress_risk,0.1271501114516286
411,2026-11-01,0,income_growth,-0.0602393380874513,0.0965283348185767,increases_stress_risk,0.0965283348185767
411,2026-11-01,0,recurring_spending,11704.15,-0.08840111131372395,decreases_stress_risk,0.08840111131372395
411,2026-11-01,0,state_changed,1.0,-0.08104933164897375,decreases_stress_risk,0.08104933164897375
411,2026-11-01,0,balance_growth,0.004892368707132,0.07524322908866451,increases_stress_risk,0.07524322908866451
411,2026-11-01,0,essential_spending_ratio,0.8342549181288693,0.046592522856080905,increases_stress_risk,0.046592522856080905
476,2026-11-01,0,minimum_balance_ratio,1.1983166873025468,-0.3594993948604679,decreases_stress_risk,0.3594993948604679
476,2026-11-01,0,rolling_average_balance,151845.14499304054,-0.3042760226171231,decreases_stress_risk,0.3042760226171231
476,2026-11-01,0,average_balance_ratio,1.802733273857549,-0.2339105662924703,decreases_stress_risk,0.2339105662924703
476,2026-11-01,0,recurring_spending,71826.99,0.1655762354307808,increases_stress_risk,0.1655762354307808
476,2026-11-01,0,income_volatility,1430.0867017538765,-0.14797435257467442,decreases_stress_risk,0.14797435257467442
476,2026-11-01,0,expense_pressure,0.8708754276714709,0.1478650705970358,increases_stress_risk,0.1478650705970358
476,2026-11-01,0,income_growth,-0.0025010025523023,0.09752039789163973,increases_stress_risk,0.09752039789163973
476,2026-11-01,0,rolling_net_cash_flow,9199.22666666667,-0.08259644992649555,decreases_stress_risk,0.08259644992649555
476,2026-11-01,0,essential_spending_ratio,0.890539428568123,0.06925419190112735,increases_stress_risk,0.06925419190112735
476,2026-11-01,0,state_changed,1.0,-0.06893425976159051,decreases_stress_risk,0.06893425976159051
656,2026-10-01,0,minimum_balance_ratio,3.2097494980355217,-0.30339632922114107,decreases_stress_risk,0.30339632922114107
656,2026-10-01,0,rolling_average_balance,79172.40470718528,-0.26829100782168097,decreases_stress_risk,0.26829100782168097
656,2026-10-01,0,average_balance_ratio,3.4931173360676158,-0.2415533006656915,decreases_stress_risk,0.2415533006656915
656,2026-10-01,0,expense_pressure,0.6745290984470086,-0.20241864949581212,decreases_stress_risk,0.20241864949581212
656,2026-10-01,0,income_growth,-0.2718319468131281,0.19101004545780598,increases_stress_risk,0.19101004545780598
656,2026-10-01,0,rolling_transaction_count,120.66666666666669,-0.143725257870974,decreases_stress_risk,0.143725257870974
656,2026-10-01,0,income_volatility,6774.208269672556,0.140232335429464,increases_stress_risk,0.140232335429464
656,2026-10-01,0,rolling_net_cash_flow,8893.516666666668,-0.07426084638340398,decreases_stress_risk,0.07426084638340398
656,2026-10-01,0,recurring_spending,7260.08,-0.07303941321530147,decreases_stress_risk,0.07303941321530147
656,2026-10-01,0,balance_growth,0.0841383349937672,-0.0557901225463138,decreases_stress_risk,0.0557901225463138
823,2026-10-01,0,minimum_balance_ratio,1.9764278191720028,-0.3622540434158873,decreases_stress_risk,0.3622540434158873
823,2026-10-01,0,average_balance_ratio,2.305688846130582,-0.24611270200810395,decreases_stress_risk,0.24611270200810395
823,2026-10-01,0,rolling_average_balance,60351.47509946005,-0.23204162247944624,decreases_stress_risk,0.23204162247944624
823,2026-10-01,0,income_volatility,1242.6147324626968,-0.21426781137473883,decreases_stress_risk,0.21426781137473883
823,2026-10-01,0,recurring_spending,14114.09,-0.13052265333244578,decreases_stress_risk,0.13052265333244578
823,2026-10-01,0,balance_growth,0.0501626530032901,0.12868738594232126,increases_stress_risk,0.12868738594232126
823,2026-10-01,0,income_growth,-0.0677548748858064,0.08717754776618676,increases_stress_risk,0.08717754776618676
823,2026-10-01,0,savings_rate,0.1392004015521425,-0.08139935546321794,decreases_stress_risk,0.08139935546321794
823,2026-10-01,0,historical_spending_std,753.4412713583656,-0.056016772757284346,decreases_stress_risk,0.056016772757284346
823,2026-10-01,0,rolling_transaction_count,164.0,0.05057304137968458,increases_stress_risk,0.05057304137968458
485,2026-11-01,0,minimum_balance_ratio,5.3443295564174464,-0.38968572837475224,decreases_stress_risk,0.38968572837475224
485,2026-11-01,0,average_balance_ratio,5.575497854842622,-0.3305477283708751,decreases_stress_risk,0.3305477283708751
485,2026-11-01,0,rolling_average_balance,183491.84503926724,-0.31965352531464303,decreases_stress_risk,0.31965352531464303
485,2026-11-01,0,income_growth,-0.4145098685221198,0.17297848376532785,increases_stress_risk,0.17297848376532785
485,2026-11-01,0,income_volatility,12442.08512563844,0.12337290129449684,increases_stress_risk,0.12337290129449684
485,2026-11-01,0,median_transaction,65.825,0.12226524387602694,increases_stress_risk,0.12226524387602694
485,2026-11-01,0,expense_pressure,0.856246142096553,0.12059680538251996,increases_stress_risk,0.12059680538251996
485,2026-11-01,0,rolling_transaction_count,109.66666666666669,-0.1047327119752299,decreases_stress_risk,0.1047327119752299
485,2026-11-01,0,rolling_net_cash_flow,12236.416666666664,-0.1042086524493061,decreases_stress_risk,0.1042086524493061
485,2026-11-01,0,balance_growth,0.0276419124029909,0.09561152301554103,increases_stress_risk,0.09561152301554103
863,2026-11-01,0,minimum_balance_ratio,3.13579828295316,-0.32309504715696674,decreases_stress_risk,0.32309504715696674
863,2026-11-01,0,rolling_average_balance,225555.2569857978,-0.26963509678957054,decreases_stress_risk,0.26963509678957054
863,2026-11-01,0,average_balance_ratio,3.426545570270364,-0.22167273029335774,decreases_stress_risk,0.22167273029335774
863,2026-11-01,0,expense_pressure,0.7382631775720467,-0.20086706162197515,decreases_stress_risk,0.20086706162197515
863,2026-11-01,0,income_growth,-0.1062939120214884,0.16173495778319194,increases_stress_risk,0.16173495778319194
863,2026-11-01,0,rolling_transaction_count,122.33333333333331,-0.15919860093301394,decreases_stress_risk,0.15919860093301394
863,2026-11-01,0,historical_spending_mean,45146.469,0.10363106449571205,increases_stress_risk,0.10363106449571205
863,2026-11-01,0,recurring_spending,18683.960000000003,0.0787055586455972,increases_stress_risk,0.0787055586455972
863,2026-11-01,0,rolling_spending_min,30150.77,0.07856551053468137,increases_stress_risk,0.07856551053468137
863,2026-11-01,0,balance_growth,0.0678048476753667,0.0725500000102329,increases_stress_risk,0.0725500000102329
103,2026-11-01,0,minimum_balance_ratio,2.404243385948345,-0.288822641010629,decreases_stress_risk,0.288822641010629
103,2026-11-01,0,rolling_average_balance,203427.562253893,-0.2179718584829243,decreases_stress_risk,0.2179718584829243
103,2026-11-01,0,expense_pressure,0.6566560353713822,-0.21433156530139968,decreases_stress_risk,0.21433156530139968
103,2026-11-01,0,average_balance_ratio,3.015565511602919,-0.21093021257780492,decreases_stress_risk,0.21093021257780492
103,2026-11-01,0,income_volatility,10658.152749939043,0.1513589163981669,increases_stress_risk,0.1513589163981669
103,2026-11-01,0,income_growth,0.2368378176845835,-0.12250168634491274,decreases_stress_risk,0.12250168634491274
103,2026-11-01,0,balance_growth,0.141358039034166,-0.07802787655789871,decreases_stress_risk,0.07802787655789871
103,2026-11-01,0,recurring_spending,8739.39,-0.07079362155869603,decreases_stress_risk,0.07079362155869603
103,2026-11-01,0,rolling_spending_min,33117.700000000004,0.06641302115749567,increases_stress_risk,0.06641302115749567
103,2026-11-01,0,rolling_transaction_count,127.66666666666669,0.06252303419751115,increases_stress_risk,0.06252303419751115
119,2026-11-01,0,minimum_balance_ratio,4.491832962690835,-0.3136806159236585,decreases_stress_risk,0.3136806159236585
119,2026-11-01,0,rolling_average_balance,309216.5519435953,-0.24784089686756489,decreases_stress_risk,0.24784089686756489
119,2026-11-01,0,expense_pressure,0.7287755368899785,-0.23581035635143052,decreases_stress_risk,0.23581035635143052
119,2026-11-01,0,average_balance_ratio,5.033718206635107,-0.2343074991100002,decreases_stress_risk,0.2343074991100002
119,2026-11-01,0,income_volatility,6091.449290360496,0.18982050832128153,increases_stress_risk,0.18982050832128153
119,2026-11-01,0,income_growth,0.1466537927853533,-0.15972388265421614,decreases_stress_risk,0.15972388265421614
119,2026-11-01,0,rolling_transaction_count,132.66666666666666,0.09615606085339096,increases_stress_risk,0.09615606085339096
119,2026-11-01,0,recurring_spending,8564.35,-0.07974531328305602,decreases_stress_risk,0.07974531328305602
119,2026-11-01,0,balance_growth,0.0593420990538469,0.0715855566249229,increases_stress_risk,0.0715855566249229
119,2026-11-01,0,spending_baseline_deviation,4184.665999999997,-0.06541495436744299,decreases_stress_risk,0.06541495436744299
81,2026-10-01,0,minimum_balance_ratio,2.8223025,-0.40936020108871163,decreases_stress_risk,0.40936020108871163
81,2026-10-01,0,rolling_average_balance,67782.93391760623,-0.2719324382964987,decreases_stress_risk,0.2719324382964987
81,2026-10-01,0,average_balance_ratio,3.5040174023437505,-0.26582285393029453,decreases_stress_risk,0.26582285393029453
81,2026-10-01,0,expense_pressure,0.8851209999999999,0.16164896602043882,increases_stress_risk,0.16164896602043882
81,2026-10-01,0,balance_growth,0.0347167101762579,0.13356703346886206,increases_stress_risk,0.13356703346886206
81,2026-10-01,0,recurring_spending,12537.8,-0.1268380104280368,decreases_stress_risk,0.1268380104280368
81,2026-10-01,0,income_growth,-0.0135435537783994,0.11065700222126906,increases_stress_risk,0.11065700222126906
81,2026-10-01,0,state_changed,0.0,0.07728014580090531,increases_stress_risk,0.07728014580090531
81,2026-10-01,0,rolling_net_cash_flow,2525.226666666667,0.07323811572277919,increases_stress_risk,0.07323811572277919
81,2026-10-01,0,historical_spending_std,1099.8479021210155,-0.07141352031321731,decreases_stress_risk,0.07141352031321731
902,2026-11-01,0,minimum_balance_ratio,0.9616772985025192,-0.3645047752402024,decreases_stress_risk,0.3645047752402024
902,2026-11-01,0,rolling_average_balance,53878.1735299227,0.26480807749321683,increases_stress_risk,0.26480807749321683
902,2026-11-01,0,income_volatility,1356.3535457615742,-0.26199461314361544,decreases_stress_risk,0.26199461314361544
902,2026-11-01,0,average_balance_ratio,1.278528395193805,-0.2521712041622959,decreases_stress_risk,0.2521712041622959
902,2026-11-01,0,expense_pressure,0.8844321546408758,0.1694896829681238,increases_stress_risk,0.1694896829681238
902,2026-11-01,0,recurring_spending,27788.05,0.12785841999357217,increases_stress_risk,0.12785841999357217
902,2026-11-01,0,income_growth,0.0433899858294966,-0.11469978090433869,decreases_stress_risk,0.11469978090433869
902,2026-11-01,0,balance_growth,0.0642635318968301,0.10378330854699015,increases_stress_risk,0.10378330854699015
902,2026-11-01,0,state_changed,1.0,-0.09776807688176632,decreases_stress_risk,0.09776807688176632
902,2026-11-01,0,rolling_transaction_count,139.33333333333334,0.09535328714642674,increases_stress_risk,0.09535328714642674
474,2026-11-01,0,minimum_balance_ratio,1.4687114851614442,-0.47696651545586066,decreases_stress_risk,0.47696651545586066
474,2026-11-01,0,average_balance_ratio,2.1869865141058606,-0.34229370365850625,decreases_stress_risk,0.34229370365850625
474,2026-11-01,0,rolling_average_balance,46529.25346770147,0.3225360415049363,increases_stress_risk,0.3225360415049363
474,2026-11-01,0,spending_baseline_ratio,0.7067565730170161,0.24115281882346606,increases_stress_risk,0.24115281882346606
474,2026-11-01,0,expense_pressure,0.9400090510574204,0.21324586152099073,increases_stress_risk,0.21324586152099073
474,2026-11-01,0,essential_spending,2862.5999999999995,-0.1390872761083301,decreases_stress_risk,0.1390872761083301
474,2026-11-01,0,recurring_spending,17366.47,0.12659193790110293,increases_stress_risk,0.12659193790110293
474,2026-11-01,0,balance_growth,0.0305552695019082,0.12203807296755258,increases_stress_risk,0.12203807296755258
474,2026-11-01,0,rolling_net_cash_flow,2373.733333333332,0.09791940983268432,increases_stress_risk,0.09791940983268432
474,2026-11-01,0,category_shift,0.0445360351263883,0.09274169129392248,increases_stress_risk,0.09274169129392248
775,2026-10-01,0,minimum_balance_ratio,2.415653909813696,-0.3356308997661108,decreases_stress_risk,0.3356308997661108
775,2026-10-01,0,rolling_average_balance,229728.16902590956,-0.2965982926741708,decreases_stress_risk,0.2965982926741708
775,2026-10-01,0,expense_pressure,0.7042612880661274,-0.2183575242292136,decreases_stress_risk,0.2183575242292136
775,2026-10-01,0,average_balance_ratio,3.113767135825609,-0.2041713095153682,decreases_stress_risk,0.2041713095153682
775,2026-10-01,0,income_growth,-0.0094438594419564,0.14276242283798637,increases_stress_risk,0.14276242283798637
775,2026-10-01,0,income_volatility,4234.74034723894,0.14166547960921888,increases_stress_risk,0.14166547960921888
775,2026-10-01,0,recurring_spending,27446.39,0.10058434674429009,increases_stress_risk,0.10058434674429009
775,2026-10-01,0,spending_baseline_ratio,0.7270062913645833,0.07046469968452584,increases_stress_risk,0.07046469968452584
775,2026-10-01,0,rolling_transaction_count,130.66666666666666,0.07009257645113394,increases_stress_risk,0.07009257645113394
775,2026-10-01,0,median_transaction,192.96,-0.06870666487957351,decreases_stress_risk,0.06870666487957351
107,2026-11-01,0,discretionary_pressure,0.4380607219486165,0.3353053017007187,increases_stress_risk,0.3353053017007187
107,2026-11-01,0,minimum_balance_ratio,1.4342716219571396,-0.3147343694133451,decreases_stress_risk,0.3147343694133451
107,2026-11-01,0,average_balance_ratio,1.930736905948764,-0.23969586053601233,decreases_stress_risk,0.23969586053601233
107,2026-11-01,0,rolling_average_balance,47068.04628455109,0.22913244968629443,increases_stress_risk,0.22913244968629443
107,2026-11-01,0,expense_pressure,1.0600015564029304,0.1849776509264484,increases_stress_risk,0.1849776509264484
107,2026-11-01,0,spending_baseline_deviation,7044.408999999998,-0.1558875471362262,decreases_stress_risk,0.1558875471362262
107,2026-11-01,0,recurring_spending,11899.43,-0.14370039645873475,decreases_stress_risk,0.14370039645873475
107,2026-11-01,0,income_growth,0.037435692004395,-0.13755562770500546,decreases_stress_risk,0.13755562770500546
107,2026-11-01,0,balance_growth,-0.024476653484744,0.09713472090865252,increases_stress_risk,0.09713472090865252
107,2026-11-01,0,savings_rate_change,-0.2892713343553316,-0.08559044580440968,decreases_stress_risk,0.08559044580440968
332,2026-10-01,0,minimum_balance_ratio,1.1230967943892494,-0.36231322330859256,decreases_stress_risk,0.36231322330859256
332,2026-10-01,0,rolling_average_balance,90847.44934671892,-0.27766696700360627,decreases_stress_risk,0.27766696700360627
332,2026-10-01,0,average_balance_ratio,1.5007618916764127,-0.2677272922126576,decreases_stress_risk,0.2677272922126576
332,2026-10-01,0,income_volatility,7359.193433551897,0.1856156144666602,increases_stress_risk,0.1856156144666602
332,2026-10-01,0,rolling_transaction_count,214.0,0.17429709600895876,increases_stress_risk,0.17429709600895876
332,2026-10-01,0,recurring_spending,36777.65,0.1290340202022344,increases_stress_risk,0.1290340202022344
332,2026-10-01,0,income_growth,0.1791906437452299,-0.11301160621864255,decreases_stress_risk,0.11301160621864255
332,2026-10-01,0,rolling_net_cash_flow,8897.456666666667,-0.09722870684578083,decreases_stress_risk,0.09722870684578083
332,2026-10-01,0,spending_baseline_deviation,5695.520000000002,-0.08707244814053411,decreases_stress_risk,0.08707244814053411
332,2026-10-01,0,median_transaction,67.48,0.08217308164865245,increases_stress_risk,0.08217308164865245
78,2026-10-01,0,minimum_balance_ratio,4.198854129469802,-0.4187861268845154,decreases_stress_risk,0.4187861268845154
78,2026-10-01,0,rolling_average_balance,149603.40960204008,-0.31704487128066833,decreases_stress_risk,0.31704487128066833
78,2026-10-01,0,average_balance_ratio,4.478624902684147,-0.30422999946633356,decreases_stress_risk,0.30422999946633356
78,2026-10-01,0,income_volatility,5836.6936292048085,0.21691438480629585,increases_stress_risk,0.21691438480629585
78,2026-10-01,0,spending_baseline_deviation,-2675.923333333334,0.11550471875991207,increases_stress_risk,0.11550471875991207
78,2026-10-01,0,balance_growth,0.0353827062771578,0.1109040861664107,increases_stress_risk,0.1109040861664107
78,2026-10-01,0,rolling_net_cash_flow,8518.02333333333,-0.10916204676963388,decreases_stress_risk,0.10916204676963388
78,2026-10-01,0,income_growth,-0.0673005436988971,0.10851395483856323,increases_stress_risk,0.10851395483856323
78,2026-10-01,0,median_transaction,55.540000000000006,0.10704114452237264,increases_stress_risk,0.10704114452237264
78,2026-10-01,0,recurring_spending,19373.18,0.10405532128410414,increases_stress_risk,0.10405532128410414
126,2026-11-01,0,minimum_balance_ratio,1.8651533039199104,-0.31316300181584666,decreases_stress_risk,0.31316300181584666
126,2026-11-01,0,rolling_average_balance,65862.43587746892,-0.23477437021618244,decreases_stress_risk,0.23477437021618244
126,2026-11-01,0,average_balance_ratio,2.294523202681076,-0.2210635594674386,decreases_stress_risk,0.2210635594674386
126,2026-11-01,0,expense_pressure,0.7123048706198002,-0.20861437356623355,decreases_stress_risk,0.20861437356623355
126,2026-11-01,0,income_volatility,6433.549456220358,0.15258466558443615,increases_stress_risk,0.15258466558443615
126,2026-11-01,0,income_growth,0.463805005143588,-0.1332076286332449,decreases_stress_risk,0.1332076286332449
126,2026-11-01,0,recurring_spending,8660.21,-0.11718925289984326,decreases_stress_risk,0.11718925289984326
126,2026-11-01,0,rolling_transaction_count,93.66666666666669,-0.10874175545905018,decreases_stress_risk,0.10874175545905018
126,2026-11-01,0,balance_growth,0.1146208998966387,-0.07614301104214974,decreases_stress_risk,0.07614301104214974
126,2026-11-01,0,rolling_net_cash_flow,5245.376666666664,0.05265350247034803,increases_stress_risk,0.05265350247034803
600,2026-11-01,0,minimum_balance_ratio,2.303337147660084,-0.31083283195330297,decreases_stress_risk,0.31083283195330297
600,2026-11-01,0,rolling_average_balance,104931.67905125124,-0.250239171544672,decreases_stress_risk,0.250239171544672
600,2026-11-01,0,average_balance_ratio,2.5510282248658496,-0.2365006310911849,decreases_stress_risk,0.2365006310911849
600,2026-11-01,0,expense_pressure,0.6627068662160152,-0.21872067645424978,decreases_stress_risk,0.21872067645424978
600,2026-11-01,0,income_growth,0.1846033935225832,-0.09854251651733648,decreases_stress_risk,0.09854251651733648
600,2026-11-01,0,rolling_net_cash_flow,7145.916666666667,-0.07422238162485882,decreases_stress_risk,0.07422238162485882
600,2026-11-01,0,recurring_spending,15167.8,-0.07139657551189885,decreases_stress_risk,0.07139657551189885
600,2026-11-01,0,median_transaction,74.595,0.06804923095740378,increases_stress_risk,0.06804923095740378
600,2026-11-01,0,balance_growth,0.1140638294879292,-0.05209191825822927,decreases_stress_risk,0.05209191825822927
600,2026-11-01,0,historical_spending_mean,14475.692,-0.05207063493842725,decreases_stress_risk,0.05207063493842725
689,2026-11-01,0,minimum_balance_ratio,2.40258986371354,-0.3462391356000444,decreases_stress_risk,0.3462391356000444
689,2026-11-01,0,average_balance_ratio,3.0245567959900463,-0.26209319558693095,decreases_stress_risk,0.26209319558693095
689,2026-11-01,0,rolling_average_balance,93261.49734444443,-0.2569481092412025,decreases_stress_risk,0.2569481092412025
689,2026-11-01,0,rolling_transaction_count,87.66666666666667,-0.1260153108520899,decreases_stress_risk,0.1260153108520899
689,2026-11-01,0,expense_pressure,0.8170699417553675,0.12485486588208004,increases_stress_risk,0.12485486588208004
689,2026-11-01,0,income_growth,0.0408191321326802,-0.11490565958141814,decreases_stress_risk,0.11490565958141814
689,2026-11-01,0,recurring_spending,10799.69,-0.10167648117436329,decreases_stress_risk,0.10167648117436329
689,2026-11-01,0,balance_growth,0.0685555435267095,0.09839987516636028,increases_stress_risk,0.09839987516636028
689,2026-11-01,0,savings_rate,0.1829300582446324,0.07927364487783052,increases_stress_risk,0.07927364487783052
689,2026-11-01,0,rolling_net_cash_flow,6597.323333333335,-0.06941716040077153,decreases_stress_risk,0.06941716040077153
821,2026-11-01,0,minimum_balance_ratio,2.765838827157573,-0.3299852736474713,decreases_stress_risk,0.3299852736474713
821,2026-11-01,0,rolling_average_balance,121794.41865651698,-0.299559229699662,decreases_stress_risk,0.299559229699662
821,2026-11-01,0,average_balance_ratio,3.463898993289439,-0.23257690256403293,decreases_stress_risk,0.23257690256403293
821,2026-11-01,0,income_volatility,4992.147239829103,0.20972813752683578,increases_stress_risk,0.20972813752683578
821,2026-11-01,0,income_growth,-0.1758263773852806,0.17306775053672027,increases_stress_risk,0.17306775053672027
821,2026-11-01,0,expense_pressure,0.805694000107674,0.14548052179976367,increases_stress_risk,0.14548052179976367
821,2026-11-01,0,rolling_transaction_count,122.33333333333331,-0.14351912535435984,decreases_stress_risk,0.14351912535435984
821,2026-11-01,0,recurring_spending,11254.02,-0.11002206307661254,decreases_stress_risk,0.11002206307661254
821,2026-11-01,0,balance_growth,0.0632553548175454,0.0929408316646004,increases_stress_risk,0.0929408316646004
821,2026-11-01,0,spending_growth,-0.3098570445202278,-0.058820608617388644,decreases_stress_risk,0.058820608617388644
738,2026-11-01,0,rolling_average_balance,25701.420750789297,0.5114682642207481,increases_stress_risk,0.5114682642207481
738,2026-11-01,0,minimum_balance_ratio,0.870483179726805,-0.4952862333599478,decreases_stress_risk,0.4952862333599478
738,2026-11-01,0,average_balance_ratio,1.1512850079806984,0.272780655764509,increases_stress_risk,0.272780655764509
738,2026-11-01,0,recurring_spending,17623.91,0.24051214760242146,increases_stress_risk,0.24051214760242146
738,2026-11-01,0,expense_pressure,0.9334777355550704,0.20260901805944742,increases_stress_risk,0.20260901805944742
738,2026-11-01,0,rolling_spending_min,3810.73,0.14284013592172415,increases_stress_risk,0.14284013592172415
738,2026-11-01,0,essential_spending,1782.23,-0.1217924163857242,decreases_stress_risk,0.1217924163857242
738,2026-11-01,0,balance_growth,0.0371472627329119,0.11949542107409798,increases_stress_risk,0.11949542107409798
738,2026-11-01,0,rolling_savings_rate,0.0730795605626165,0.10812489479692886,increases_stress_risk,0.10812489479692886
738,2026-11-01,0,state_changed,0.0,0.10709583498421126,increases_stress_risk,0.10709583498421126
494,2026-10-01,0,rolling_average_balance,31788.0002690014,0.6878574412944727,increases_stress_risk,0.6878574412944727
494,2026-10-01,0,minimum_balance_ratio,0.9949144425346956,-0.4421105906146113,decreases_stress_risk,0.4421105906146113
494,2026-10-01,0,average_balance_ratio,1.6376819858874394,-0.37429817202501,decreases_stress_risk,0.37429817202501
494,2026-10-01,0,income_growth,0.0033315,0.36108068159082907,increases_stress_risk,0.36108068159082907
494,2026-10-01,0,expense_pressure,0.9196197866806732,0.2099686739721801,increases_stress_risk,0.2099686739721801
494,2026-10-01,0,rolling_transaction_count,206.66666666666663,0.19731527916970662,increases_stress_risk,0.19731527916970662
494,2026-10-01,0,state_changed,0.0,0.11458753270097077,increases_stress_risk,0.11458753270097077
494,2026-10-01,0,recurring_spending,7997.599999999999,-0.10645344430595287,decreases_stress_risk,0.10645344430595287
494,2026-10-01,0,essential_spending,3180.24,-0.09570941539772321,decreases_stress_risk,0.09570941539772321
494,2026-10-01,0,balance_growth,0.0628414140253201,0.09228062450070866,increases_stress_risk,0.09228062450070866
118,2026-11-01,0,minimum_balance_ratio,3.830452334928808,-0.306878342370328,decreases_stress_risk,0.306878342370328
118,2026-11-01,0,rolling_average_balance,335756.78750040726,-0.27229382856516166,decreases_stress_risk,0.27229382856516166
118,2026-11-01,0,average_balance_ratio,4.425668675060804,-0.215830080533633,decreases_stress_risk,0.215830080533633
118,2026-11-01,0,income_volatility,5596.273112995186,0.1901554255571682,increases_stress_risk,0.1901554255571682
118,2026-11-01,0,spending_baseline_deviation,11290.735999999995,-0.15000905478926144,decreases_stress_risk,0.15000905478926144
118,2026-11-01,0,income_growth,0.1153946598510038,-0.14370175441203173,decreases_stress_risk,0.14370175441203173
118,2026-11-01,0,historical_spending_mean,47643.624,0.09947581058106153,increases_stress_risk,0.09947581058106153
118,2026-11-01,0,rolling_transaction_count,132.0,0.08760625514318235,increases_stress_risk,0.08760625514318235
118,2026-11-01,0,recurring_spending,5263.32,-0.0848922205978306,decreases_stress_risk,0.0848922205978306
118,2026-11-01,0,balance_growth,0.0546968203421891,0.06419755571580027,increases_stress_risk,0.06419755571580027
792,2026-11-01,0,minimum_balance_ratio,2.9977339621248604,-0.3471486658527283,decreases_stress_risk,0.3471486658527283
792,2026-11-01,0,rolling_average_balance,723728.4098404241,-0.2875411538005574,decreases_stress_risk,0.2875411538005574
792,2026-11-01,0,expense_pressure,0.717123192348498,-0.22596446506679058,decreases_stress_risk,0.22596446506679058
792,2026-11-01,0,average_balance_ratio,3.259448579380234,-0.22023310087737627,decreases_stress_risk,0.22023310087737627
792,2026-11-01,0,income_growth,-0.0639961695532715,0.15056673778570256,increases_stress_risk,0.15056673778570256
792,2026-11-01,0,recurring_spending,62799.82000000001,0.13021839574270416,increases_stress_risk,0.13021839574270416
792,2026-11-01,0,rolling_transaction_count,97.0,-0.12048718378995545,decreases_stress_risk,0.12048718378995545
792,2026-11-01,0,category_shift,0.1261255753421116,0.12032186631928198,increases_stress_risk,0.12032186631928198
792,2026-11-01,0,historical_spending_mean,118637.551,0.10322182766714832,increases_stress_risk,0.10322182766714832
792,2026-11-01,0,rolling_spending_min,111468.33,0.08189840389881282,increases_stress_risk,0.08189840389881282
304,2026-10-01,0,minimum_balance_ratio,4.419519380413932,-0.32809680748207026,decreases_stress_risk,0.32809680748207026
304,2026-10-01,0,rolling_average_balance,278378.0952107326,-0.2883446239551995,decreases_stress_risk,0.2883446239551995
304,2026-10-01,0,average_balance_ratio,4.6103698011325225,-0.2339320924296044,decreases_stress_risk,0.2339320924296044
304,2026-10-01,0,expense_pressure,0.7577259646499386,-0.19236611168656964,decreases_stress_risk,0.19236611168656964
304,2026-10-01,0,income_volatility,1234.2117464330352,-0.12499482851242646,decreases_stress_risk,0.12499482851242646
304,2026-10-01,0,balance_growth,0.0579985170457726,0.12383151605550666,increases_stress_risk,0.12383151605550666
304,2026-10-01,0,recurring_spending,30280.69,0.0929759399802424,increases_stress_risk,0.0929759399802424
304,2026-10-01,0,income_growth,-0.0317349036205324,0.08292377748264698,increases_stress_risk,0.08292377748264698
304,2026-10-01,0,category_shift,0.0967550971470463,0.06566929679567693,increases_stress_risk,0.06566929679567693
304,2026-10-01,0,rolling_net_cash_flow,16202.706666666669,-0.06199678621895146,decreases_stress_risk,0.06199678621895146
586,2026-10-01,0,transaction_count_change,-50.0,0.40658787388267226,increases_stress_risk,0.40658787388267226
586,2026-10-01,0,rolling_average_balance,31502.96717153568,0.38427860608149783,increases_stress_risk,0.38427860608149783
586,2026-10-01,0,minimum_balance_ratio,0.8390071895473331,-0.3377315279148752,decreases_stress_risk,0.3377315279148752
586,2026-10-01,0,average_balance_ratio,1.2605065658345866,-0.2668198266485706,decreases_stress_risk,0.2668198266485706
586,2026-10-01,0,income_volatility,1062.14357340867,-0.21695533580641496,decreases_stress_risk,0.21695533580641496
586,2026-10-01,0,recurring_spending,11363.28,-0.16555418425065,decreases_stress_risk,0.16555418425065
586,2026-10-01,0,expense_pressure,0.8135692504025107,0.13003027915023269,increases_stress_risk,0.13003027915023269
586,2026-10-01,0,savings_rate,0.1864307495974893,0.10584303893789183,increases_stress_risk,0.10584303893789183
586,2026-10-01,0,income_growth,0.0763144381969083,-0.08088455998979044,decreases_stress_risk,0.08088455998979044
586,2026-10-01,0,balance_growth,0.1181289821362878,-0.06704932290129363,decreases_stress_risk,0.06704932290129363
948,2026-11-01,0,average_balance_ratio,0.900891323478825,0.5794745590700768,increases_stress_risk,0.5794745590700768
948,2026-11-01,0,rolling_average_balance,24137.262936472296,0.569832516941824,increases_stress_risk,0.569832516941824
948,2026-11-01,0,minimum_balance_ratio,0.7616918598793221,-0.4431364272115752,decreases_stress_risk,0.4431364272115752
948,2026-11-01,0,income_volatility,1323.4184951984469,-0.30838063795061316,decreases_stress_risk,0.30838063795061316
948,2026-11-01,0,expense_pressure,0.960767688445312,0.19121763004455716,increases_stress_risk,0.19121763004455716
948,2026-11-01,0,historical_spending_std,398.3794540384833,-0.16636852404844832,decreases_stress_risk,0.16636852404844832
948,2026-11-01,0,rolling_transaction_count,108.66666666666669,-0.15400152957648972,decreases_stress_risk,0.15400152957648972
948,2026-11-01,0,balance_growth,0.0228046080993746,0.1324954045168124,increases_stress_risk,0.1324954045168124
948,2026-11-01,0,essential_spending,1512.85,-0.09927817725460045,decreases_stress_risk,0.09927817725460045
948,2026-11-01,0,rolling_spending_min,2116.5200000000004,0.09841791765531525,increases_stress_risk,0.09841791765531525
713,2026-10-01,0,minimum_balance_ratio,8.089177979187001,-0.3188494842045475,decreases_stress_risk,0.3188494842045475
713,2026-10-01,0,transaction_count_change,-40.0,0.28648631411968384,increases_stress_risk,0.28648631411968384
713,2026-10-01,0,average_balance_ratio,8.721704068143575,-0.22893581756507048,decreases_stress_risk,0.22893581756507048
713,2026-10-01,0,rolling_average_balance,312201.4729170322,-0.20423481988196726,decreases_stress_risk,0.20423481988196726
713,2026-10-01,0,expense_pressure,0.5859360303303638,-0.19558334298199043,decreases_stress_risk,0.19558334298199043
713,2026-10-01,0,spending_baseline_ratio,0.4945872219169097,0.08868129893613513,increases_stress_risk,0.08868129893613513
713,2026-10-01,0,income_growth,-0.4599294553251793,0.08233562984532909,increases_stress_risk,0.08233562984532909
713,2026-10-01,0,income_volatility,17439.88312174521,0.08121657156967559,increases_stress_risk,0.08121657156967559
713,2026-10-01,0,balance_growth,0.0508473522119097,0.07720290069817565,increases_stress_risk,0.07720290069817565
713,2026-10-01,0,recurring_spending,4652.07,-0.0730537231566268,decreases_stress_risk,0.0730537231566268
413,2026-10-01,0,minimum_balance_ratio,2.060611781898189,-0.3390503278409597,decreases_stress_risk,0.3390503278409597
413,2026-10-01,0,rolling_average_balance,271989.8577648168,-0.27258572343853305,decreases_stress_risk,0.27258572343853305
413,2026-10-01,0,average_balance_ratio,2.569083844745434,-0.2283400920697022,decreases_stress_risk,0.2283400920697022
413,2026-10-01,0,expense_pressure,0.7798586774749929,-0.21498903894564136,decreases_stress_risk,0.21498903894564136
413,2026-10-01,0,recurring_spending,61947.48,0.13492026262625587,increases_stress_risk,0.13492026262625587
413,2026-10-01,0,income_growth,-0.286121812108662,0.11384973379899747,increases_stress_risk,0.11384973379899747
413,2026-10-01,0,rolling_transaction_count,125.33333333333331,-0.1053214116327581,decreases_stress_risk,0.1053214116327581
413,2026-10-01,0,median_transaction,189.0,-0.08225360624754102,decreases_stress_risk,0.08225360624754102
413,2026-10-01,0,spending_baseline_ratio,0.6973390078036538,0.08029676520382054,increases_stress_risk,0.08029676520382054
413,2026-10-01,0,rolling_spending_min,29585.5,0.07799703853204847,increases_stress_risk,0.07799703853204847
17,2026-11-01,0,minimum_balance_ratio,5.795369222866198,-0.32279789448773955,decreases_stress_risk,0.32279789448773955
17,2026-11-01,0,rolling_average_balance,543657.2920293324,-0.25042032995144836,decreases_stress_risk,0.25042032995144836
17,2026-11-01,0,average_balance_ratio,5.961883286755688,-0.2221170669561252,decreases_stress_risk,0.2221170669561252
17,2026-11-01,0,expense_pressure,0.6202623194536175,-0.2153539721458219,decreases_stress_risk,0.2153539721458219
17,2026-11-01,0,balance_growth,0.0701188176446212,0.11517022625805112,increases_stress_risk,0.11517022625805112
17,2026-11-01,0,income_growth,0.0482149788984178,-0.11417807528341654,decreases_stress_risk,0.11417807528341654
17,2026-11-01,0,recurring_spending,43368.73,0.10249980420630891,increases_stress_risk,0.10249980420630891
17,2026-11-01,0,rolling_transaction_count,98.33333333333331,-0.09500273148558336,decreases_stress_risk,0.09500273148558336
17,2026-11-01,0,rolling_net_cash_flow,34511.12333333333,-0.07752162949589547,decreases_stress_risk,0.07752162949589547
17,2026-11-01,0,category_shift,0.1333528071101025,0.07137177562108263,increases_stress_risk,0.07137177562108263
891,2026-11-01,0,minimum_balance_ratio,-0.2758306676044225,5.1168977775753595,increases_stress_risk,5.1168977775753595
891,2026-11-01,0,average_balance_ratio,0.0691924024426164,1.655704236252932,increases_stress_risk,1.655704236252932
891,2026-11-01,0,rolling_average_balance,5214.483750522521,0.8353346263198183,increases_stress_risk,0.8353346263198183
891,2026-11-01,0,expense_pressure,0.8680375580599387,0.5583653854968724,increases_stress_risk,0.5583653854968724
891,2026-11-01,0,rolling_savings_rate,-0.0700870501176599,0.5351178031793097,increases_stress_risk,0.5351178031793097
891,2026-11-01,0,rolling_minimum_balance,-16352.76,0.3712875566416187,increases_stress_risk,0.3712875566416187
891,2026-11-01,0,rolling_transaction_count,182.33333333333331,0.3149063653336634,increases_stress_risk,0.3149063653336634
891,2026-11-01,0,average_balance,3240.641390728477,0.2901621723832795,increases_stress_risk,0.2901621723832795
891,2026-11-01,0,savings_rate,0.1319624419400613,0.2699390459107235,increases_stress_risk,0.2699390459107235
891,2026-11-01,0,state_changed,0.0,0.24277410521521234,increases_stress_risk,0.24277410521521234
549,2026-10-01,0,minimum_balance_ratio,2.294311986260222,-0.37043894368049224,decreases_stress_risk,0.37043894368049224
549,2026-10-01,0,discretionary_pressure,0.4232705478241818,0.3187100339346216,increases_stress_risk,0.3187100339346216
549,2026-10-01,0,rolling_average_balance,88605.65382152556,-0.31224347035880784,decreases_stress_risk,0.31224347035880784
549,2026-10-01,0,average_balance_ratio,2.6062167020362894,-0.28514580215764,decreases_stress_risk,0.28514580215764
549,2026-10-01,0,expense_pressure,1.0948918275177226,0.23077686347533016,increases_stress_risk,0.23077686347533016
549,2026-10-01,0,income_growth,-0.1330816772140187,0.1539480338335852,increases_stress_risk,0.1539480338335852
549,2026-10-01,0,recurring_spending,18078.43,0.12144531129175448,increases_stress_risk,0.12144531129175448
549,2026-10-01,0,balance_growth,-0.0281915698681823,0.1068357512471266,increases_stress_risk,0.1068357512471266
549,2026-10-01,0,rolling_net_cash_flow,2388.533333333335,0.08548915551102254,increases_stress_risk,0.08548915551102254
549,2026-10-01,0,historical_spending_std,3644.829745756309,0.065116199128679,increases_stress_risk,0.065116199128679
116,2026-11-01,0,minimum_balance_ratio,3.6706235351918752,-0.30849758427386403,decreases_stress_risk,0.30849758427386403
116,2026-11-01,0,rolling_average_balance,249216.0783741573,-0.22173559226735962,decreases_stress_risk,0.22173559226735962
116,2026-11-01,0,expense_pressure,0.469140869889165,-0.21367393861466552,decreases_stress_risk,0.21367393861466552
116,2026-11-01,0,average_balance_ratio,4.22564380622196,-0.20567024356452748,decreases_stress_risk,0.20567024356452748
116,2026-11-01,0,income_growth,0.3221626022945258,-0.13239797720627394,decreases_stress_risk,0.13239797720627394
116,2026-11-01,0,rolling_transaction_count,91.66666666666669,-0.1250777260880568,decreases_stress_risk,0.1250777260880568
116,2026-11-01,0,income_volatility,8674.734336906227,0.12410498789598932,increases_stress_risk,0.12410498789598932
116,2026-11-01,0,recurring_spending,14588.24,-0.10410434358258498,decreases_stress_risk,0.10410434358258498
116,2026-11-01,0,balance_growth,0.1332271825654385,-0.07062581406382379,decreases_stress_risk,0.07062581406382379
116,2026-11-01,0,rolling_net_cash_flow,29646.55666666666,-0.061229953030706386,decreases_stress_risk,0.061229953030706386
727,2026-10-01,0,minimum_balance_ratio,0.7101595,1.7711924541275947,increases_stress_risk,1.7711924541275947
727,2026-10-01,0,rolling_average_balance,19504.283863718043,0.7215525743417674,increases_stress_risk,0.7215525743417674
727,2026-10-01,0,average_balance_ratio,1.033997317857143,0.5265043602208607,increases_stress_risk,0.5265043602208607
727,2026-10-01,0,maximum_balance,34203.19,0.449332370609045,increases_stress_risk,0.449332370609045
727,2026-10-01,0,rolling_savings_rate,0.0303488333333333,0.380287180551386,increases_stress_risk,0.380287180551386
727,2026-10-01,0,recurring_spending,10634.83,-0.3113307512378378,decreases_stress_risk,0.3113307512378378
727,2026-10-01,0,state_changed,0.0,0.27225890846457335,increases_stress_risk,0.27225890846457335
727,2026-10-01,0,income_growth,0.0,0.2507221830962226,increases_stress_risk,0.2507221830962226
727,2026-10-01,0,expense_pressure,0.9648455,0.24332662228029223,increases_stress_risk,0.24332662228029223
727,2026-10-01,0,balance_growth,0.0213824167796727,0.2229646907665301,increases_stress_risk,0.2229646907665301
836,2026-11-01,0,minimum_balance_ratio,2.776867473002304,-0.3255612675240263,decreases_stress_risk,0.3255612675240263
836,2026-11-01,0,average_balance_ratio,3.3439629829995217,-0.23694549995241687,decreases_stress_risk,0.23694549995241687
836,2026-11-01,0,rolling_average_balance,149384.1293379175,-0.2196613840770442,decreases_stress_risk,0.2196613840770442
836,2026-11-01,0,expense_pressure,0.7829122729568204,-0.1828448650042992,decreases_stress_risk,0.1828448650042992
836,2026-11-01,0,income_volatility,1311.6714629814803,-0.18236210144881626,decreases_stress_risk,0.18236210144881626
836,2026-11-01,0,income_growth,0.0569838840243632,-0.12284658358839806,decreases_stress_risk,0.12284658358839806
836,2026-11-01,0,recurring_spending,22138.56,0.11978887079996639,increases_stress_risk,0.11978887079996639
836,2026-11-01,0,transaction_count_change,36.0,0.09319862521369941,increases_stress_risk,0.09319862521369941
836,2026-11-01,0,balance_growth,0.0674957661284687,0.08746100367454346,increases_stress_risk,0.08746100367454346
836,2026-11-01,0,rolling_transaction_count,168.33333333333334,0.06402291765465634,increases_stress_risk,0.06402291765465634
944,2026-10-01,0,minimum_balance_ratio,1.8701545701263005,-0.3216619692207314,decreases_stress_risk,0.3216619692207314
944,2026-10-01,0,expense_pressure,0.7176085557217912,-0.24295965474448167,decreases_stress_risk,0.24295965474448167
944,2026-10-01,0,average_balance_ratio,2.6110596457248447,-0.23304179421043955,decreases_stress_risk,0.23304179421043955
944,2026-10-01,0,rolling_average_balance,53193.44831903531,0.1925656043435447,increases_stress_risk,0.1925656043435447
944,2026-10-01,0,income_growth,-0.0109032592769761,0.14043864043807844,increases_stress_risk,0.14043864043807844
944,2026-10-01,0,balance_growth,0.1348180342638305,-0.08175420254585333,decreases_stress_risk,0.08175420254585333
944,2026-10-01,0,rolling_net_cash_flow,6854.123333333334,-0.07968555434141308,decreases_stress_risk,0.07968555434141308
944,2026-10-01,0,historical_spending_std,2053.278915424058,0.07851011146616656,increases_stress_risk,0.07851011146616656
944,2026-10-01,0,rolling_transaction_count,95.0,-0.07682053228723816,decreases_stress_risk,0.07682053228723816
944,2026-10-01,0,rolling_savings_rate,0.2969876855027173,-0.07535059458517936,decreases_stress_risk,0.07535059458517936
459,2026-10-01,0,minimum_balance_ratio,1.9523629482614664,-0.2927953416042146,decreases_stress_risk,0.2927953416042146
459,2026-10-01,0,rolling_average_balance,127851.06093411722,-0.25717633466003464,decreases_stress_risk,0.25717633466003464
459,2026-10-01,0,average_balance_ratio,2.3774736575189457,-0.23889063002076,decreases_stress_risk,0.23889063002076
459,2026-10-01,0,expense_pressure,0.7392817935886273,-0.20347455046139656,decreases_stress_risk,0.20347455046139656
459,2026-10-01,0,income_volatility,8890.651116461211,0.15089820389752276,increases_stress_risk,0.15089820389752276
459,2026-10-01,0,rolling_transaction_count,84.0,-0.10193220054614358,decreases_stress_risk,0.10193220054614358
459,2026-10-01,0,rolling_net_cash_flow,12729.85333333334,-0.10102150412625634,decreases_stress_risk,0.10102150412625634
459,2026-10-01,0,recurring_spending,27785.64,0.09765281743646483,increases_stress_risk,0.09765281743646483
459,2026-10-01,0,balance_growth,0.1007752975199769,-0.08617685301520396,decreases_stress_risk,0.08617685301520396
459,2026-10-01,0,spending_baseline_deviation,4978.834444444447,-0.0850546894222498,decreases_stress_risk,0.0850546894222498
411,2026-10-01,0,minimum_balance_ratio,4.181496633166571,-0.2987506751975161,decreases_stress_risk,0.2987506751975161
411,2026-10-01,0,rolling_average_balance,281187.11656954605,-0.21954589641536587,decreases_stress_risk,0.21954589641536587
411,2026-10-01,0,expense_pressure,0.6304254506693036,-0.19921316977590323,decreases_stress_risk,0.19921316977590323
411,2026-10-01,0,average_balance_ratio,4.513332815493488,-0.19678929464425893,decreases_stress_risk,0.19678929464425893
411,2026-10-01,0,income_volatility,1872.9839563381247,-0.11183807918045204,decreases_stress_risk,0.11183807918045204
411,2026-10-01,0,income_growth,0.0586433511153821,-0.10856411228654907,decreases_stress_risk,0.10856411228654907
411,2026-10-01,0,recurring_spending,11704.15,-0.09422667143779108,decreases_stress_risk,0.09422667143779108
411,2026-10-01,0,balance_growth,0.0781354751568585,-0.06813987592177,decreases_stress_risk,0.06813987592177
411,2026-10-01,0,rolling_spending_min,28108.97,0.06633483878569678,increases_stress_risk,0.06633483878569678
411,2026-10-01,0,rolling_transaction_count,125.33333333333331,-0.05393968999676872,decreases_stress_risk,0.05393968999676872
13,2026-10-01,0,rolling_average_balance,31580.073972658865,0.4090014400938526,increases_stress_risk,0.4090014400938526
13,2026-10-01,0,minimum_balance_ratio,1.2374993412928073,-0.35228096653008834,decreases_stress_risk,0.35228096653008834
13,2026-10-01,0,average_balance_ratio,1.6284529734000073,-0.21983097259304485,decreases_stress_risk,0.21983097259304485
13,2026-10-01,0,income_growth,0.0911524999999999,-0.21800956459133886,decreases_stress_risk,0.21800956459133886
13,2026-10-01,0,income_volatility,918.8856600796428,-0.16699984808452428,decreases_stress_risk,0.16699984808452428
13,2026-10-01,0,rolling_transaction_count,106.66666666666669,-0.11516340841073543,decreases_stress_risk,0.11516340841073543
13,2026-10-01,0,recurring_spending,7643.41,-0.11046791311673587,decreases_stress_risk,0.11046791311673587
13,2026-10-01,0,expense_pressure,0.8474745739023646,0.10908244591206312,increases_stress_risk,0.10908244591206312
13,2026-10-01,0,debit_transaction_count,120.0,-0.07327901805285364,decreases_stress_risk,0.07327901805285364
13,2026-10-01,0,savings_rate,0.1525254260976354,-0.07226191421621479,decreases_stress_risk,0.07226191421621479
162,2026-11-01,0,minimum_balance_ratio,3.086500215880041,-0.3556170054653194,decreases_stress_risk,0.3556170054653194
162,2026-11-01,0,average_balance_ratio,3.325694811530184,-0.26258807237725706,decreases_stress_risk,0.26258807237725706
162,2026-11-01,0,rolling_average_balance,89400.39928649238,-0.2618721917911898,decreases_stress_risk,0.2618721917911898
162,2026-11-01,0,expense_pressure,0.7416999902056124,-0.22500379860342945,decreases_stress_risk,0.22500379860342945
162,2026-11-01,0,balance_growth,0.0677864628083182,0.14867573530646042,increases_stress_risk,0.14867573530646042
162,2026-11-01,0,income_growth,0.3509051787363773,-0.13216792102437466,decreases_stress_risk,0.13216792102437466
162,2026-11-01,0,recurring_spending,15663.02,-0.1283085158182075,decreases_stress_risk,0.1283085158182075
162,2026-11-01,0,rolling_transaction_count,61.66666666666666,-0.11581078860588605,decreases_stress_risk,0.11581078860588605
162,2026-11-01,0,income_volatility,4232.699447661428,0.10698209503054386,increases_stress_risk,0.10698209503054386
162,2026-11-01,0,savings_rate_change,0.1595499949277709,0.09095689995971043,increases_stress_risk,0.09095689995971043
995,2026-11-01,0,minimum_balance_ratio,2.35187513391832,-0.39148708946304395,decreases_stress_risk,0.39148708946304395
995,2026-11-01,0,rolling_average_balance,254955.86823091004,-0.36637533400848044,decreases_stress_risk,0.36637533400848044
995,2026-11-01,0,average_balance_ratio,2.8748156673675047,-0.3012623696189257,decreases_stress_risk,0.3012623696189257
995,2026-11-01,0,expense_pressure,0.9522626540540864,0.17522706385701894,increases_stress_risk,0.17522706385701894
995,2026-11-01,0,income_growth,-0.3077826900467129,0.14912746554793557,increases_stress_risk,0.14912746554793557
995,2026-11-01,0,income_volatility,21878.18928786459,0.11168401438451837,increases_stress_risk,0.11168401438451837
995,2026-11-01,0,recurring_spending,25076.37,0.10110399024153593,increases_stress_risk,0.10110399024153593
995,2026-11-01,0,historical_spending_mean,68479.21599999999,0.09812354978639633,increases_stress_risk,0.09812354978639633
995,2026-11-01,0,rolling_transaction_count,191.0,0.08945341365819331,increases_stress_risk,0.08945341365819331
995,2026-11-01,0,transaction_count_change,62.0,0.0874875737016555,increases_stress_risk,0.0874875737016555
736,2026-10-01,0,minimum_balance_ratio,2.067242998330093,-0.32557027210074013,decreases_stress_risk,0.32557027210074013
736,2026-10-01,0,rolling_average_balance,154599.38899858517,-0.3062246103963116,decreases_stress_risk,0.3062246103963116
736,2026-10-01,0,average_balance_ratio,2.707505915515601,-0.27622693492419786,decreases_stress_risk,0.27622693492419786
736,2026-10-01,0,income_volatility,1328.0561274785116,-0.2165273934151628,decreases_stress_risk,0.2165273934151628
736,2026-10-01,0,spending_baseline_deviation,10035.15111111111,-0.14013543298788136,decreases_stress_risk,0.14013543298788136
736,2026-10-01,0,expense_pressure,0.9898402382958574,0.11697368338471278,increases_stress_risk,0.11697368338471278
736,2026-10-01,0,recurring_spending,35777.75,0.10911519159315503,increases_stress_risk,0.10911519159315503
736,2026-10-01,0,state_changed,1.0,-0.09770817915094085,decreases_stress_risk,0.09770817915094085
736,2026-10-01,0,income_growth,-0.0053444453521449,0.0922198342673073,increases_stress_risk,0.0922198342673073
736,2026-10-01,0,rolling_net_cash_flow,7302.813333333339,-0.08025791297550314,decreases_stress_risk,0.08025791297550314
981,2026-10-01,0,minimum_balance_ratio,2.142995304039547,-0.33748666816740297,decreases_stress_risk,0.33748666816740297
981,2026-10-01,0,rolling_average_balance,243188.00748125665,-0.25878036924288605,decreases_stress_risk,0.25878036924288605
981,2026-10-01,0,average_balance_ratio,2.4295364307099585,-0.22277002222486772,decreases_stress_risk,0.22277002222486772
981,2026-10-01,0,expense_pressure,0.6676247711805807,-0.1955603604542557,decreases_stress_risk,0.1955603604542557
981,2026-10-01,0,income_growth,-0.092867785634612,0.16562793881399557,increases_stress_risk,0.16562793881399557
981,2026-10-01,0,income_volatility,8050.23102519011,0.09162425330432597,increases_stress_risk,0.09162425330432597
981,2026-10-01,0,rolling_spending_min,39756.53,0.08183754078112543,increases_stress_risk,0.08183754078112543
981,2026-10-01,0,recurring_spending,37434.68,0.08024622967990581,increases_stress_risk,0.08024622967990581
981,2026-10-01,0,median_transaction,203.76,-0.07934967108943965,decreases_stress_risk,0.07934967108943965
981,2026-10-01,0,historical_spending_mean,52725.48888888889,0.0766809487779392,increases_stress_risk,0.0766809487779392
125,2026-11-01,0,minimum_balance_ratio,5.393781811766647,-0.32772106572869236,decreases_stress_risk,0.32772106572869236
125,2026-11-01,0,average_balance_ratio,6.130493307342289,-0.24529669897456188,decreases_stress_risk,0.24529669897456188
125,2026-11-01,0,rolling_average_balance,210891.258711513,-0.22255379681533669,decreases_stress_risk,0.22255379681533669
125,2026-11-01,0,expense_pressure,0.4652911403052182,-0.1755819409596734,decreases_stress_risk,0.1755819409596734
125,2026-11-01,0,income_growth,-0.0971866332968355,0.15371911715483294,increases_stress_risk,0.15371911715483294
125,2026-11-01,0,median_transaction,75.155,0.14605251810979097,increases_stress_risk,0.14605251810979097
125,2026-11-01,0,spending_baseline_ratio,0.7111539716249183,0.12011995285138255,increases_stress_risk,0.12011995285138255
125,2026-11-01,0,rolling_net_cash_flow,15592.283333333333,-0.07436037038685754,decreases_stress_risk,0.07436037038685754
125,2026-11-01,0,recurring_spending,2430.06,-0.06201957792130997,decreases_stress_risk,0.06201957792130997
125,2026-11-01,0,balance_growth,0.0988361014160084,-0.05733045041211881,decreases_stress_risk,0.05733045041211881
373,2026-11-01,0,minimum_balance_ratio,4.299346917059501,-0.2678775658013183,decreases_stress_risk,0.2678775658013183
373,2026-11-01,0,rolling_average_balance,401082.4280876289,-0.25926162654766816,decreases_stress_risk,0.25926162654766816
373,2026-11-01,0,expense_pressure,0.6481124822652589,-0.2293831093935296,decreases_stress_risk,0.2293831093935296
373,2026-11-01,0,average_balance_ratio,4.678806786376903,-0.19354418308241292,decreases_stress_risk,0.19354418308241292
373,2026-11-01,0,income_growth,0.0070921325746822,0.1257610676274635,increases_stress_risk,0.1257610676274635
373,2026-11-01,0,rolling_spending_min,44205.600000000006,0.09593153829686343,increases_stress_risk,0.09593153829686343
373,2026-11-01,0,recurring_spending,12307.8,-0.08851393366203411,decreases_stress_risk,0.08851393366203411
373,2026-11-01,0,spending_baseline_deviation,5258.137999999992,-0.08359319578681607,decreases_stress_risk,0.08359319578681607
373,2026-11-01,0,rolling_transaction_count,78.66666666666667,-0.07472444801329402,decreases_stress_risk,0.07472444801329402
373,2026-11-01,0,balance_growth,0.0717627614825346,-0.04685779010585975,decreases_stress_risk,0.04685779010585975
774,2026-11-01,0,minimum_balance_ratio,6.8375275465966565,-0.31936999488272705,decreases_stress_risk,0.31936999488272705
774,2026-11-01,0,rolling_average_balance,288987.8070685623,-0.24012740816746372,decreases_stress_risk,0.24012740816746372
774,2026-11-01,0,average_balance_ratio,7.420807241193445,-0.20684734264854343,decreases_stress_risk,0.20684734264854343
774,2026-11-01,0,expense_pressure,0.4884488315192857,-0.20296737614902668,decreases_stress_risk,0.20296737614902668
774,2026-11-01,0,income_growth,-0.0686400580751169,0.1606964896566933,increases_stress_risk,0.1606964896566933
774,2026-11-01,0,income_volatility,7363.4451329546355,0.11306779237318551,increases_stress_risk,0.11306779237318551
774,2026-11-01,0,rolling_transaction_count,102.0,-0.10534072949667461,decreases_stress_risk,0.10534072949667461
774,2026-11-01,0,recurring_spending,3035.24,-0.07481208948505809,decreases_stress_risk,0.07481208948505809
774,2026-11-01,0,rolling_net_cash_flow,24629.763333333336,-0.07342115954787004,decreases_stress_risk,0.07342115954787004
774,2026-11-01,0,historical_spending_std,1577.3514927512028,0.05728359514963813,increases_stress_risk,0.05728359514963813
304,2026-11-01,0,minimum_balance_ratio,4.467664982877445,-0.3082305169122992,decreases_stress_risk,0.3082305169122992
304,2026-11-01,0,rolling_average_balance,294741.1963182995,-0.21854731633909977,decreases_stress_risk,0.21854731633909977
304,2026-11-01,0,average_balance_ratio,4.694309282194283,-0.2159789835405536,decreases_stress_risk,0.2159789835405536
304,2026-11-01,0,expense_pressure,0.7473790406472335,-0.18864119148696773,decreases_stress_risk,0.18864119148696773
304,2026-11-01,0,income_volatility,1571.3262794318878,-0.1304856837366242,decreases_stress_risk,0.1304856837366242
304,2026-11-01,0,balance_growth,0.0599331722143012,0.12040999143442604,increases_stress_risk,0.12040999143442604
304,2026-11-01,0,income_growth,0.0485108472765767,-0.11569982274377252,decreases_stress_risk,0.11569982274377252
304,2026-11-01,0,rolling_transaction_count,96.66666666666669,-0.10614189938700293,decreases_stress_risk,0.10614189938700293
304,2026-11-01,0,recurring_spending,30280.69,0.09896746954938862,increases_stress_risk,0.09896746954938862
304,2026-11-01,0,category_shift,0.1331207119115799,0.0663219177420251,increases_stress_risk,0.0663219177420251
898,2026-11-01,0,minimum_balance_ratio,4.093373554544329,-0.35297054941474926,decreases_stress_risk,0.35297054941474926
898,2026-11-01,0,rolling_average_balance,153384.27568605673,-0.2515767330268864,decreases_stress_risk,0.2515767330268864
898,2026-11-01,0,average_balance_ratio,4.5999681876725615,-0.24053201242815703,decreases_stress_risk,0.24053201242815703
898,2026-11-01,0,expense_pressure,0.751034536863669,-0.18918982129660436,decreases_stress_risk,0.18918982129660436
898,2026-11-01,0,income_volatility,2059.275671913153,-0.14448751716379774,decreases_stress_risk,0.14448751716379774
898,2026-11-01,0,income_growth,-0.0675474788470126,0.14418393779720645,increases_stress_risk,0.14418393779720645
898,2026-11-01,0,balance_growth,0.0607661065966123,0.10647527918685228,increases_stress_risk,0.10647527918685228
898,2026-11-01,0,spending_baseline_deviation,-2995.861999999999,0.0997742478919099,increases_stress_risk,0.0997742478919099
898,2026-11-01,0,recurring_spending,13130.18,-0.09875926953667659,decreases_stress_risk,0.09875926953667659
898,2026-11-01,0,median_transaction,77.75999999999999,0.07573761264677159,increases_stress_risk,0.07573761264677159
475,2026-10-01,0,minimum_balance_ratio,3.628807005189017,-0.33420080062118357,decreases_stress_risk,0.33420080062118357
475,2026-10-01,0,rolling_average_balance,120484.93916274417,-0.23067704658082222,decreases_stress_risk,0.23067704658082222
475,2026-10-01,0,average_balance_ratio,4.138802258415809,-0.23022917183465325,decreases_stress_risk,0.23022917183465325
475,2026-10-01,0,expense_pressure,0.6570318417969174,-0.2159881869284436,decreases_stress_risk,0.2159881869284436
475,2026-10-01,0,income_volatility,5407.666473886866,0.1856640573227196,increases_stress_risk,0.1856640573227196
475,2026-10-01,0,income_growth,0.1451168029051373,-0.1431680390163092,decreases_stress_risk,0.1431680390163092
475,2026-10-01,0,recurring_spending,9005.300000000001,-0.10234291689645034,decreases_stress_risk,0.10234291689645034
475,2026-10-01,0,rolling_net_cash_flow,10974.493333333332,-0.08098576018121094,decreases_stress_risk,0.08098576018121094
475,2026-10-01,0,rolling_transaction_count,168.66666666666666,0.07646139706019311,increases_stress_risk,0.07646139706019311
475,2026-10-01,0,balance_growth,0.0826520741872995,-0.07636807751725427,decreases_stress_risk,0.07636807751725427
230,2026-11-01,0,minimum_balance_ratio,2.1993649493662963,-0.3128426561749075,decreases_stress_risk,0.3128426561749075
230,2026-11-01,0,average_balance_ratio,2.558091516482482,-0.2478003636666108,decreases_stress_risk,0.2478003636666108
230,2026-11-01,0,rolling_average_balance,55232.66086034255,-0.2416934593359474,decreases_stress_risk,0.2416934593359474
230,2026-11-01,0,expense_pressure,0.7878175719447049,-0.21905232109013015,decreases_stress_risk,0.21905232109013015
230,2026-11-01,0,income_growth,-0.2476872985701599,0.1575109544864972,increases_stress_risk,0.1575109544864972
230,2026-11-01,0,rolling_transaction_count,111.66666666666669,-0.14526354446657933,decreases_stress_risk,0.14526354446657933
230,2026-11-01,0,income_volatility,4730.191009029121,0.12138931547000538,increases_stress_risk,0.12138931547000538
230,2026-11-01,0,recurring_spending,10097.21,-0.09627092945302138,decreases_stress_risk,0.09627092945302138
230,2026-11-01,0,median_transaction,68.1,0.0751765122130746,increases_stress_risk,0.0751765122130746
230,2026-11-01,0,historical_spending_std,1441.4106047761377,0.06136403925134801,increases_stress_risk,0.06136403925134801
137,2026-10-01,0,minimum_balance_ratio,2.960837887403665,-0.32287568858097077,decreases_stress_risk,0.32287568858097077
137,2026-10-01,0,average_balance_ratio,3.3051577063458333,-0.2740894656837918,decreases_stress_risk,0.2740894656837918
137,2026-10-01,0,rolling_average_balance,83452.84033923736,-0.21163475545938126,decreases_stress_risk,0.21163475545938126
137,2026-10-01,0,expense_pressure,0.7447971723349319,-0.18231393833411857,decreases_stress_risk,0.18231393833411857
137,2026-10-01,0,income_volatility,1807.389214345747,-0.16412740824715003,decreases_stress_risk,0.16412740824715003
137,2026-10-01,0,income_growth,0.1017331945378359,-0.13236491360119543,decreases_stress_risk,0.13236491360119543
137,2026-10-01,0,balance_growth,0.0696694509435995,0.12850341035053134,increases_stress_risk,0.12850341035053134
137,2026-10-01,0,transaction_count_change,53.0,0.09907324528147,increases_stress_risk,0.09907324528147
137,2026-10-01,0,recurring_spending,8408.220000000001,-0.07826448824387626,decreases_stress_risk,0.07826448824387626
137,2026-10-01,0,category_shift,0.1428901198497089,0.06922574257245287,increases_stress_risk,0.06922574257245287
284,2026-11-01,0,minimum_balance_ratio,3.1938916713670373,-0.3181978435142082,decreases_stress_risk,0.3181978435142082
284,2026-11-01,0,rolling_average_balance,94304.99015127432,-0.2260248221643269,decreases_stress_risk,0.2260248221643269
284,2026-11-01,0,average_balance_ratio,3.747781053577621,-0.21735433642170393,decreases_stress_risk,0.21735433642170393
284,2026-11-01,0,expense_pressure,0.7455734084596212,-0.1984005156136118,decreases_stress_risk,0.1984005156136118
284,2026-11-01,0,income_growth,0.0193488020249479,-0.10728622765978799,decreases_stress_risk,0.10728622765978799
284,2026-11-01,0,recurring_spending,4114.48,-0.09274543670195272,decreases_stress_risk,0.09274543670195272
284,2026-11-01,0,balance_growth,0.0784185969344521,-0.07804163404682185,decreases_stress_risk,0.07804163404682185
284,2026-11-01,0,income_volatility,3317.900394109707,-0.064944501806458,decreases_stress_risk,0.064944501806458
284,2026-11-01,0,historical_spending_std,1930.4045430645988,0.06431705179915298,increases_stress_risk,0.06431705179915298
284,2026-11-01,0,rolling_net_cash_flow,7469.613333333332,-0.05895676456217189,decreases_stress_risk,0.05895676456217189
919,2026-10-01,0,minimum_balance_ratio,0.9027396074582263,-0.34641567766375375,decreases_stress_risk,0.34641567766375375
919,2026-10-01,0,rolling_average_balance,140900.9076378216,-0.2881215883692494,decreases_stress_risk,0.2881215883692494
919,2026-10-01,0,recurring_spending,52183.49999999999,0.27642901345796417,increases_stress_risk,0.27642901345796417
919,2026-10-01,0,income_volatility,20753.190365580736,0.14926355507166592,increases_stress_risk,0.14926355507166592
919,2026-10-01,0,average_balance_ratio,1.181726655524962,0.14438815058209,increases_stress_risk,0.14438815058209
919,2026-10-01,0,income_growth,0.3906773426575878,-0.1175686668601702,decreases_stress_risk,0.1175686668601702
919,2026-10-01,0,spending_baseline_deviation,25607.958888888887,-0.10795133871462895,decreases_stress_risk,0.10795133871462895
919,2026-10-01,0,rolling_savings_rate,0.0371812072017354,0.10420205412141513,increases_stress_risk,0.10420205412141513
919,2026-10-01,0,expense_pressure,0.8379692904466262,0.08032903682207689,increases_stress_risk,0.08032903682207689
919,2026-10-01,0,balance_growth,0.0951419360362024,-0.07867063801269979,decreases_stress_risk,0.07867063801269979
426,2026-10-01,0,minimum_balance_ratio,2.210314608019578,-0.3621075980112073,decreases_stress_risk,0.3621075980112073
426,2026-10-01,0,rolling_average_balance,71216.01046413711,-0.2783292215340771,decreases_stress_risk,0.2783292215340771
426,2026-10-01,0,average_balance_ratio,2.8308603648617514,-0.2335382077464601,decreases_stress_risk,0.2335382077464601
426,2026-10-01,0,income_growth,-0.1248595995383884,0.1712479368201457,increases_stress_risk,0.1712479368201457
426,2026-10-01,0,spending_baseline_ratio,0.6756114730131322,0.1473966900340747,increases_stress_risk,0.1473966900340747
426,2026-10-01,0,spending_baseline_deviation,-3656.362222222223,0.11218464571953518,increases_stress_risk,0.11218464571953518
426,2026-10-01,0,recurring_spending,13877.64,-0.10160280723735923,decreases_stress_risk,0.10160280723735923
426,2026-10-01,0,median_transaction,58.11,0.08104690692154691,increases_stress_risk,0.08104690692154691
426,2026-10-01,0,historical_spending_std,4339.880385882709,0.05642336414952297,increases_stress_risk,0.05642336414952297
426,2026-10-01,0,rolling_transaction_count,104.33333333333331,-0.05224769379536156,decreases_stress_risk,0.05224769379536156
6,2026-10-01,0,minimum_balance_ratio,2.748224199018899,-0.39281862244359217,decreases_stress_risk,0.39281862244359217
6,2026-10-01,0,rolling_average_balance,112963.98311835092,-0.3486386117391521,decreases_stress_risk,0.3486386117391521
6,2026-10-01,0,average_balance_ratio,3.027805053757092,-0.3481336501683108,decreases_stress_risk,0.3481336501683108
6,2026-10-01,0,median_transaction,64.48,0.15099251127103344,increases_stress_risk,0.15099251127103344
6,2026-10-01,0,transaction_count_change,29.0,0.1260019031446427,increases_stress_risk,0.1260019031446427
6,2026-10-01,0,spending_baseline_deviation,-2487.681111111109,0.11381344767345582,increases_stress_risk,0.11381344767345582
6,2026-10-01,0,balance_growth,0.0507145513268574,0.10889536770991981,increases_stress_risk,0.10889536770991981
6,2026-10-01,0,recurring_spending,17462.26,0.10872788512831903,increases_stress_risk,0.10872788512831903
6,2026-10-01,0,expense_pressure,0.8197406989102962,0.1017511176399421,increases_stress_risk,0.1017511176399421
6,2026-10-01,0,income_growth,-0.0722837692196497,0.07727976558468072,increases_stress_risk,0.07727976558468072
527,2026-10-01,0,transaction_count_change,-51.0,0.48933057931717483,increases_stress_risk,0.48933057931717483
527,2026-10-01,0,minimum_balance_ratio,2.1323291262543127,-0.3000855591968866,decreases_stress_risk,0.3000855591968866
527,2026-10-01,0,rolling_average_balance,401699.7343340116,-0.20073501764971297,decreases_stress_risk,0.20073501764971297
527,2026-10-01,0,expense_pressure,0.7077734879184097,-0.1913000152062159,decreases_stress_risk,0.1913000152062159
527,2026-10-01,0,average_balance_ratio,2.831320773293229,-0.19066254419274628,decreases_stress_risk,0.19066254419274628
527,2026-10-01,0,rolling_transaction_count,206.33333333333331,0.17660205781270633,increases_stress_risk,0.17660205781270633
527,2026-10-01,0,recurring_spending,30957.08,0.1192273547736113,increases_stress_risk,0.1192273547736113
527,2026-10-01,0,historical_spending_mean,68989.92666666667,0.10272768402297515,increases_stress_risk,0.10272768402297515
527,2026-10-01,0,spending_baseline_deviation,11934.733333333335,-0.08157980764866807,decreases_stress_risk,0.08157980764866807
527,2026-10-01,0,balance_growth,0.126618429080217,-0.07641650566132739,decreases_stress_risk,0.07641650566132739
890,2026-10-01,0,minimum_balance_ratio,5.820500475945443,-0.33721803274413104,decreases_stress_risk,0.33721803274413104
890,2026-10-01,0,rolling_average_balance,327290.48767307657,-0.2675417228380684,decreases_stress_risk,0.2675417228380684
890,2026-10-01,0,expense_pressure,0.7086211252818488,-0.21855458682635798,decreases_stress_risk,0.21855458682635798
890,2026-10-01,0,average_balance_ratio,5.989410068999908,-0.21060901834629475,decreases_stress_risk,0.21060901834629475
890,2026-10-01,0,balance_growth,0.0526989449198356,0.1278051652770955,increases_stress_risk,0.1278051652770955
890,2026-10-01,0,recurring_spending,26064.62,0.09242514489480527,increases_stress_risk,0.09242514489480527
890,2026-10-01,0,income_growth,-0.0259922737010656,0.08694531589193502,increases_stress_risk,0.08694531589193502
890,2026-10-01,0,rolling_net_cash_flow,17899.12,-0.08433053933491465,decreases_stress_risk,0.08433053933491465
890,2026-10-01,0,rolling_transaction_count,107.33333333333331,-0.06788876984035597,decreases_stress_risk,0.06788876984035597
890,2026-10-01,0,category_shift,0.1339305032624153,0.060813723101164216,increases_stress_risk,0.060813723101164216
558,2026-11-01,0,minimum_balance_ratio,3.313571239479365,-0.3929301057488192,decreases_stress_risk,0.3929301057488192
558,2026-11-01,0,rolling_average_balance,134046.53998625706,-0.2792486797424499,decreases_stress_risk,0.2792486797424499
558,2026-11-01,0,average_balance_ratio,3.604204958152088,-0.25893523163627835,decreases_stress_risk,0.25893523163627835
558,2026-11-01,0,recurring_spending,22375.22,0.15392153234352007,increases_stress_risk,0.15392153234352007
558,2026-11-01,0,balance_growth,0.0334201532180222,0.14974055225844496,increases_stress_risk,0.14974055225844496
558,2026-11-01,0,rolling_net_cash_flow,5329.83666666667,0.08415988287422806,increases_stress_risk,0.08415988287422806
558,2026-11-01,0,income_volatility,451.9619019710625,-0.07983336326520657,decreases_stress_risk,0.07983336326520657
558,2026-11-01,0,savings_rate,0.1375418558716166,-0.0783438354881946,decreases_stress_risk,0.0783438354881946
558,2026-11-01,0,median_transaction,76.46,0.0739523563394323,increases_stress_risk,0.0739523563394323
558,2026-11-01,0,historical_spending_std,3624.7167037176846,0.06762284165713936,increases_stress_risk,0.06762284165713936
666,2026-11-01,0,minimum_balance_ratio,4.527468254751586,-0.3877550096565392,decreases_stress_risk,0.3877550096565392
666,2026-11-01,0,rolling_average_balance,213532.26048657668,-0.3413899144169409,decreases_stress_risk,0.3413899144169409
666,2026-11-01,0,average_balance_ratio,4.913169086218946,-0.29247548544546587,decreases_stress_risk,0.29247548544546587
666,2026-11-01,0,income_growth,-0.1234584685356799,0.1337981941898761,increases_stress_risk,0.1337981941898761
666,2026-11-01,0,balance_growth,0.034085965946913,0.11112824272539001,increases_stress_risk,0.11112824272539001
666,2026-11-01,0,expense_pressure,0.8181664558078882,0.10033250389387831,increases_stress_risk,0.10033250389387831
666,2026-11-01,0,rolling_transaction_count,64.66666666666667,-0.09644245704635977,decreases_stress_risk,0.09644245704635977
666,2026-11-01,0,recurring_spending,18821.1,0.0885323776723817,increases_stress_risk,0.0885323776723817
666,2026-11-01,0,savings_rate,0.1818335441921118,0.07610950203612447,increases_stress_risk,0.07610950203612447
666,2026-11-01,0,rolling_net_cash_flow,12696.366666666669,-0.07572199616930447,decreases_stress_risk,0.07572199616930447
507,2026-10-01,0,rolling_average_balance,23719.759599041077,0.5474556543445215,increases_stress_risk,0.5474556543445215
507,2026-10-01,0,minimum_balance_ratio,0.8798452129620656,-0.417546766292071,decreases_stress_risk,0.417546766292071
507,2026-10-01,0,average_balance_ratio,1.2564913092594638,-0.2810698786319699,decreases_stress_risk,0.2810698786319699
507,2026-10-01,0,income_volatility,1085.013283006249,-0.279663443157915,decreases_stress_risk,0.279663443157915
507,2026-10-01,0,expense_pressure,0.9661390865246754,0.20229901420418173,increases_stress_risk,0.20229901420418173
507,2026-10-01,0,income_growth,-0.0966915389770236,0.1541396000405075,increases_stress_risk,0.1541396000405075
507,2026-10-01,0,recurring_spending,9741.46,-0.1105160254961811,decreases_stress_risk,0.1105160254961811
507,2026-10-01,0,discretionary_spending,3295.1800000000003,-0.09804264545673505,decreases_stress_risk,0.09804264545673505
507,2026-10-01,0,balance_growth,0.0187632738120282,0.09764453821582719,increases_stress_risk,0.09764453821582719
507,2026-10-01,0,transaction_count_change,33.0,0.09001997272251173,increases_stress_risk,0.09001997272251173
926,2026-10-01,0,minimum_balance_ratio,0.2444243267180676,1.1374477005761583,increases_stress_risk,1.1374477005761583
926,2026-10-01,0,discretionary_pressure,0.664486119379786,0.7235827530483948,increases_stress_risk,0.7235827530483948
926,2026-10-01,0,rolling_average_balance,40479.53945359987,0.7022717945888871,increases_stress_risk,0.7022717945888871
926,2026-10-01,0,average_balance_ratio,0.8308150089908886,0.6212312241748441,increases_stress_risk,0.6212312241748441
926,2026-10-01,0,spending_baseline_deviation,7626.226666666662,-0.3425579283904517,decreases_stress_risk,0.3425579283904517
926,2026-10-01,0,income_growth,0.0361609392268236,-0.22881002986745444,decreases_stress_risk,0.22881002986745444
926,2026-10-01,0,income_volatility,1977.2724557581837,-0.2144232010867563,decreases_stress_risk,0.2144232010867563
926,2026-10-01,0,expense_pressure,1.078156389396414,0.19543481599073856,increases_stress_risk,0.19543481599073856
926,2026-10-01,0,balance_growth,-0.0650470612769114,0.14123397707531693,increases_stress_risk,0.14123397707531693
926,2026-10-01,0,savings_rate_change,-0.2325333659106154,-0.12131592209683731,decreases_stress_risk,0.12131592209683731
192,2026-10-01,0,minimum_balance_ratio,0.5421155456620068,0.9170646952633978,increases_stress_risk,0.9170646952633978
192,2026-10-01,0,average_balance_ratio,1.0082894081161322,0.4618362547791912,increases_stress_risk,0.4618362547791912
192,2026-10-01,0,rolling_average_balance,67914.75260313171,-0.381595855493797,decreases_stress_risk,0.381595855493797
192,2026-10-01,0,spending_baseline_deviation,20485.197777777787,-0.29120692603712084,decreases_stress_risk,0.29120692603712084
192,2026-10-01,0,income_volatility,8776.68138226136,0.2779700918641174,increases_stress_risk,0.2779700918641174
192,2026-10-01,0,rolling_income_mean,69816.24333333333,-0.23982515479088762,decreases_stress_risk,0.23982515479088762
192,2026-10-01,0,recurring_spending,34060.75000000001,0.22226883911411277,increases_stress_risk,0.22226883911411277
192,2026-10-01,0,discretionary_pressure,0.4334136991034433,0.20389588538964745,increases_stress_risk,0.20389588538964745
192,2026-10-01,0,expense_pressure,0.9981115760003412,0.15695131514279637,increases_stress_risk,0.15695131514279637
192,2026-10-01,0,income_growth,-0.0025588467398044,0.1560176328304806,increases_stress_risk,0.1560176328304806
248,2026-10-01,0,minimum_balance_ratio,0.9028049539674804,-0.2888501646964869,decreases_stress_risk,0.2888501646964869
248,2026-10-01,0,rolling_average_balance,93796.68140843084,-0.21121820967702662,decreases_stress_risk,0.21121820967702662
248,2026-10-01,0,average_balance_ratio,1.2543587463064745,-0.19694771466311067,decreases_stress_risk,0.19694771466311067
248,2026-10-01,0,income_volatility,16151.361376095614,0.16783771837013772,increases_stress_risk,0.16783771837013772
248,2026-10-01,0,expense_pressure,0.7358789477705785,-0.16040757972281428,decreases_stress_risk,0.16040757972281428
248,2026-10-01,0,income_growth,0.4909919433624365,-0.14367675232409965,decreases_stress_risk,0.14367675232409965
248,2026-10-01,0,recurring_spending,29444.63,0.14280489475582725,increases_stress_risk,0.14280489475582725
248,2026-10-01,0,balance_growth,0.1685748634292951,-0.09061082742002327,decreases_stress_risk,0.09061082742002327
248,2026-10-01,0,spending_baseline_deviation,10572.454444444447,-0.08879223664684105,decreases_stress_risk,0.08879223664684105
248,2026-10-01,0,rolling_transaction_count,167.0,0.07887000378381344,increases_stress_risk,0.07887000378381344
750,2026-10-01,0,minimum_balance_ratio,0.5312625768613104,1.1068274245678913,increases_stress_risk,1.1068274245678913
750,2026-10-01,0,average_balance_ratio,0.9960374585237738,0.5184615245752502,increases_stress_risk,0.5184615245752502
750,2026-10-01,0,rolling_average_balance,57530.535168997325,-0.360415705362102,decreases_stress_risk,0.360415705362102
750,2026-10-01,0,recurring_spending,50281.420000000006,0.32583101351512594,increases_stress_risk,0.32583101351512594
750,2026-10-01,0,spending_baseline_ratio,0.6790978785175328,0.2797432659419428,increases_stress_risk,0.2797432659419428
750,2026-10-01,0,rolling_transaction_count,120.66666666666669,-0.22633699630969203,decreases_stress_risk,0.22633699630969203
750,2026-10-01,0,rolling_income_mean,61078.03333333333,-0.21688087554182858,decreases_stress_risk,0.21688087554182858
750,2026-10-01,0,expense_pressure,0.9404814080614344,0.20980368608026764,increases_stress_risk,0.20980368608026764
750,2026-10-01,0,spending_baseline_deviation,-3537.036666666668,0.1780798441253137,increases_stress_risk,0.1780798441253137
750,2026-10-01,0,balance_growth,0.041800933170784,0.17065830546081998,increases_stress_risk,0.17065830546081998
734,2026-10-01,0,minimum_balance_ratio,0.9582549274377558,-0.34012153881427365,decreases_stress_risk,0.34012153881427365
734,2026-10-01,0,rolling_average_balance,44419.6142998668,0.26488608953135556,increases_stress_risk,0.26488608953135556
734,2026-10-01,0,average_balance_ratio,1.3161045444984332,-0.22789502565050498,decreases_stress_risk,0.22789502565050498
734,2026-10-01,0,recurring_spending,10510.259999999998,-0.20334633161430246,decreases_stress_risk,0.20334633161430246
734,2026-10-01,0,income_growth,0.2402589278882712,-0.15147656186425593,decreases_stress_risk,0.15147656186425593
734,2026-10-01,0,income_volatility,4400.308820575363,0.14061316252336836,increases_stress_risk,0.14061316252336836
734,2026-10-01,0,expense_pressure,0.8433815678216356,0.1325036957487464,increases_stress_risk,0.1325036957487464
734,2026-10-01,0,rolling_savings_rate,0.0348137459503108,0.11648978951910977,increases_stress_risk,0.11648978951910977
734,2026-10-01,0,spending_acceleration,0.982545676101846,-0.11153580190613865,decreases_stress_risk,0.11153580190613865
734,2026-10-01,0,spending_baseline_deviation,4414.666666666668,-0.105909063994186,decreases_stress_risk,0.105909063994186
166,2026-10-01,0,minimum_balance_ratio,3.6739188324759433,-0.29698056913039184,decreases_stress_risk,0.29698056913039184
166,2026-10-01,0,average_balance_ratio,4.445741788306903,-0.20557082341518254,decreases_stress_risk,0.20557082341518254
166,2026-10-01,0,rolling_average_balance,142394.32937472186,-0.19107456703437492,decreases_stress_risk,0.19107456703437492
166,2026-10-01,0,expense_pressure,0.6440953481033862,-0.1853702461021021,decreases_stress_risk,0.1853702461021021
166,2026-10-01,0,income_growth,0.0186296671148691,-0.11436283230432309,decreases_stress_risk,0.11436283230432309
166,2026-10-01,0,rolling_transaction_count,104.66666666666669,-0.1050456566910725,decreases_stress_risk,0.1050456566910725
166,2026-10-01,0,rolling_net_cash_flow,11955.156666666668,-0.06702775852521882,decreases_stress_risk,0.06702775852521882
166,2026-10-01,0,recurring_spending,9299.49,-0.06365743590868078,decreases_stress_risk,0.06365743590868078
166,2026-10-01,0,balance_growth,0.090243726418163,-0.05924393032910302,decreases_stress_risk,0.05924393032910302
166,2026-10-01,0,essential_spending_ratio,0.8889712446891876,0.04234139107196824,increases_stress_risk,0.04234139107196824
291,2026-11-01,0,minimum_balance_ratio,4.541588127406342,-0.3305230959682376,decreases_stress_risk,0.3305230959682376
291,2026-11-01,0,average_balance_ratio,4.81033910022047,-0.22621951881272254,decreases_stress_risk,0.22621951881272254
291,2026-11-01,0,rolling_average_balance,91605.73101858963,-0.21559170838096178,decreases_stress_risk,0.21559170838096178
291,2026-11-01,0,expense_pressure,0.7118740393948442,-0.19401607925537973,decreases_stress_risk,0.19401607925537973
291,2026-11-01,0,balance_growth,0.054953644857538,0.09416199887753464,increases_stress_risk,0.09416199887753464
291,2026-11-01,0,income_growth,-0.0059970297309364,0.08895915676795994,increases_stress_risk,0.08895915676795994
291,2026-11-01,0,rolling_net_cash_flow,5377.966666666668,0.07186287250136957,increases_stress_risk,0.07186287250136957
291,2026-11-01,0,recurring_spending,6417.05,-0.06861815977274091,decreases_stress_risk,0.06861815977274091
291,2026-11-01,0,historical_spending_std,2774.8989522271104,0.06630580774508417,increases_stress_risk,0.06630580774508417
291,2026-11-01,0,rolling_transaction_count,160.33333333333334,0.06039090423611924,increases_stress_risk,0.06039090423611924
