user_id,month,risk_probability,risk_level,financial_pressure,intervention,intervention_priority,cate,recommendation_status,explanation,model_drivers,intervention_description
4,2026-09-01,0.512699212346704,MODERATE,STABLE,SAVINGS_REINFORCEMENT,4,0.0529829935666357,MONITOR,Expense pressure is elevated. | Spending is above the user's historical baseline. | Recurring financial obligations contribute to monthly pressure.,,Maintain current financial behavior and reinforce savings.
32,2026-09-01,0.5492410336988455,MODERATE,OBLIGATION_PRESSURE,OBLIGATION_MANAGEMENT,3,-0.1860433614444838,STRONG_SIMULATED_SUPPORT,Expense pressure is elevated. | Spending is growing faster than the configured threshold. | Spending is above the user's historical baseline. | Recurring financial obligations contribute to monthly pressure. | The recent balance trajectory is declining.,,Review recurring obligations and reduce near-term payment pressure.
53,2026-09-01,0.504521075,MODERATE,OBLIGATION_PRESSURE,OBLIGATION_MANAGEMENT,3,-0.294122155142784,STRONG_SIMULATED_SUPPORT,Expense pressure is elevated. | Recurring financial obligations contribute to monthly pressure. | The recent balance trajectory is declining. | The assigned intervention has a strong negative estimated CATE in the synthetic experiment.,,Review recurring obligations and reduce near-term payment pressure.
58,2026-09-01,0.5067259734009852,MODERATE,STABLE,SAVINGS_REINFORCEMENT,4,0.1046174147633126,MONITOR,Expense pressure is elevated. | Recurring financial obligations contribute to monthly pressure.,,Maintain current financial behavior and reinforce savings.
68,2026-09-01,0.7047392701794739,HIGH,LIQUIDITY_PRESSURE,LIQUIDITY_PROTECTION,1,-0.1638125756037909,STRONG_SIMULATED_SUPPORT,Cash buffer is below 50% of the reference level. | Expense pressure is elevated. | Recurring financial obligations contribute to monthly pressure. | The recent balance trajectory is declining. | The assigned intervention has a strong negative estimated CATE in the synthetic experiment.,,Protect available cash and preserve a minimum liquidity buffer.
84,2026-09-01,0.7164795853401433,HIGH,LIQUIDITY_PRESSURE,LIQUIDITY_PROTECTION,1,-0.120060809346026,STRONG_SIMULATED_SUPPORT,Cash buffer is below 50% of the reference level. | Expense pressure is elevated. | Recurring financial obligations contribute to monthly pressure. | The recent balance trajectory is declining. | The assigned intervention has a strong negative estimated CATE in the synthetic experiment.,,Protect available cash and preserve a minimum liquidity buffer.
92,2026-09-01,0.6867773891326217,HIGH,LIQUIDITY_PRESSURE,LIQUIDITY_PROTECTION,1,-0.1898592048288256,STRONG_SIMULATED_SUPPORT,Cash buffer is below 50% of the reference level. | Expense pressure is elevated. | Spending is growing faster than the configured threshold. | Spending is above the user's historical baseline. | Recurring financial obligations contribute to monthly pressure.,,Protect available cash and preserve a minimum liquidity buffer.
96,2026-09-01,0.5949031855310978,MODERATE,LIQUIDITY_PRESSURE,LIQUIDITY_PROTECTION,1,-0.069530262779876,SIMULATED_SUPPORT,Cash buffer is below 50% of the reference level. | Expense pressure is elevated. | Recurring financial obligations contribute to monthly pressure. | The assigned intervention has a negative estimated CATE in the synthetic experiment.,,Protect available cash and preserve a minimum liquidity buffer.
115,2026-09-01,0.49111771236102336,MODERATE,STABLE,SAVINGS_REINFORCEMENT,4,0.2525090585991787,MONITOR,Expense pressure is elevated. | Spending is above the user's historical baseline. | Recurring financial obligations contribute to monthly pressure.,,Maintain current financial behavior and reinforce savings.
123,2026-09-01,0.502921129497144,MODERATE,STABLE,SAVINGS_REINFORCEMENT,4,0.1502109724354307,MONITOR,Expense pressure is elevated. | Spending is above the user's historical baseline. | Recurring financial obligations contribute to monthly pressure.,,Maintain current financial behavior and reinforce savings.
136,2026-09-01,0.5710580558160376,MODERATE,STABLE,SAVINGS_REINFORCEMENT,4,-0.0914198189796101,MONITOR,Expense pressure is elevated. | Spending is above the user's historical baseline. | Recurring financial obligations contribute to monthly pressure. | The assigned intervention has a negative estimated CATE in the synthetic experiment.,,Maintain current financial behavior and reinforce savings.
169,2026-09-01,0.5681552836560865,MODERATE,STABLE,SAVINGS_REINFORCEMENT,4,-0.0030691807145907,MONITOR,Expense pressure is elevated. | Recurring financial obligations contribute to monthly pressure. | The assigned intervention has a negative estimated CATE in the synthetic experiment.,,Maintain current financial behavior and reinforce savings.
178,2026-09-01,0.5458240665085309,MODERATE,STABLE,SAVINGS_REINFORCEMENT,4,0.1041958894075768,MONITOR,Expense pressure is elevated. | Spending is above the user's historical baseline. | Recurring financial obligations contribute to monthly pressure.,,Maintain current financial behavior and reinforce savings.
195,2026-09-01,0.7430304055067919,HIGH,OBLIGATION_PRESSURE,OBLIGATION_MANAGEMENT,3,-0.1856935904437841,STRONG_SIMULATED_SUPPORT,Expense pressure is elevated. | Spending is growing faster than the configured threshold. | Spending is above the user's historical baseline. | Recurring financial obligations contribute to monthly pressure. | The recent balance trajectory is declining.,,Review recurring obligations and reduce near-term payment pressure.
200,2026-09-01,0.4793573157033798,MODERATE,STABLE,SAVINGS_REINFORCEMENT,4,0.1783974863572388,MONITOR,Expense pressure is elevated. | Recurring financial obligations contribute to monthly pressure.,,Maintain current financial behavior and reinforce savings.
229,2026-09-01,0.5881053698637361,MODERATE,OBLIGATION_PRESSURE,OBLIGATION_MANAGEMENT,3,0.0214725113494464,RULE_BASED_RECOMMENDATION,Expense pressure is elevated. | Recurring financial obligations contribute to monthly pressure. | The recent balance trajectory is declining.,,Review recurring obligations and reduce near-term payment pressure.
237,2026-09-01,0.6724099883121679,HIGH,STABLE,SAVINGS_REINFORCEMENT,4,-0.2019418404740792,MONITOR,Expense pressure is elevated. | Spending is growing faster than the configured threshold. | Spending is above the user's historical baseline. | Recurring financial obligations contribute to monthly pressure. | The assigned intervention has a strong negative estimated CATE in the synthetic experiment.,,Maintain current financial behavior and reinforce savings.
260,2026-09-01,0.5485459976632635,MODERATE,STABLE,SAVINGS_REINFORCEMENT,4,0.0350968043108135,MONITOR,Expense pressure is elevated. | Spending is above the user's historical baseline. | Recurring financial obligations contribute to monthly pressure.,,Maintain current financial behavior and reinforce savings.
279,2026-09-01,0.5539529625262568,MODERATE,STABLE,SAVINGS_REINFORCEMENT,4,0.0815428947650818,MONITOR,Expense pressure is elevated. | Spending is growing faster than the configured threshold. | Spending is above the user's historical baseline. | Recurring financial obligations contribute to monthly pressure.,,Maintain current financial behavior and reinforce savings.
318,2026-09-01,0.5068044360202574,MODERATE,STABLE,SAVINGS_REINFORCEMENT,4,-0.2002556574639124,MONITOR,Expense pressure is elevated. | Recurring financial obligations contribute to monthly pressure. | The assigned intervention has a strong negative estimated CATE in the synthetic experiment.,,Maintain current financial behavior and reinforce savings.
319,2026-09-01,0.0,LOW,STABLE,SAVINGS_REINFORCEMENT,4,0.1196425189783817,MONITOR,Expense pressure is elevated. | Recurring financial obligations contribute to monthly pressure.,,Maintain current financial behavior and reinforce savings.
341,2026-09-01,0.7251157020654154,HIGH,LIQUIDITY_PRESSURE,LIQUIDITY_PROTECTION,1,0.0275238800419006,RULE_BASED_RECOMMENDATION,Cash buffer is below 50% of the reference level. | Expense pressure is elevated. | Spending is growing faster than the configured threshold. | Spending is above the user's historical baseline. | Recurring financial obligations contribute to monthly pressure.,,Protect available cash and preserve a minimum liquidity buffer.
352,2026-09-01,0.6830220014253063,HIGH,OBLIGATION_PRESSURE,OBLIGATION_MANAGEMENT,3,0.0886158230314577,RULE_BASED_RECOMMENDATION,Expense pressure is elevated. | Spending is growing faster than the configured threshold. | Spending is above the user's historical baseline. | Recurring financial obligations contribute to monthly pressure. | The recent balance trajectory is declining.,,Review recurring obligations and reduce near-term payment pressure.
357,2026-09-01,0.7472360680938923,HIGH,LIQUIDITY_PRESSURE,LIQUIDITY_PROTECTION,1,-0.0430353901917368,SIMULATED_SUPPORT,Cash buffer is below 50% of the reference level. | Expense pressure is elevated. | Spending is growing faster than the configured threshold. | Spending is above the user's historical baseline. | Recurring financial obligations contribute to monthly pressure.,,Protect available cash and preserve a minimum liquidity buffer.
358,2026-09-01,0.6719900180778499,HIGH,LIQUIDITY_PRESSURE,LIQUIDITY_PROTECTION,1,-0.2296011630343306,STRONG_SIMULATED_SUPPORT,Cash buffer is below 50% of the reference level. | Expense pressure is elevated. | Recurring financial obligations contribute to monthly pressure. | The assigned intervention has a strong negative estimated CATE in the synthetic experiment.,,Protect available cash and preserve a minimum liquidity buffer.
361,2026-09-01,0.6687511307325801,HIGH,STABLE,SAVINGS_REINFORCEMENT,4,-0.2190992980785686,MONITOR,Expense pressure is elevated. | Spending is growing faster than the configured threshold. | Spending is above the user's historical baseline. | Recurring financial obligations contribute to monthly pressure. | The assigned intervention has a strong negative estimated CATE in the synthetic experiment.,,Maintain current financial behavior and reinforce savings.
362,2026-09-01,0.4844461482935743,MODERATE,STABLE,SAVINGS_REINFORCEMENT,4,-0.1154557140199555,MONITOR,Expense pressure is elevated. | Recurring financial obligations contribute to monthly pressure. | The assigned intervention has a strong negative estimated CATE in the synthetic experiment.,,Maintain current financial behavior and reinforce savings.
372,2026-09-01,0.6505081022256038,HIGH,LIQUIDITY_PRESSURE,LIQUIDITY_PROTECTION,1,0.1454962541042264,RULE_BASED_RECOMMENDATION,Cash buffer is below 50% of the reference level. | Expense pressure is elevated. | Recurring financial obligations contribute to monthly pressure.,,Protect available cash and preserve a minimum liquidity buffer.
391,2026-09-01,0.5272319308337018,MODERATE,STABLE,SAVINGS_REINFORCEMENT,4,-0.093764299454702,MONITOR,Expense pressure is elevated. | Spending is above the user's historical baseline. | Recurring financial obligations contribute to monthly pressure. | The assigned intervention has a negative estimated CATE in the synthetic experiment.,,Maintain current financial behavior and reinforce savings.
412,2026-09-01,0.0,LOW,LIQUIDITY_PRESSURE,SAVINGS_REINFORCEMENT,4,0.0689925128097997,MONITOR,Cash buffer is below 50% of the reference level. | Expense pressure is elevated. | Spending is above the user's historical baseline. | Recurring financial obligations contribute to monthly pressure.,,Maintain current financial behavior and reinforce savings.
416,2026-09-01,0.5187441004809104,MODERATE,STABLE,SAVINGS_REINFORCEMENT,4,-0.110404183972489,MONITOR,Expense pressure is elevated. | Recurring financial obligations contribute to monthly pressure. | The assigned intervention has a strong negative estimated CATE in the synthetic experiment.,,Maintain current financial behavior and reinforce savings.
428,2026-09-01,0.49311445680843125,MODERATE,STABLE,SAVINGS_REINFORCEMENT,4,0.1157444408446731,MONITOR,Expense pressure is elevated. | Recurring financial obligations contribute to monthly pressure.,,Maintain current financial behavior and reinforce savings.
430,2026-09-01,0.6462089551930161,HIGH,SPENDING_PRESSURE,SPENDING_CONTROL,2,0.0937102663132075,RULE_BASED_RECOMMENDATION,Expense pressure is elevated. | Spending is growing faster than the configured threshold. | Spending is above the user's historical baseline. | Recurring financial obligations contribute to monthly pressure. | The recent balance trajectory is declining.,,Reduce discretionary spending and slow spending growth.
487,2026-09-01,0.6127209371686199,HIGH,LIQUIDITY_PRESSURE,LIQUIDITY_PROTECTION,1,0.0961230827615771,RULE_BASED_RECOMMENDATION,Cash buffer is below 50% of the reference level. | Expense pressure is elevated. | Recurring financial obligations contribute to monthly pressure.,,Protect available cash and preserve a minimum liquidity buffer.
494,2026-09-01,0.5548988,MODERATE,STABLE,SAVINGS_REINFORCEMENT,4,-0.0846128696295103,MONITOR,Expense pressure is elevated. | Recurring financial obligations contribute to monthly pressure. | The assigned intervention has a negative estimated CATE in the synthetic experiment.,,Maintain current financial behavior and reinforce savings.
505,2026-09-01,0.6389966266156271,HIGH,OBLIGATION_PRESSURE,OBLIGATION_MANAGEMENT,3,-0.1714974799810328,STRONG_SIMULATED_SUPPORT,Expense pressure is elevated. | Spending is growing faster than the configured threshold. | Spending is above the user's historical baseline. | Recurring financial obligations contribute to monthly pressure. | The recent balance trajectory is declining.,,Review recurring obligations and reduce near-term payment pressure.
507,2026-09-01,0.6068230813716992,HIGH,STABLE,SAVINGS_REINFORCEMENT,4,-0.0367807776660332,MONITOR,Expense pressure is elevated. | Spending is growing faster than the configured threshold. | Spending is above the user's historical baseline. | Recurring financial obligations contribute to monthly pressure. | The assigned intervention has a negative estimated CATE in the synthetic experiment.,,Maintain current financial behavior and reinforce savings.
515,2026-09-01,0.5789296395166119,MODERATE,STABLE,SAVINGS_REINFORCEMENT,4,0.1488877722151717,MONITOR,Expense pressure is elevated. | Spending is growing faster than the configured threshold. | Spending is above the user's historical baseline. | Recurring financial obligations contribute to monthly pressure.,,Maintain current financial behavior and reinforce savings.
536,2026-09-01,0.8500320750000001,HIGH,LIQUIDITY_PRESSURE,LIQUIDITY_PROTECTION,1,-0.0810107698029523,SIMULATED_SUPPORT,Cash buffer is below 50% of the reference level. | Expense pressure is elevated. | Spending is growing faster than the configured threshold. | Spending is above the user's historical baseline. | Recurring financial obligations contribute to monthly pressure.,,Protect available cash and preserve a minimum liquidity buffer.
540,2026-09-01,0.5272403743683801,MODERATE,STABLE,SAVINGS_REINFORCEMENT,4,-0.0863871134175345,MONITOR,Expense pressure is elevated. | Recurring financial obligations contribute to monthly pressure. | The assigned intervention has a negative estimated CATE in the synthetic experiment.,,Maintain current financial behavior and reinforce savings.
560,2026-09-01,0.5996451364395997,MODERATE,LIQUIDITY_PRESSURE,LIQUIDITY_PROTECTION,1,-0.1707635656210498,STRONG_SIMULATED_SUPPORT,Cash buffer is below 50% of the reference level. | Expense pressure is elevated. | Recurring financial obligations contribute to monthly pressure. | The assigned intervention has a strong negative estimated CATE in the synthetic experiment.,,Protect available cash and preserve a minimum liquidity buffer.
568,2026-09-01,0.6725601551278058,HIGH,LIQUIDITY_PRESSURE,LIQUIDITY_PROTECTION,1,0.0975769472372648,RULE_BASED_RECOMMENDATION,Cash buffer is below 50% of the reference level. | Expense pressure is elevated. | Spending is growing faster than the configured threshold. | Recurring financial obligations contribute to monthly pressure.,,Protect available cash and preserve a minimum liquidity buffer.
576,2026-09-01,0.6915318258243173,HIGH,LIQUIDITY_PRESSURE,LIQUIDITY_PROTECTION,1,0.0078049557723303,RULE_BASED_RECOMMENDATION,Cash buffer is below 50% of the reference level. | Expense pressure is elevated. | Spending is growing faster than the configured threshold. | Spending is above the user's historical baseline. | Recurring financial obligations contribute to monthly pressure.,,Protect available cash and preserve a minimum liquidity buffer.
586,2026-09-01,0.6465037880816351,HIGH,OBLIGATION_PRESSURE,OBLIGATION_MANAGEMENT,3,0.1066096854641745,RULE_BASED_RECOMMENDATION,Expense pressure is elevated. | Spending is growing faster than the configured threshold. | Spending is above the user's historical baseline. | Recurring financial obligations contribute to monthly pressure. | The recent balance trajectory is declining.,,Review recurring obligations and reduce near-term payment pressure.
595,2026-09-01,0.6218381750565845,HIGH,LIQUIDITY_PRESSURE,LIQUIDITY_PROTECTION,1,-0.0182702161028401,SIMULATED_SUPPORT,Cash buffer is below 50% of the reference level. | Expense pressure is elevated. | Recurring financial obligations contribute to monthly pressure. | The assigned intervention has a negative estimated CATE in the synthetic experiment.,,Protect available cash and preserve a minimum liquidity buffer.
615,2026-09-01,0.551533025,MODERATE,OBLIGATION_PRESSURE,OBLIGATION_MANAGEMENT,3,0.0339409398364507,RULE_BASED_RECOMMENDATION,Expense pressure is elevated. | Spending is above the user's historical baseline. | Recurring financial obligations contribute to monthly pressure. | The recent balance trajectory is declining.,,Review recurring obligations and reduce near-term payment pressure.
620,2026-09-01,0.5691218197223915,MODERATE,STABLE,SAVINGS_REINFORCEMENT,4,0.1241872253968093,MONITOR,Expense pressure is elevated. | Recurring financial obligations contribute to monthly pressure.,,Maintain current financial behavior and reinforce savings.
628,2026-09-01,0.8421396785692005,HIGH,LIQUIDITY_PRESSURE,LIQUIDITY_PROTECTION,1,-0.0322726088983829,SIMULATED_SUPPORT,Cash buffer is below 50% of the reference level. | Expense pressure is elevated. | Spending is growing faster than the configured threshold. | Spending is above the user's historical baseline. | Recurring financial obligations contribute to monthly pressure.,,Protect available cash and preserve a minimum liquidity buffer.
660,2026-09-01,0.701058610504944,HIGH,LIQUIDITY_PRESSURE,LIQUIDITY_PROTECTION,1,0.0767747608522107,RULE_BASED_RECOMMENDATION,Cash buffer is below 50% of the reference level. | Expense pressure is elevated. | Spending is growing faster than the configured threshold. | Recurring financial obligations contribute to monthly pressure.,,Protect available cash and preserve a minimum liquidity buffer.
676,2026-09-01,0.6068984039207944,HIGH,STABLE,SAVINGS_REINFORCEMENT,4,-0.0043551769366399,MONITOR,Expense pressure is elevated. | Spending is growing faster than the configured threshold. | Spending is above the user's historical baseline. | Recurring financial obligations contribute to monthly pressure. | The assigned intervention has a negative estimated CATE in the synthetic experiment.,,Maintain current financial behavior and reinforce savings.
681,2026-09-01,0.543988775,MODERATE,OBLIGATION_PRESSURE,OBLIGATION_MANAGEMENT,3,-0.0653185074084844,SIMULATED_SUPPORT,Expense pressure is elevated. | Spending is above the user's historical baseline. | Recurring financial obligations contribute to monthly pressure. | The recent balance trajectory is declining. | The assigned intervention has a negative estimated CATE in the synthetic experiment.,,Review recurring obligations and reduce near-term payment pressure.
687,2026-09-01,0.7606581369876966,HIGH,LIQUIDITY_PRESSURE,LIQUIDITY_PROTECTION,1,-0.0215800596032794,SIMULATED_SUPPORT,Cash buffer is below 50% of the reference level. | Expense pressure is elevated. | Spending is growing faster than the configured threshold. | Spending is above the user's historical baseline. | Recurring financial obligations contribute to monthly pressure.,,Protect available cash and preserve a minimum liquidity buffer.
692,2026-09-01,0.5101211381139312,MODERATE,OBLIGATION_PRESSURE,OBLIGATION_MANAGEMENT,3,-0.0956285364675458,SIMULATED_SUPPORT,Expense pressure is elevated. | Recurring financial obligations contribute to monthly pressure. | The recent balance trajectory is declining. | The assigned intervention has a negative estimated CATE in the synthetic experiment.,,Review recurring obligations and reduce near-term payment pressure.
696,2026-09-01,0.7675327392462274,HIGH,LIQUIDITY_PRESSURE,LIQUIDITY_PROTECTION,1,-0.2051573757697986,STRONG_SIMULATED_SUPPORT,Cash buffer is below 50% of the reference level. | Expense pressure is elevated. | Spending is above the user's historical baseline. | Recurring financial obligations contribute to monthly pressure. | The recent balance trajectory is declining.,,Protect available cash and preserve a minimum liquidity buffer.
703,2026-09-01,0.608778350824663,HIGH,STABLE,SAVINGS_REINFORCEMENT,4,-0.0279303358419993,MONITOR,Expense pressure is elevated. | Spending is growing faster than the configured threshold. | Spending is above the user's historical baseline. | Recurring financial obligations contribute to monthly pressure. | The assigned intervention has a negative estimated CATE in the synthetic experiment.,,Maintain current financial behavior and reinforce savings.
727,2026-09-01,0.5876821750000001,MODERATE,STABLE,SAVINGS_REINFORCEMENT,4,-0.0482872318245014,MONITOR,Expense pressure is elevated. | Spending is above the user's historical baseline. | Recurring financial obligations contribute to monthly pressure. | The assigned intervention has a negative estimated CATE in the synthetic experiment.,,Maintain current financial behavior and reinforce savings.
729,2026-09-01,0.6022114820025029,HIGH,STABLE,SAVINGS_REINFORCEMENT,4,-0.0523618969108521,MONITOR,Expense pressure is elevated. | Spending is growing faster than the configured threshold. | Recurring financial obligations contribute to monthly pressure. | The assigned intervention has a negative estimated CATE in the synthetic experiment.,,Maintain current financial behavior and reinforce savings.
738,2026-09-01,0.5366784878879199,MODERATE,STABLE,SAVINGS_REINFORCEMENT,4,-0.0848097814136903,MONITOR,Expense pressure is elevated. | Recurring financial obligations contribute to monthly pressure. | The assigned intervention has a negative estimated CATE in the synthetic experiment.,,Maintain current financial behavior and reinforce savings.
744,2026-09-01,0.5443975840542344,MODERATE,OBLIGATION_PRESSURE,OBLIGATION_MANAGEMENT,3,-0.1293179525252822,STRONG_SIMULATED_SUPPORT,Expense pressure is elevated. | Spending is above the user's historical baseline. | Recurring financial obligations contribute to monthly pressure. | The recent balance trajectory is declining. | The assigned intervention has a strong negative estimated CATE in the synthetic experiment.,,Review recurring obligations and reduce near-term payment pressure.
750,2026-09-01,0.590048840140219,MODERATE,LIQUIDITY_PRESSURE,LIQUIDITY_PROTECTION,1,0.1314910829767642,RULE_BASED_RECOMMENDATION,Cash buffer is below 50% of the reference level. | Expense pressure is elevated. | Recurring financial obligations contribute to monthly pressure.,,Protect available cash and preserve a minimum liquidity buffer.
754,2026-09-01,0.6344526562581928,HIGH,LIQUIDITY_PRESSURE,LIQUIDITY_PROTECTION,1,0.139646643604074,RULE_BASED_RECOMMENDATION,Cash buffer is below 50% of the reference level. | Expense pressure is elevated. | Recurring financial obligations contribute to monthly pressure.,,Protect available cash and preserve a minimum liquidity buffer.
801,2026-09-01,0.6657080544466704,HIGH,STABLE,SAVINGS_REINFORCEMENT,4,0.0074364258219754,MONITOR,Expense pressure is elevated. | Spending is growing faster than the configured threshold. | Recurring financial obligations contribute to monthly pressure.,,Maintain current financial behavior and reinforce savings.
824,2026-09-01,0.51885915,MODERATE,STABLE,SAVINGS_REINFORCEMENT,4,0.0547393646010889,MONITOR,Expense pressure is elevated. | Recurring financial obligations contribute to monthly pressure.,,Maintain current financial behavior and reinforce savings.
827,2026-09-01,0.6899356677598547,HIGH,LIQUIDITY_PRESSURE,LIQUIDITY_PROTECTION,1,0.0376616345470834,RULE_BASED_RECOMMENDATION,Cash buffer is below 50% of the reference level. | Expense pressure is elevated. | Recurring financial obligations contribute to monthly pressure. | The recent balance trajectory is declining.,,Protect available cash and preserve a minimum liquidity buffer.
848,2026-09-01,0.6191783289441998,HIGH,LIQUIDITY_PRESSURE,LIQUIDITY_PROTECTION,1,0.0468840236174836,RULE_BASED_RECOMMENDATION,Cash buffer is below 50% of the reference level. | Expense pressure is elevated. | Spending is above the user's historical baseline. | Recurring financial obligations contribute to monthly pressure.,,Protect available cash and preserve a minimum liquidity buffer.
891,2026-09-01,0.8141764946920322,HIGH,LIQUIDITY_PRESSURE,LIQUIDITY_PROTECTION,1,-0.0829300485447934,SIMULATED_SUPPORT,Cash buffer is below 50% of the reference level. | Expense pressure is elevated. | Spending is growing faster than the configured threshold. | Spending is above the user's historical baseline. | Recurring financial obligations contribute to monthly pressure.,,Protect available cash and preserve a minimum liquidity buffer.
918,2026-09-01,0.5507173036448301,MODERATE,STABLE,SAVINGS_REINFORCEMENT,4,-0.19165205273344,MONITOR,Expense pressure is elevated. | Spending is growing faster than the configured threshold. | Spending is above the user's historical baseline. | Recurring financial obligations contribute to monthly pressure. | The assigned intervention has a strong negative estimated CATE in the synthetic experiment.,,Maintain current financial behavior and reinforce savings.
923,2026-09-01,0.5087532499999999,MODERATE,STABLE,SAVINGS_REINFORCEMENT,4,0.1822611071132743,MONITOR,Expense pressure is elevated. | Recurring financial obligations contribute to monthly pressure.,,Maintain current financial behavior and reinforce savings.
930,2026-09-01,0.5794837242836195,MODERATE,STABLE,SAVINGS_REINFORCEMENT,4,0.1174325341454833,MONITOR,Expense pressure is elevated. | Spending is growing faster than the configured threshold. | Spending is above the user's historical baseline. | Recurring financial obligations contribute to monthly pressure.,,Maintain current financial behavior and reinforce savings.
937,2026-09-01,0.5213714968751141,MODERATE,STABLE,SAVINGS_REINFORCEMENT,4,0.2027848773080471,MONITOR,Expense pressure is elevated. | Spending is growing faster than the configured threshold. | Recurring financial obligations contribute to monthly pressure.,,Maintain current financial behavior and reinforce savings.
938,2026-09-01,0.6606328,HIGH,LIQUIDITY_PRESSURE,LIQUIDITY_PROTECTION,1,0.074657678227607,RULE_BASED_RECOMMENDATION,Cash buffer is below 50% of the reference level. | Expense pressure is elevated. | Recurring financial obligations contribute to monthly pressure.,,Protect available cash and preserve a minimum liquidity buffer.
940,2026-09-01,0.6864739341319861,HIGH,LIQUIDITY_PRESSURE,LIQUIDITY_PROTECTION,1,0.0503960403152084,RULE_BASED_RECOMMENDATION,Cash buffer is below 50% of the reference level. | Expense pressure is elevated. | Spending is growing faster than the configured threshold. | Spending is above the user's historical baseline. | Recurring financial obligations contribute to monthly pressure.,,Protect available cash and preserve a minimum liquidity buffer.
942,2026-09-01,0.5214364237407506,MODERATE,STABLE,SAVINGS_REINFORCEMENT,4,0.0473972311894646,MONITOR,Expense pressure is elevated. | Spending is growing faster than the configured threshold. | Recurring financial obligations contribute to monthly pressure.,,Maintain current financial behavior and reinforce savings.
948,2026-09-01,0.5816581029674285,MODERATE,STABLE,SAVINGS_REINFORCEMENT,4,-0.0818281991922118,MONITOR,Expense pressure is elevated. | Recurring financial obligations contribute to monthly pressure. | The assigned intervention has a negative estimated CATE in the synthetic experiment.,,Maintain current financial behavior and reinforce savings.
953,2026-09-01,0.50331455,MODERATE,STABLE,SAVINGS_REINFORCEMENT,4,-0.0145666249170504,MONITOR,Expense pressure is elevated. | Recurring financial obligations contribute to monthly pressure. | The assigned intervention has a negative estimated CATE in the synthetic experiment.,,Maintain current financial behavior and reinforce savings.
962,2026-09-01,0.5130431047570481,MODERATE,STABLE,SAVINGS_REINFORCEMENT,4,0.0350207741819583,MONITOR,Expense pressure is elevated. | Spending is above the user's historical baseline. | Recurring financial obligations contribute to monthly pressure.,,Maintain current financial behavior and reinforce savings.
965,2026-09-01,0.5633344232092095,MODERATE,STABLE,SAVINGS_REINFORCEMENT,4,0.1247141677551894,MONITOR,Expense pressure is elevated. | Spending is growing faster than the configured threshold. | Spending is above the user's historical baseline. | Recurring financial obligations contribute to monthly pressure.,,Maintain current financial behavior and reinforce savings.
967,2026-09-01,0.6989311942672908,HIGH,LIQUIDITY_PRESSURE,LIQUIDITY_PROTECTION,1,0.0075614260230629,RULE_BASED_RECOMMENDATION,Cash buffer is below 50% of the reference level. | Expense pressure is elevated. | Spending is growing faster than the configured threshold. | Spending is above the user's historical baseline. | Recurring financial obligations contribute to monthly pressure.,,Protect available cash and preserve a minimum liquidity buffer.
977,2026-09-01,0.48872080381960015,MODERATE,STABLE,SAVINGS_REINFORCEMENT,4,-0.0836060486167835,MONITOR,Expense pressure is elevated. | Recurring financial obligations contribute to monthly pressure. | The assigned intervention has a negative estimated CATE in the synthetic experiment.,,Maintain current financial behavior and reinforce savings.
990,2026-09-01,0.5626840365754716,MODERATE,STABLE,SAVINGS_REINFORCEMENT,4,0.0707773272335966,MONITOR,Expense pressure is elevated. | Spending is above the user's historical baseline. | Recurring financial obligations contribute to monthly pressure.,,Maintain current financial behavior and reinforce savings.
993,2026-09-01,0.5125747627145122,MODERATE,STABLE,SAVINGS_REINFORCEMENT,4,0.1441529474330826,MONITOR,Expense pressure is elevated. | Recurring financial obligations contribute to monthly pressure.,,Maintain current financial behavior and reinforce savings.
997,2026-09-01,0.722185225,HIGH,LIQUIDITY_PRESSURE,LIQUIDITY_PROTECTION,1,-0.0663876469247983,SIMULATED_SUPPORT,Cash buffer is below 50% of the reference level. | Expense pressure is elevated. | Recurring financial obligations contribute to monthly pressure. | The assigned intervention has a negative estimated CATE in the synthetic experiment.,,Protect available cash and preserve a minimum liquidity buffer.
9,2026-09-01,0.5202337844650987,MODERATE,OBLIGATION_PRESSURE,OBLIGATION_MANAGEMENT,3,-0.3030559067838482,STRONG_SIMULATED_SUPPORT,Expense pressure is elevated. | Spending is above the user's historical baseline. | Recurring financial obligations contribute to monthly pressure. | The recent balance trajectory is declining. | The assigned intervention has a strong negative estimated CATE in the synthetic experiment.,,Review recurring obligations and reduce near-term payment pressure.
20,2026-09-01,0.4574914805762182,MODERATE,STABLE,SAVINGS_REINFORCEMENT,4,-0.1771785461187617,MONITOR,Recurring financial obligations contribute to monthly pressure. | The assigned intervention has a strong negative estimated CATE in the synthetic experiment.,,Maintain current financial behavior and reinforce savings.
31,2026-09-01,0.5966677986458125,MODERATE,OBLIGATION_PRESSURE,OBLIGATION_MANAGEMENT,3,-0.0897379805224605,SIMULATED_SUPPORT,Expense pressure is elevated. | Spending is growing faster than the configured threshold. | Spending is above the user's historical baseline. | Recurring financial obligations contribute to monthly pressure. | The recent balance trajectory is declining.,,Review recurring obligations and reduce near-term payment pressure.
44,2026-09-01,0.5154354053080421,MODERATE,STABLE,SAVINGS_REINFORCEMENT,4,-0.0580227045689572,MONITOR,Expense pressure is elevated. | Spending is growing faster than the configured threshold. | Spending is above the user's historical baseline. | Recurring financial obligations contribute to monthly pressure. | The assigned intervention has a negative estimated CATE in the synthetic experiment.,,Maintain current financial behavior and reinforce savings.
50,2026-09-01,0.5131124146349683,MODERATE,STABLE,SAVINGS_REINFORCEMENT,4,-0.265913818308168,MONITOR,Expense pressure is elevated. | Recurring financial obligations contribute to monthly pressure. | The assigned intervention has a strong negative estimated CATE in the synthetic experiment.,,Maintain current financial behavior and reinforce savings.
75,2026-09-01,0.46308084591013005,MODERATE,STABLE,SAVINGS_REINFORCEMENT,4,-0.1910836667988001,MONITOR,Expense pressure is elevated. | Recurring financial obligations contribute to monthly pressure. | The assigned intervention has a strong negative estimated CATE in the synthetic experiment.,,Maintain current financial behavior and reinforce savings.
90,2026-09-01,0.6638759634900602,HIGH,OBLIGATION_PRESSURE,OBLIGATION_MANAGEMENT,3,-0.2929454125101533,STRONG_SIMULATED_SUPPORT,Expense pressure is elevated. | Spending is growing faster than the configured threshold. | Spending is above the user's historical baseline. | Recurring financial obligations contribute to monthly pressure. | The recent balance trajectory is declining.,,Review recurring obligations and reduce near-term payment pressure.
95,2026-09-01,0.48840062932701933,MODERATE,STABLE,SAVINGS_REINFORCEMENT,4,-0.3161303928768727,MONITOR,Expense pressure is elevated. | Recurring financial obligations contribute to monthly pressure. | The assigned intervention has a strong negative estimated CATE in the synthetic experiment.,,Maintain current financial behavior and reinforce savings.
101,2026-09-01,0.0,LOW,OBLIGATION_PRESSURE,SAVINGS_REINFORCEMENT,4,-0.1787401471567561,MONITOR,Expense pressure is elevated. | Recurring financial obligations contribute to monthly pressure. | The recent balance trajectory is declining. | The assigned intervention has a strong negative estimated CATE in the synthetic experiment.,,Maintain current financial behavior and reinforce savings.
133,2026-09-01,0.613548611765971,HIGH,STABLE,SAVINGS_REINFORCEMENT,4,-0.1105855802342995,MONITOR,Expense pressure is elevated. | Spending is growing faster than the configured threshold. | Recurring financial obligations contribute to monthly pressure. | The assigned intervention has a strong negative estimated CATE in the synthetic experiment.,,Maintain current financial behavior and reinforce savings.
180,2026-09-01,0.4778760180352635,MODERATE,STABLE,SAVINGS_REINFORCEMENT,4,-0.115134150944635,MONITOR,Spending is growing faster than the configured threshold. | Recurring financial obligations contribute to monthly pressure. | The assigned intervention has a strong negative estimated CATE in the synthetic experiment.,,Maintain current financial behavior and reinforce savings.
184,2026-09-01,0.4791069934973609,MODERATE,STABLE,SAVINGS_REINFORCEMENT,4,-0.2780909287576872,MONITOR,Expense pressure is elevated. | Recurring financial obligations contribute to monthly pressure. | The assigned intervention has a strong negative estimated CATE in the synthetic experiment.,,Maintain current financial behavior and reinforce savings.
191,2026-09-01,0.4724913373308005,MODERATE,STABLE,SAVINGS_REINFORCEMENT,4,-0.2068491915291452,MONITOR,Expense pressure is elevated. | Spending is above the user's historical baseline. | Recurring financial obligations contribute to monthly pressure. | The assigned intervention has a strong negative estimated CATE in the synthetic experiment.,,Maintain current financial behavior and reinforce savings.
194,2026-09-01,0.4656626767992724,MODERATE,STABLE,SAVINGS_REINFORCEMENT,4,-0.1259216039600292,MONITOR,Expense pressure is elevated. | Recurring financial obligations contribute to monthly pressure. | The assigned intervention has a strong negative estimated CATE in the synthetic experiment.,,Maintain current financial behavior and reinforce savings.
204,2026-09-01,0.47577129689150527,MODERATE,STABLE,SAVINGS_REINFORCEMENT,4,-0.3572343631822309,MONITOR,Expense pressure is elevated. | Recurring financial obligations contribute to monthly pressure. | The assigned intervention has a strong negative estimated CATE in the synthetic experiment.,,Maintain current financial behavior and reinforce savings.
213,2026-09-01,0.47055930990750516,MODERATE,STABLE,SAVINGS_REINFORCEMENT,4,-0.1800511759417685,MONITOR,Expense pressure is elevated. | Recurring financial obligations contribute to monthly pressure. | The assigned intervention has a strong negative estimated CATE in the synthetic experiment.,,Maintain current financial behavior and reinforce savings.
220,2026-09-01,0.49020286648334843,MODERATE,STABLE,SAVINGS_REINFORCEMENT,4,-0.2880327819242353,MONITOR,Expense pressure is elevated. | Recurring financial obligations contribute to monthly pressure. | The assigned intervention has a strong negative estimated CATE in the synthetic experiment.,,Maintain current financial behavior and reinforce savings.
225,2026-09-01,0.5400392121265235,MODERATE,STABLE,SAVINGS_REINFORCEMENT,4,-0.067808865045907,MONITOR,Expense pressure is elevated. | Spending is growing faster than the configured threshold. | Spending is above the user's historical baseline. | Recurring financial obligations contribute to monthly pressure. | The assigned intervention has a negative estimated CATE in the synthetic experiment.,,Maintain current financial behavior and reinforce savings.
262,2026-09-01,0.48685956498014443,MODERATE,STABLE,SAVINGS_REINFORCEMENT,4,-0.1896491023813381,MONITOR,Expense pressure is elevated. | Recurring financial obligations contribute to monthly pressure. | The assigned intervention has a strong negative estimated CATE in the synthetic experiment.,,Maintain current financial behavior and reinforce savings.
267,2026-09-01,0.4517133954874656,MODERATE,STABLE,SAVINGS_REINFORCEMENT,4,-0.120085569708061,MONITOR,Spending is above the user's historical baseline. | Recurring financial obligations contribute to monthly pressure. | The assigned intervention has a strong negative estimated CATE in the synthetic experiment.,,Maintain current financial behavior and reinforce savings.
280,2026-09-01,0.47828050874220823,MODERATE,STABLE,SAVINGS_REINFORCEMENT,4,-0.1617222969872031,MONITOR,Expense pressure is elevated. | Spending is above the user's historical baseline. | Recurring financial obligations contribute to monthly pressure. | The assigned intervention has a strong negative estimated CATE in the synthetic experiment.,,Maintain current financial behavior and reinforce savings.
295,2026-09-01,0.6371273201295001,HIGH,STABLE,SAVINGS_REINFORCEMENT,4,-0.1470915700152946,MONITOR,Expense pressure is elevated. | Spending is growing faster than the configured threshold. | Spending is above the user's historical baseline. | Recurring financial obligations contribute to monthly pressure. | The assigned intervention has a strong negative estimated CATE in the synthetic experiment.,,Maintain current financial behavior and reinforce savings.
313,2026-09-01,0.5548882585863781,MODERATE,STABLE,SAVINGS_REINFORCEMENT,4,-0.0290633926547612,MONITOR,Expense pressure is elevated. | Spending is growing faster than the configured threshold. | Spending is above the user's historical baseline. | Recurring financial obligations contribute to monthly pressure. | The assigned intervention has a negative estimated CATE in the synthetic experiment.,,Maintain current financial behavior and reinforce savings.
332,2026-09-01,0.512442381915775,MODERATE,STABLE,SAVINGS_REINFORCEMENT,4,-0.1629534284588839,MONITOR,Expense pressure is elevated. | Spending is growing faster than the configured threshold. | Spending is above the user's historical baseline. | Recurring financial obligations contribute to monthly pressure. | The assigned intervention has a strong negative estimated CATE in the synthetic experiment.,,Maintain current financial behavior and reinforce savings.
338,2026-09-01,0.5115940557967077,MODERATE,STABLE,SAVINGS_REINFORCEMENT,4,-0.1375733850846454,MONITOR,Expense pressure is elevated. | Spending is above the user's historical baseline. | Recurring financial obligations contribute to monthly pressure. | The assigned intervention has a strong negative estimated CATE in the synthetic experiment.,,Maintain current financial behavior and reinforce savings.
395,2026-09-01,0.4947457473934184,MODERATE,STABLE,SAVINGS_REINFORCEMENT,4,-0.1139422001938607,MONITOR,Expense pressure is elevated. | Spending is growing faster than the configured threshold. | Recurring financial obligations contribute to monthly pressure. | The assigned intervention has a strong negative estimated CATE in the synthetic experiment.,,Maintain current financial behavior and reinforce savings.
401,2026-09-01,0.4822317527371118,MODERATE,STABLE,SAVINGS_REINFORCEMENT,4,-0.1476108875358099,MONITOR,Expense pressure is elevated. | Recurring financial obligations contribute to monthly pressure. | The assigned intervention has a strong negative estimated CATE in the synthetic experiment.,,Maintain current financial behavior and reinforce savings.
403,2026-09-01,0.4879533628955547,MODERATE,STABLE,SAVINGS_REINFORCEMENT,4,-0.1959104195085302,MONITOR,Expense pressure is elevated. | Recurring financial obligations contribute to monthly pressure. | The assigned intervention has a strong negative estimated CATE in the synthetic experiment.,,Maintain current financial behavior and reinforce savings.
407,2026-09-01,0.5100310542734734,MODERATE,STABLE,SAVINGS_REINFORCEMENT,4,-0.2154302834964601,MONITOR,Expense pressure is elevated. | Recurring financial obligations contribute to monthly pressure. | The assigned intervention has a strong negative estimated CATE in the synthetic experiment.,,Maintain current financial behavior and reinforce savings.
408,2026-09-01,0.46781555379163786,MODERATE,STABLE,SAVINGS_REINFORCEMENT,4,-0.0646567909145683,MONITOR,Recurring financial obligations contribute to monthly pressure. | The assigned intervention has a negative estimated CATE in the synthetic experiment.,,Maintain current financial behavior and reinforce savings.
433,2026-09-01,0.5874771440564653,MODERATE,STABLE,SAVINGS_REINFORCEMENT,4,-0.1112275510067759,MONITOR,Expense pressure is elevated. | Spending is growing faster than the configured threshold. | Spending is above the user's historical baseline. | Recurring financial obligations contribute to monthly pressure. | The assigned intervention has a strong negative estimated CATE in the synthetic experiment.,,Maintain current financial behavior and reinforce savings.
440,2026-09-01,0.5011651731379894,MODERATE,STABLE,SAVINGS_REINFORCEMENT,4,-0.1911421826007369,MONITOR,Expense pressure is elevated. | Recurring financial obligations contribute to monthly pressure. | The assigned intervention has a strong negative estimated CATE in the synthetic experiment.,,Maintain current financial behavior and reinforce savings.
454,2026-09-01,0.5417160843170762,MODERATE,STABLE,SAVINGS_REINFORCEMENT,4,-0.1100306121467111,MONITOR,Expense pressure is elevated. | Spending is growing faster than the configured threshold. | Recurring financial obligations contribute to monthly pressure. | The assigned intervention has a strong negative estimated CATE in the synthetic experiment.,,Maintain current financial behavior and reinforce savings.
476,2026-09-01,0.47756456851384216,MODERATE,STABLE,SAVINGS_REINFORCEMENT,4,-0.1677179575956666,MONITOR,Expense pressure is elevated. | Spending is above the user's historical baseline. | Recurring financial obligations contribute to monthly pressure. | The assigned intervention has a strong negative estimated CATE in the synthetic experiment.,,Maintain current financial behavior and reinforce savings.
480,2026-09-01,0.5246442353425922,MODERATE,STABLE,SAVINGS_REINFORCEMENT,4,-0.2931010065425329,MONITOR,Expense pressure is elevated. | Spending is above the user's historical baseline. | Recurring financial obligations contribute to monthly pressure. | The assigned intervention has a strong negative estimated CATE in the synthetic experiment.,,Maintain current financial behavior and reinforce savings.
495,2026-09-01,0.4660968287672132,MODERATE,STABLE,SAVINGS_REINFORCEMENT,4,-0.3129200635605062,MONITOR,Recurring financial obligations contribute to monthly pressure. | The assigned intervention has a strong negative estimated CATE in the synthetic experiment.,,Maintain current financial behavior and reinforce savings.
496,2026-09-01,0.49209761146804737,MODERATE,STABLE,SAVINGS_REINFORCEMENT,4,-0.1751900449555623,MONITOR,Expense pressure is elevated. | Recurring financial obligations contribute to monthly pressure. | The assigned intervention has a strong negative estimated CATE in the synthetic experiment.,,Maintain current financial behavior and reinforce savings.
497,2026-09-01,0.4746787587172507,MODERATE,STABLE,SAVINGS_REINFORCEMENT,4,-0.0657581740090606,MONITOR,Expense pressure is elevated. | Recurring financial obligations contribute to monthly pressure. | The assigned intervention has a negative estimated CATE in the synthetic experiment.,,Maintain current financial behavior and reinforce savings.
500,2026-09-01,0.4921518645796827,MODERATE,STABLE,SAVINGS_REINFORCEMENT,4,-0.4220206440515658,MONITOR,Expense pressure is elevated. | Recurring financial obligations contribute to monthly pressure. | The assigned intervention has a strong negative estimated CATE in the synthetic experiment.,,Maintain current financial behavior and reinforce savings.
511,2026-09-01,0.5785473698740019,MODERATE,STABLE,SAVINGS_REINFORCEMENT,4,-0.2029636963266625,MONITOR,Expense pressure is elevated. | Spending is growing faster than the configured threshold. | Spending is above the user's historical baseline. | Recurring financial obligations contribute to monthly pressure. | The assigned intervention has a strong negative estimated CATE in the synthetic experiment.,,Maintain current financial behavior and reinforce savings.
513,2026-09-01,0.47730077544211513,MODERATE,STABLE,SAVINGS_REINFORCEMENT,4,-0.2107261894798725,MONITOR,Expense pressure is elevated. | Recurring financial obligations contribute to monthly pressure. | The assigned intervention has a strong negative estimated CATE in the synthetic experiment.,,Maintain current financial behavior and reinforce savings.
551,2026-09-01,0.486249941228294,MODERATE,STABLE,SAVINGS_REINFORCEMENT,4,-0.1154080169629704,MONITOR,Expense pressure is elevated. | Recurring financial obligations contribute to monthly pressure. | The assigned intervention has a strong negative estimated CATE in the synthetic experiment.,,Maintain current financial behavior and reinforce savings.
561,2026-09-01,0.5159980885515869,MODERATE,STABLE,SAVINGS_REINFORCEMENT,4,-0.0645711798724637,MONITOR,Expense pressure is elevated. | Spending is growing faster than the configured threshold. | Spending is above the user's historical baseline. | Recurring financial obligations contribute to monthly pressure. | The assigned intervention has a negative estimated CATE in the synthetic experiment.,,Maintain current financial behavior and reinforce savings.
578,2026-09-01,0.5824302446410592,MODERATE,STABLE,SAVINGS_REINFORCEMENT,4,-0.1692997406420462,MONITOR,Expense pressure is elevated. | Spending is growing faster than the configured threshold. | Spending is above the user's historical baseline. | Recurring financial obligations contribute to monthly pressure. | The assigned intervention has a strong negative estimated CATE in the synthetic experiment.,,Maintain current financial behavior and reinforce savings.
580,2026-09-01,0.5494037629715284,MODERATE,STABLE,SAVINGS_REINFORCEMENT,4,-0.2508572058815494,MONITOR,Expense pressure is elevated. | Spending is growing faster than the configured threshold. | Spending is above the user's historical baseline. | Recurring financial obligations contribute to monthly pressure. | The assigned intervention has a strong negative estimated CATE in the synthetic experiment.,,Maintain current financial behavior and reinforce savings.
601,2026-09-01,0.4571672564755881,MODERATE,STABLE,SAVINGS_REINFORCEMENT,4,-0.0722526050591438,MONITOR,Recurring financial obligations contribute to monthly pressure. | The assigned intervention has a negative estimated CATE in the synthetic experiment.,,Maintain current financial behavior and reinforce savings.
611,2026-09-01,0.5171979046015579,MODERATE,STABLE,SAVINGS_REINFORCEMENT,4,-0.229281744327797,MONITOR,Expense pressure is elevated. | Recurring financial obligations contribute to monthly pressure. | The assigned intervention has a strong negative estimated CATE in the synthetic experiment.,,Maintain current financial behavior and reinforce savings.
677,2026-09-01,0.4718022647865976,MODERATE,STABLE,SAVINGS_REINFORCEMENT,4,-0.3024614379354718,MONITOR,Expense pressure is elevated. | Recurring financial obligations contribute to monthly pressure. | The assigned intervention has a strong negative estimated CATE in the synthetic experiment.,,Maintain current financial behavior and reinforce savings.
697,2026-09-01,0.4663962264415371,MODERATE,STABLE,SAVINGS_REINFORCEMENT,4,-0.1875940228003299,MONITOR,Recurring financial obligations contribute to monthly pressure. | The assigned intervention has a strong negative estimated CATE in the synthetic experiment.,,Maintain current financial behavior and reinforce savings.
711,2026-09-01,0.5078056205087907,MODERATE,STABLE,SAVINGS_REINFORCEMENT,4,-0.3231863899700211,MONITOR,Expense pressure is elevated. | Recurring financial obligations contribute to monthly pressure. | The assigned intervention has a strong negative estimated CATE in the synthetic experiment.,,Maintain current financial behavior and reinforce savings.
717,2026-09-01,0.5510007812699204,MODERATE,STABLE,SAVINGS_REINFORCEMENT,4,-0.1571409770713178,MONITOR,Expense pressure is elevated. | Spending is growing faster than the configured threshold. | Spending is above the user's historical baseline. | Recurring financial obligations contribute to monthly pressure. | The assigned intervention has a strong negative estimated CATE in the synthetic experiment.,,Maintain current financial behavior and reinforce savings.
728,2026-09-01,0.5176725532059002,MODERATE,STABLE,SAVINGS_REINFORCEMENT,4,-0.1371692274808727,MONITOR,Expense pressure is elevated. | Spending is growing faster than the configured threshold. | Spending is above the user's historical baseline. | Recurring financial obligations contribute to monthly pressure. | The assigned intervention has a strong negative estimated CATE in the synthetic experiment.,,Maintain current financial behavior and reinforce savings.
739,2026-09-01,0.4795781699506568,MODERATE,STABLE,SAVINGS_REINFORCEMENT,4,-0.2898487565001845,MONITOR,Expense pressure is elevated. | Recurring financial obligations contribute to monthly pressure. | The assigned intervention has a strong negative estimated CATE in the synthetic experiment.,,Maintain current financial behavior and reinforce savings.
741,2026-09-01,0.4978613588430586,MODERATE,STABLE,SAVINGS_REINFORCEMENT,4,-0.0101330341628329,MONITOR,Expense pressure is elevated. | Spending is growing faster than the configured threshold. | Recurring financial obligations contribute to monthly pressure. | The assigned intervention has a negative estimated CATE in the synthetic experiment.,,Maintain current financial behavior and reinforce savings.
746,2026-09-01,0.5660304031517764,MODERATE,STABLE,SAVINGS_REINFORCEMENT,4,-0.1788710466455401,MONITOR,Expense pressure is elevated. | Spending is growing faster than the configured threshold. | Spending is above the user's historical baseline. | Recurring financial obligations contribute to monthly pressure. | The assigned intervention has a strong negative estimated CATE in the synthetic experiment.,,Maintain current financial behavior and reinforce savings.
764,2026-09-01,0.5183321959867262,MODERATE,OBLIGATION_PRESSURE,OBLIGATION_MANAGEMENT,3,-0.1970396126634517,STRONG_SIMULATED_SUPPORT,Expense pressure is elevated. | Recurring financial obligations contribute to monthly pressure. | The recent balance trajectory is declining. | The assigned intervention has a strong negative estimated CATE in the synthetic experiment.,,Review recurring obligations and reduce near-term payment pressure.
778,2026-09-01,0.47765718275497293,MODERATE,STABLE,SAVINGS_REINFORCEMENT,4,-0.1634182138450342,MONITOR,Expense pressure is elevated. | Recurring financial obligations contribute to monthly pressure. | The assigned intervention has a strong negative estimated CATE in the synthetic experiment.,,Maintain current financial behavior and reinforce savings.
788,2026-09-01,0.5489811112843239,MODERATE,OBLIGATION_PRESSURE,OBLIGATION_MANAGEMENT,3,-0.1275307178345102,STRONG_SIMULATED_SUPPORT,Expense pressure is elevated. | Recurring financial obligations contribute to monthly pressure. | The recent balance trajectory is declining. | The assigned intervention has a strong negative estimated CATE in the synthetic experiment.,,Review recurring obligations and reduce near-term payment pressure.
796,2026-09-01,0.5171385165200074,MODERATE,STABLE,SAVINGS_REINFORCEMENT,4,-0.1728103961658597,MONITOR,Expense pressure is elevated. | Recurring financial obligations contribute to monthly pressure. | The assigned intervention has a strong negative estimated CATE in the synthetic experiment.,,Maintain current financial behavior and reinforce savings.
806,2026-09-01,0.5066498666901647,MODERATE,STABLE,SAVINGS_REINFORCEMENT,4,-0.3460115332229453,MONITOR,Expense pressure is elevated. | Recurring financial obligations contribute to monthly pressure. | The assigned intervention has a strong negative estimated CATE in the synthetic experiment.,,Maintain current financial behavior and reinforce savings.
847,2026-09-01,0.5306949987202785,MODERATE,STABLE,SAVINGS_REINFORCEMENT,4,-0.1672053998425096,MONITOR,Expense pressure is elevated. | Spending is growing faster than the configured threshold. | Spending is above the user's historical baseline. | Recurring financial obligations contribute to monthly pressure. | The assigned intervention has a strong negative estimated CATE in the synthetic experiment.,,Maintain current financial behavior and reinforce savings.
854,2026-09-01,0.5235753564905857,MODERATE,STABLE,SAVINGS_REINFORCEMENT,4,-0.2563199297405952,MONITOR,Expense pressure is elevated. | Spending is growing faster than the configured threshold. | Spending is above the user's historical baseline. | Recurring financial obligations contribute to monthly pressure. | The assigned intervention has a strong negative estimated CATE in the synthetic experiment.,,Maintain current financial behavior and reinforce savings.
856,2026-09-01,0.4792394242316605,MODERATE,STABLE,SAVINGS_REINFORCEMENT,4,-0.3852588159960073,MONITOR,Expense pressure is elevated. | Recurring financial obligations contribute to monthly pressure. | The assigned intervention has a strong negative estimated CATE in the synthetic experiment.,,Maintain current financial behavior and reinforce savings.
869,2026-09-01,0.4745616380218586,MODERATE,STABLE,SAVINGS_REINFORCEMENT,4,-0.2052004595066119,MONITOR,Expense pressure is elevated. | Recurring financial obligations contribute to monthly pressure. | The assigned intervention has a strong negative estimated CATE in the synthetic experiment.,,Maintain current financial behavior and reinforce savings.
873,2026-09-01,0.5150454628097185,MODERATE,STABLE,SAVINGS_REINFORCEMENT,4,-0.077635811635849,MONITOR,Expense pressure is elevated. | Spending is growing faster than the configured threshold. | Recurring financial obligations contribute to monthly pressure. | The assigned intervention has a negative estimated CATE in the synthetic experiment.,,Maintain current financial behavior and reinforce savings.
879,2026-09-01,0.48215979136321857,MODERATE,STABLE,SAVINGS_REINFORCEMENT,4,-0.1185469541000852,MONITOR,Spending is growing faster than the configured threshold. | Recurring financial obligations contribute to monthly pressure. | The assigned intervention has a strong negative estimated CATE in the synthetic experiment.,,Maintain current financial behavior and reinforce savings.
887,2026-09-01,0.4848448777558567,MODERATE,STABLE,SAVINGS_REINFORCEMENT,4,-0.0942879463934097,MONITOR,Expense pressure is elevated. | Recurring financial obligations contribute to monthly pressure. | The assigned intervention has a negative estimated CATE in the synthetic experiment.,,Maintain current financial behavior and reinforce savings.
901,2026-09-01,0.4858054322520565,MODERATE,STABLE,SAVINGS_REINFORCEMENT,4,-0.0997990015018251,MONITOR,Expense pressure is elevated. | Recurring financial obligations contribute to monthly pressure. | The assigned intervention has a negative estimated CATE in the synthetic experiment.,,Maintain current financial behavior and reinforce savings.
905,2026-09-01,0.4986726543960633,MODERATE,STABLE,SAVINGS_REINFORCEMENT,4,-0.1460209312877723,MONITOR,Expense pressure is elevated. | Recurring financial obligations contribute to monthly pressure. | The assigned intervention has a strong negative estimated CATE in the synthetic experiment.,,Maintain current financial behavior and reinforce savings.
939,2026-09-01,0.510458805794827,MODERATE,STABLE,SAVINGS_REINFORCEMENT,4,-0.1704389822927351,MONITOR,Expense pressure is elevated. | Spending is growing faster than the configured threshold. | Spending is above the user's historical baseline. | Recurring financial obligations contribute to monthly pressure. | The assigned intervention has a strong negative estimated CATE in the synthetic experiment.,,Maintain current financial behavior and reinforce savings.
946,2026-09-01,0.4935463938740754,MODERATE,STABLE,SAVINGS_REINFORCEMENT,4,-0.3738420352793038,MONITOR,Expense pressure is elevated. | Recurring financial obligations contribute to monthly pressure. | The assigned intervention has a strong negative estimated CATE in the synthetic experiment.,,Maintain current financial behavior and reinforce savings.
955,2026-09-01,0.46548732442239715,MODERATE,STABLE,SAVINGS_REINFORCEMENT,4,-0.1734780508952712,MONITOR,Expense pressure is elevated. | Recurring financial obligations contribute to monthly pressure. | The assigned intervention has a strong negative estimated CATE in the synthetic experiment.,,Maintain current financial behavior and reinforce savings.
956,2026-09-01,0.5458322607299225,MODERATE,OBLIGATION_PRESSURE,OBLIGATION_MANAGEMENT,3,-0.096456785009454,SIMULATED_SUPPORT,Expense pressure is elevated. | Recurring financial obligations contribute to monthly pressure. | The recent balance trajectory is declining. | The assigned intervention has a negative estimated CATE in the synthetic experiment.,,Review recurring obligations and reduce near-term payment pressure.
971,2026-09-01,0.4642284363203637,MODERATE,STABLE,SAVINGS_REINFORCEMENT,4,-0.2233400800049036,MONITOR,Expense pressure is elevated. | Recurring financial obligations contribute to monthly pressure. | The assigned intervention has a strong negative estimated CATE in the synthetic experiment.,,Maintain current financial behavior and reinforce savings.
975,2026-09-01,0.5540022914335238,MODERATE,STABLE,SAVINGS_REINFORCEMENT,4,-0.1530430118617105,MONITOR,Expense pressure is elevated. | Recurring financial obligations contribute to monthly pressure. | The assigned intervention has a strong negative estimated CATE in the synthetic experiment.,,Maintain current financial behavior and reinforce savings.
986,2026-09-01,0.48668630345861574,MODERATE,STABLE,SAVINGS_REINFORCEMENT,4,-0.3006106369485981,MONITOR,Expense pressure is elevated. | Recurring financial obligations contribute to monthly pressure. | The assigned intervention has a strong negative estimated CATE in the synthetic experiment.,,Maintain current financial behavior and reinforce savings.
989,2026-09-01,0.4446568175730469,MODERATE,STABLE,SAVINGS_REINFORCEMENT,4,0.0004336365388996,MONITOR,Recurring financial obligations contribute to monthly pressure.,,Maintain current financial behavior and reinforce savings.
7,2026-09-01,0.7146802939307075,HIGH,OBLIGATION_PRESSURE,OBLIGATION_MANAGEMENT,3,-0.036260412726805,SIMULATED_SUPPORT,Expense pressure is elevated. | Spending is growing faster than the configured threshold. | Spending is above the user's historical baseline. | Recurring financial obligations contribute to monthly pressure. | The recent balance trajectory is declining.,,Review recurring obligations and reduce near-term payment pressure.
12,2026-09-01,0.564701608837887,MODERATE,STABLE,SAVINGS_REINFORCEMENT,4,-0.0356622291280047,MONITOR,Expense pressure is elevated. | Spending is growing faster than the configured threshold. | Spending is above the user's historical baseline. | Recurring financial obligations contribute to monthly pressure. | The assigned intervention has a negative estimated CATE in the synthetic experiment.,,Maintain current financial behavior and reinforce savings.
14,2026-09-01,0.7629179016254386,HIGH,STABLE,SAVINGS_REINFORCEMENT,4,0.0006824602398992,MONITOR,Cash buffer is below 50% of the reference level. | Spending is growing faster than the configured threshold. | Spending is above the user's historical baseline. | Recurring financial obligations contribute to monthly pressure.,,Maintain current financial behavior and reinforce savings.
25,2026-09-01,0.5384414553750179,MODERATE,STABLE,SAVINGS_REINFORCEMENT,4,0.0302595484296249,MONITOR,Spending is growing faster than the configured threshold. | Spending is above the user's historical baseline. | Recurring financial obligations contribute to monthly pressure.,,Maintain current financial behavior and reinforce savings.
27,2026-09-01,0.6193401488179415,HIGH,OBLIGATION_PRESSURE,OBLIGATION_MANAGEMENT,3,0.1212724593273366,RULE_BASED_RECOMMENDATION,Expense pressure is elevated. | Spending is growing faster than the configured threshold. | Spending is above the user's historical baseline. | Recurring financial obligations contribute to monthly pressure. | The recent balance trajectory is declining.,,Review recurring obligations and reduce near-term payment pressure.
28,2026-09-01,0.7876730707625705,HIGH,STABLE,SAVINGS_REINFORCEMENT,4,0.152432599689607,MONITOR,Cash buffer is below 50% of the reference level. | Spending is growing faster than the configured threshold. | Spending is above the user's historical baseline. | Recurring financial obligations contribute to monthly pressure.,,Maintain current financial behavior and reinforce savings.
39,2026-09-01,0.5276613131756234,MODERATE,STABLE,SAVINGS_REINFORCEMENT,4,0.0289851788378866,MONITOR,Spending is growing faster than the configured threshold. | Spending is above the user's historical baseline. | Recurring financial obligations contribute to monthly pressure.,,Maintain current financial behavior and reinforce savings.
43,2026-09-01,0.6221069119059415,HIGH,STABLE,SAVINGS_REINFORCEMENT,4,0.0778887414653465,MONITOR,Spending is growing faster than the configured threshold. | Spending is above the user's historical baseline. | Recurring financial obligations contribute to monthly pressure.,,Maintain current financial behavior and reinforce savings.
45,2026-09-01,0.584386229042001,MODERATE,STABLE,SAVINGS_REINFORCEMENT,4,0.151197644394774,MONITOR,Expense pressure is elevated. | Spending is growing faster than the configured threshold. | Spending is above the user's historical baseline. | Recurring financial obligations contribute to monthly pressure.,,Maintain current financial behavior and reinforce savings.
46,2026-09-01,0.5216609235305272,MODERATE,STABLE,SAVINGS_REINFORCEMENT,4,-0.009021908475124,MONITOR,Spending is growing faster than the configured threshold. | Spending is above the user's historical baseline. | Recurring financial obligations contribute to monthly pressure. | The assigned intervention has a negative estimated CATE in the synthetic experiment.,,Maintain current financial behavior and reinforce savings.
49,2026-09-01,0.44129381041947946,MODERATE,STABLE,SAVINGS_REINFORCEMENT,4,-0.2149576330364632,MONITOR,Spending is growing faster than the configured threshold. | Spending is above the user's historical baseline. | Recurring financial obligations contribute to monthly pressure. | The assigned intervention has a strong negative estimated CATE in the synthetic experiment.,,Maintain current financial behavior and reinforce savings.
52,2026-09-01,0.6139008797417187,HIGH,STABLE,SAVINGS_REINFORCEMENT,4,0.1075916375212566,MONITOR,Expense pressure is elevated. | Spending is growing faster than the configured threshold. | Spending is above the user's historical baseline. | Recurring financial obligations contribute to monthly pressure.,,Maintain current financial behavior and reinforce savings.
63,2026-09-01,0.716561681002558,HIGH,SPENDING_PRESSURE,SPENDING_CONTROL,2,-0.1201253989682158,STRONG_SIMULATED_SUPPORT,Expense pressure is elevated. | Spending is growing faster than the configured threshold. | Spending is above the user's historical baseline. | Recurring financial obligations contribute to monthly pressure. | The assigned intervention has a strong negative estimated CATE in the synthetic experiment.,,Reduce discretionary spending and slow spending growth.
71,2026-09-01,0.7514400225980487,HIGH,SPENDING_PRESSURE,SPENDING_CONTROL,2,-0.2881010544236245,STRONG_SIMULATED_SUPPORT,Expense pressure is elevated. | Spending is growing faster than the configured threshold. | Spending is above the user's historical baseline. | Recurring financial obligations contribute to monthly pressure. | The recent balance trajectory is declining.,,Reduce discretionary spending and slow spending growth.
72,2026-09-01,0.633761211936498,HIGH,STABLE,SAVINGS_REINFORCEMENT,4,-0.1048421743999402,MONITOR,Spending is growing faster than the configured threshold. | Spending is above the user's historical baseline. | Recurring financial obligations contribute to monthly pressure. | The assigned intervention has a strong negative estimated CATE in the synthetic experiment.,,Maintain current financial behavior and reinforce savings.
74,2026-09-01,0.4942260668190762,MODERATE,STABLE,SAVINGS_REINFORCEMENT,4,-0.0018187483855154,MONITOR,Spending is growing faster than the configured threshold. | Spending is above the user's historical baseline. | Recurring financial obligations contribute to monthly pressure. | The assigned intervention has a negative estimated CATE in the synthetic experiment.,,Maintain current financial behavior and reinforce savings.
108,2026-09-01,0.5620163804816926,MODERATE,STABLE,SAVINGS_REINFORCEMENT,4,-0.1204711475851168,MONITOR,Spending is growing faster than the configured threshold. | Spending is above the user's historical baseline. | Recurring financial obligations contribute to monthly pressure. | The assigned intervention has a strong negative estimated CATE in the synthetic experiment.,,Maintain current financial behavior and reinforce savings.
114,2026-09-01,0.5751499266377788,MODERATE,STABLE,SAVINGS_REINFORCEMENT,4,0.0552536893143804,MONITOR,Expense pressure is elevated. | Spending is growing faster than the configured threshold. | Spending is above the user's historical baseline. | Recurring financial obligations contribute to monthly pressure.,,Maintain current financial behavior and reinforce savings.
119,2026-09-01,0.46249505056576506,MODERATE,STABLE,SAVINGS_REINFORCEMENT,4,-0.179239177624347,MONITOR,Spending is growing faster than the configured threshold. | Spending is above the user's historical baseline. | Recurring financial obligations contribute to monthly pressure. | The assigned intervention has a strong negative estimated CATE in the synthetic experiment.,,Maintain current financial behavior and reinforce savings.
134,2026-09-01,0.45803541334850484,MODERATE,STABLE,SAVINGS_REINFORCEMENT,4,-0.1531039535087635,MONITOR,Spending is growing faster than the configured threshold. | Spending is above the user's historical baseline. | Recurring financial obligations contribute to monthly pressure. | The assigned intervention has a strong negative estimated CATE in the synthetic experiment.,,Maintain current financial behavior and reinforce savings.
148,2026-09-01,0.6000650954598018,HIGH,OBLIGATION_PRESSURE,OBLIGATION_MANAGEMENT,3,-0.2767060441963703,STRONG_SIMULATED_SUPPORT,Expense pressure is elevated. | Spending is growing faster than the configured threshold. | Spending is above the user's historical baseline. | Recurring financial obligations contribute to monthly pressure. | The recent balance trajectory is declining.,,Review recurring obligations and reduce near-term payment pressure.
151,2026-09-01,0.5668946849668899,MODERATE,STABLE,SAVINGS_REINFORCEMENT,4,-0.0608958662001426,MONITOR,Expense pressure is elevated. | Spending is growing faster than the configured threshold. | Spending is above the user's historical baseline. | Recurring financial obligations contribute to monthly pressure. | The assigned intervention has a negative estimated CATE in the synthetic experiment.,,Maintain current financial behavior and reinforce savings.
153,2026-09-01,0.5451322258101814,MODERATE,STABLE,SAVINGS_REINFORCEMENT,4,-0.1277891112398662,MONITOR,Expense pressure is elevated. | Spending is growing faster than the configured threshold. | Spending is above the user's historical baseline. | Recurring financial obligations contribute to monthly pressure. | The assigned intervention has a strong negative estimated CATE in the synthetic experiment.,,Maintain current financial behavior and reinforce savings.
160,2026-09-01,0.5104279853445062,MODERATE,STABLE,SAVINGS_REINFORCEMENT,4,-0.1686869177452215,MONITOR,Spending is growing faster than the configured threshold. | Spending is above the user's historical baseline. | Recurring financial obligations contribute to monthly pressure. | The assigned intervention has a strong negative estimated CATE in the synthetic experiment.,,Maintain current financial behavior and reinforce savings.
164,2026-09-01,0.4829519799446901,MODERATE,STABLE,SAVINGS_REINFORCEMENT,4,0.0317580642812623,MONITOR,Spending is growing faster than the configured threshold. | Spending is above the user's historical baseline. | Recurring financial obligations contribute to monthly pressure.,,Maintain current financial behavior and reinforce savings.
165,2026-09-01,0.5799065276743213,MODERATE,STABLE,SAVINGS_REINFORCEMENT,4,0.0001455349748386,MONITOR,Expense pressure is elevated. | Spending is growing faster than the configured threshold. | Spending is above the user's historical baseline. | Recurring financial obligations contribute to monthly pressure.,,Maintain current financial behavior and reinforce savings.
172,2026-09-01,0.5182917615805096,MODERATE,STABLE,SAVINGS_REINFORCEMENT,4,-0.0396089222265247,MONITOR,Spending is growing faster than the configured threshold. | Spending is above the user's historical baseline. | Recurring financial obligations contribute to monthly pressure. | The assigned intervention has a negative estimated CATE in the synthetic experiment.,,Maintain current financial behavior and reinforce savings.
174,2026-09-01,0.49259670001945954,MODERATE,STABLE,SAVINGS_REINFORCEMENT,4,0.1544137552588169,MONITOR,Spending is growing faster than the configured threshold. | Spending is above the user's historical baseline. | Recurring financial obligations contribute to monthly pressure.,,Maintain current financial behavior and reinforce savings.
179,2026-09-01,0.6029817904164767,HIGH,OBLIGATION_PRESSURE,OBLIGATION_MANAGEMENT,3,-0.1195246083019634,STRONG_SIMULATED_SUPPORT,Expense pressure is elevated. | Spending is growing faster than the configured threshold. | Spending is above the user's historical baseline. | Recurring financial obligations contribute to monthly pressure. | The recent balance trajectory is declining.,,Review recurring obligations and reduce near-term payment pressure.
192,2026-09-01,0.6576728331359281,HIGH,STABLE,SAVINGS_REINFORCEMENT,4,0.0441235201679985,MONITOR,Spending is growing faster than the configured threshold. | Spending is above the user's historical baseline. | Recurring financial obligations contribute to monthly pressure.,,Maintain current financial behavior and reinforce savings.
199,2026-09-01,0.5001896135968968,MODERATE,STABLE,SAVINGS_REINFORCEMENT,4,-0.0867809509865317,MONITOR,Spending is growing faster than the configured threshold. | Spending is above the user's historical baseline. | Recurring financial obligations contribute to monthly pressure. | The assigned intervention has a negative estimated CATE in the synthetic experiment.,,Maintain current financial behavior and reinforce savings.
202,2026-09-01,0.6778446481775136,HIGH,OBLIGATION_PRESSURE,OBLIGATION_MANAGEMENT,3,-0.1270545208622821,STRONG_SIMULATED_SUPPORT,Expense pressure is elevated. | Spending is growing faster than the configured threshold. | Spending is above the user's historical baseline. | Recurring financial obligations contribute to monthly pressure. | The recent balance trajectory is declining.,,Review recurring obligations and reduce near-term payment pressure.
206,2026-09-01,0.6413347722917226,HIGH,STABLE,SAVINGS_REINFORCEMENT,4,-0.1058112568068711,MONITOR,Spending is growing faster than the configured threshold. | Spending is above the user's historical baseline. | Recurring financial obligations contribute to monthly pressure. | The assigned intervention has a strong negative estimated CATE in the synthetic experiment.,,Maintain current financial behavior and reinforce savings.
209,2026-09-01,0.5231580945456585,MODERATE,STABLE,SAVINGS_REINFORCEMENT,4,0.2236844308956921,MONITOR,Expense pressure is elevated. | Spending is above the user's historical baseline. | Recurring financial obligations contribute to monthly pressure.,,Maintain current financial behavior and reinforce savings.
212,2026-09-01,0.6671784845533129,HIGH,OBLIGATION_PRESSURE,OBLIGATION_MANAGEMENT,3,-0.2533641439708911,STRONG_SIMULATED_SUPPORT,Expense pressure is elevated. | Spending is growing faster than the configured threshold. | Spending is above the user's historical baseline. | Recurring financial obligations contribute to monthly pressure. | The recent balance trajectory is declining.,,Review recurring obligations and reduce near-term payment pressure.
222,2026-09-01,0.6753599163092725,HIGH,STABLE,SAVINGS_REINFORCEMENT,4,-0.0375602121724711,MONITOR,Expense pressure is elevated. | Spending is growing faster than the configured threshold. | Spending is above the user's historical baseline. | Recurring financial obligations contribute to monthly pressure. | The assigned intervention has a negative estimated CATE in the synthetic experiment.,,Maintain current financial behavior and reinforce savings.
232,2026-09-01,0.7325333214285714,HIGH,SPENDING_PRESSURE,SPENDING_CONTROL,2,-0.1340869908106686,STRONG_SIMULATED_SUPPORT,Expense pressure is elevated. | Spending is growing faster than the configured threshold. | Spending is above the user's historical baseline. | Recurring financial obligations contribute to monthly pressure. | The recent balance trajectory is declining.,,Reduce discretionary spending and slow spending growth.
240,2026-09-01,0.5169527419662883,MODERATE,STABLE,SAVINGS_REINFORCEMENT,4,0.0439490980238399,MONITOR,Spending is growing faster than the configured threshold. | Spending is above the user's historical baseline. | Recurring financial obligations contribute to monthly pressure.,,Maintain current financial behavior and reinforce savings.
241,2026-09-01,0.6713722553735957,HIGH,STABLE,SAVINGS_REINFORCEMENT,4,0.009706613289146,MONITOR,Spending is growing faster than the configured threshold. | Spending is above the user's historical baseline. | Recurring financial obligations contribute to monthly pressure.,,Maintain current financial behavior and reinforce savings.
242,2026-09-01,0.5806541671300652,MODERATE,STABLE,SAVINGS_REINFORCEMENT,4,-0.1898096948162427,MONITOR,Expense pressure is elevated. | Spending is growing faster than the configured threshold. | Spending is above the user's historical baseline. | Recurring financial obligations contribute to monthly pressure. | The assigned intervention has a strong negative estimated CATE in the synthetic experiment.,,Maintain current financial behavior and reinforce savings.
245,2026-09-01,0.4786299626225423,MODERATE,STABLE,SAVINGS_REINFORCEMENT,4,-0.2035531371648308,MONITOR,Spending is growing faster than the configured threshold. | Spending is above the user's historical baseline. | Recurring financial obligations contribute to monthly pressure. | The assigned intervention has a strong negative estimated CATE in the synthetic experiment.,,Maintain current financial behavior and reinforce savings.
250,2026-09-01,0.46774406030564686,MODERATE,STABLE,SAVINGS_REINFORCEMENT,4,-0.2421186146437496,MONITOR,Spending is growing faster than the configured threshold. | Spending is above the user's historical baseline. | Recurring financial obligations contribute to monthly pressure. | The assigned intervention has a strong negative estimated CATE in the synthetic experiment.,,Maintain current financial behavior and reinforce savings.
252,2026-09-01,0.608655986489626,HIGH,STABLE,SAVINGS_REINFORCEMENT,4,-0.1024969063333109,MONITOR,Spending is growing faster than the configured threshold. | Spending is above the user's historical baseline. | Recurring financial obligations contribute to monthly pressure. | The assigned intervention has a strong negative estimated CATE in the synthetic experiment.,,Maintain current financial behavior and reinforce savings.
255,2026-09-01,0.563462817977467,MODERATE,STABLE,SAVINGS_REINFORCEMENT,4,0.124709040093539,MONITOR,Expense pressure is elevated. | Spending is growing faster than the configured threshold. | Spending is above the user's historical baseline. | Recurring financial obligations contribute to monthly pressure.,,Maintain current financial behavior and reinforce savings.
261,2026-09-01,0.5749139963320777,MODERATE,STABLE,SAVINGS_REINFORCEMENT,4,0.0030389429151707,MONITOR,Spending is growing faster than the configured threshold. | Spending is above the user's historical baseline. | Recurring financial obligations contribute to monthly pressure.,,Maintain current financial behavior and reinforce savings.
264,2026-09-01,0.709742528654496,HIGH,OBLIGATION_PRESSURE,OBLIGATION_MANAGEMENT,3,0.1621629992015755,RULE_BASED_RECOMMENDATION,Expense pressure is elevated. | Spending is growing faster than the configured threshold. | Spending is above the user's historical baseline. | Recurring financial obligations contribute to monthly pressure. | The recent balance trajectory is declining.,,Review recurring obligations and reduce near-term payment pressure.
273,2026-09-01,0.5544717244842501,MODERATE,STABLE,SAVINGS_REINFORCEMENT,4,0.2167958615244602,MONITOR,Expense pressure is elevated. | Spending is growing faster than the configured threshold. | Spending is above the user's historical baseline. | Recurring financial obligations contribute to monthly pressure.,,Maintain current financial behavior and reinforce savings.
275,2026-09-01,0.5945773667357953,MODERATE,STABLE,SAVINGS_REINFORCEMENT,4,0.1174931725777212,MONITOR,Spending is growing faster than the configured threshold. | Spending is above the user's historical baseline. | Recurring financial obligations contribute to monthly pressure.,,Maintain current financial behavior and reinforce savings.
276,2026-09-01,0.6882791455191002,HIGH,OBLIGATION_PRESSURE,OBLIGATION_MANAGEMENT,3,-0.0060630005288575,SIMULATED_SUPPORT,Expense pressure is elevated. | Spending is growing faster than the configured threshold. | Spending is above the user's historical baseline. | Recurring financial obligations contribute to monthly pressure. | The recent balance trajectory is declining.,,Review recurring obligations and reduce near-term payment pressure.
284,2026-09-01,0.49844471862547973,MODERATE,STABLE,SAVINGS_REINFORCEMENT,4,-0.036387251747082,MONITOR,Spending is growing faster than the configured threshold. | Spending is above the user's historical baseline. | Recurring financial obligations contribute to monthly pressure. | The assigned intervention has a negative estimated CATE in the synthetic experiment.,,Maintain current financial behavior and reinforce savings.
285,2026-09-01,0.5173948111713703,MODERATE,STABLE,SAVINGS_REINFORCEMENT,4,-0.0450188902495679,MONITOR,Spending is growing faster than the configured threshold. | Spending is above the user's historical baseline. | Recurring financial obligations contribute to monthly pressure. | The assigned intervention has a negative estimated CATE in the synthetic experiment.,,Maintain current financial behavior and reinforce savings.
286,2026-09-01,0.6287004871500895,HIGH,STABLE,SAVINGS_REINFORCEMENT,4,0.0210273569597385,MONITOR,Expense pressure is elevated. | Spending is growing faster than the configured threshold. | Spending is above the user's historical baseline. | Recurring financial obligations contribute to monthly pressure.,,Maintain current financial behavior and reinforce savings.
296,2026-09-01,0.6711334961219749,HIGH,OBLIGATION_PRESSURE,OBLIGATION_MANAGEMENT,3,-0.1377755459076253,STRONG_SIMULATED_SUPPORT,Expense pressure is elevated. | Spending is growing faster than the configured threshold. | Spending is above the user's historical baseline. | Recurring financial obligations contribute to monthly pressure. | The recent balance trajectory is declining.,,Review recurring obligations and reduce near-term payment pressure.
320,2026-09-01,0.5766477648464121,MODERATE,STABLE,SAVINGS_REINFORCEMENT,4,0.0307440076904649,MONITOR,Spending is growing faster than the configured threshold. | Spending is above the user's historical baseline. | Recurring financial obligations contribute to monthly pressure.,,Maintain current financial behavior and reinforce savings.
330,2026-09-01,0.4734677859072178,MODERATE,STABLE,SAVINGS_REINFORCEMENT,4,-0.0265770682734597,MONITOR,Spending is growing faster than the configured threshold. | Spending is above the user's historical baseline. | Recurring financial obligations contribute to monthly pressure. | The assigned intervention has a negative estimated CATE in the synthetic experiment.,,Maintain current financial behavior and reinforce savings.
331,2026-09-01,0.5342643978403329,MODERATE,STABLE,SAVINGS_REINFORCEMENT,4,0.0432917912495085,MONITOR,Expense pressure is elevated. | Spending is growing faster than the configured threshold. | Spending is above the user's historical baseline. | Recurring financial obligations contribute to monthly pressure.,,Maintain current financial behavior and reinforce savings.
333,2026-09-01,0.7303012304613214,HIGH,LIQUIDITY_PRESSURE,LIQUIDITY_PROTECTION,1,0.1947275102282451,RULE_BASED_RECOMMENDATION,Cash buffer is below 50% of the reference level. | Expense pressure is elevated. | Spending is growing faster than the configured threshold. | Spending is above the user's historical baseline. | Recurring financial obligations contribute to monthly pressure.,,Protect available cash and preserve a minimum liquidity buffer.
359,2026-09-01,0.5354045875219866,MODERATE,STABLE,SAVINGS_REINFORCEMENT,4,0.0572415501389918,MONITOR,Expense pressure is elevated. | Spending is growing faster than the configured threshold. | Spending is above the user's historical baseline. | Recurring financial obligations contribute to monthly pressure.,,Maintain current financial behavior and reinforce savings.
360,2026-09-01,0.5040910304678724,MODERATE,STABLE,SAVINGS_REINFORCEMENT,4,0.0067099722821633,MONITOR,Spending is growing faster than the configured threshold. | Spending is above the user's historical baseline. | Recurring financial obligations contribute to monthly pressure.,,Maintain current financial behavior and reinforce savings.
364,2026-09-01,0.7127737126851506,HIGH,STABLE,SAVINGS_REINFORCEMENT,4,0.1200570475001968,MONITOR,Spending is growing faster than the configured threshold. | Spending is above the user's historical baseline. | Recurring financial obligations contribute to monthly pressure.,,Maintain current financial behavior and reinforce savings.
373,2026-09-01,0.45213357650934805,MODERATE,STABLE,SAVINGS_REINFORCEMENT,4,-0.1462167939597243,MONITOR,Spending is growing faster than the configured threshold. | Spending is above the user's historical baseline. | Recurring financial obligations contribute to monthly pressure. | The assigned intervention has a strong negative estimated CATE in the synthetic experiment.,,Maintain current financial behavior and reinforce savings.
375,2026-09-01,0.5443714528291499,MODERATE,STABLE,SAVINGS_REINFORCEMENT,4,-0.1212281292288495,MONITOR,Spending is growing faster than the configured threshold. | Spending is above the user's historical baseline. | Recurring financial obligations contribute to monthly pressure. | The assigned intervention has a strong negative estimated CATE in the synthetic experiment.,,Maintain current financial behavior and reinforce savings.
380,2026-09-01,0.6646407804568323,HIGH,STABLE,SAVINGS_REINFORCEMENT,4,-0.0600588207968441,MONITOR,Expense pressure is elevated. | Spending is growing faster than the configured threshold. | Spending is above the user's historical baseline. | Recurring financial obligations contribute to monthly pressure. | The assigned intervention has a negative estimated CATE in the synthetic experiment.,,Maintain current financial behavior and reinforce savings.
383,2026-09-01,0.6379784325301623,HIGH,STABLE,SAVINGS_REINFORCEMENT,4,0.0427857313265932,MONITOR,Spending is growing faster than the configured threshold. | Spending is above the user's historical baseline. | Recurring financial obligations contribute to monthly pressure.,,Maintain current financial behavior and reinforce savings.
384,2026-09-01,0.4781574832752585,MODERATE,STABLE,SAVINGS_REINFORCEMENT,4,-0.1506727294088065,MONITOR,Spending is growing faster than the configured threshold. | Spending is above the user's historical baseline. | Recurring financial obligations contribute to monthly pressure. | The assigned intervention has a strong negative estimated CATE in the synthetic experiment.,,Maintain current financial behavior and reinforce savings.
389,2026-09-01,0.5769894681501567,MODERATE,OBLIGATION_PRESSURE,OBLIGATION_MANAGEMENT,3,-0.0086907974064439,SIMULATED_SUPPORT,Expense pressure is elevated. | Spending is growing faster than the configured threshold. | Spending is above the user's historical baseline. | Recurring financial obligations contribute to monthly pressure. | The recent balance trajectory is declining.,,Review recurring obligations and reduce near-term payment pressure.
394,2026-09-01,0.5073583520105567,MODERATE,STABLE,SAVINGS_REINFORCEMENT,4,0.1210402457256818,MONITOR,Spending is growing faster than the configured threshold. | Spending is above the user's historical baseline. | Recurring financial obligations contribute to monthly pressure.,,Maintain current financial behavior and reinforce savings.
396,2026-09-01,0.6364620111152738,HIGH,OBLIGATION_PRESSURE,OBLIGATION_MANAGEMENT,3,-0.039807836218493,SIMULATED_SUPPORT,Expense pressure is elevated. | Spending is growing faster than the configured threshold. | Spending is above the user's historical baseline. | Recurring financial obligations contribute to monthly pressure. | The recent balance trajectory is declining.,,Review recurring obligations and reduce near-term payment pressure.
402,2026-09-01,0.5166473649490902,MODERATE,STABLE,SAVINGS_REINFORCEMENT,4,-0.1300127926303682,MONITOR,Spending is growing faster than the configured threshold. | Spending is above the user's historical baseline. | Recurring financial obligations contribute to monthly pressure. | The assigned intervention has a strong negative estimated CATE in the synthetic experiment.,,Maintain current financial behavior and reinforce savings.
405,2026-09-01,0.5758399578479014,MODERATE,STABLE,SAVINGS_REINFORCEMENT,4,0.0313670784403658,MONITOR,Spending is growing faster than the configured threshold. | Spending is above the user's historical baseline. | Recurring financial obligations contribute to monthly pressure.,,Maintain current financial behavior and reinforce savings.
406,2026-09-01,0.5676019273854279,MODERATE,STABLE,SAVINGS_REINFORCEMENT,4,-0.0868425615743805,MONITOR,Spending is growing faster than the configured threshold. | Spending is above the user's historical baseline. | Recurring financial obligations contribute to monthly pressure. | The assigned intervention has a negative estimated CATE in the synthetic experiment.,,Maintain current financial behavior and reinforce savings.
409,2026-09-01,0.5460783071547026,MODERATE,STABLE,SAVINGS_REINFORCEMENT,4,0.1543298914351852,MONITOR,Spending is growing faster than the configured threshold. | Spending is above the user's historical baseline. | Recurring financial obligations contribute to monthly pressure.,,Maintain current financial behavior and reinforce savings.
417,2026-09-01,0.5258695012046738,MODERATE,STABLE,SAVINGS_REINFORCEMENT,4,-0.137028053088383,MONITOR,Spending is growing faster than the configured threshold. | Spending is above the user's historical baseline. | Recurring financial obligations contribute to monthly pressure. | The assigned intervention has a strong negative estimated CATE in the synthetic experiment.,,Maintain current financial behavior and reinforce savings.
446,2026-09-01,0.5994933742926303,MODERATE,STABLE,SAVINGS_REINFORCEMENT,4,0.0280110295471907,MONITOR,Expense pressure is elevated. | Spending is growing faster than the configured threshold. | Spending is above the user's historical baseline. | Recurring financial obligations contribute to monthly pressure.,,Maintain current financial behavior and reinforce savings.
451,2026-09-01,0.5292232097900158,MODERATE,STABLE,SAVINGS_REINFORCEMENT,4,-0.1673101422768798,MONITOR,Spending is growing faster than the configured threshold. | Spending is above the user's historical baseline. | Recurring financial obligations contribute to monthly pressure. | The assigned intervention has a strong negative estimated CATE in the synthetic experiment.,,Maintain current financial behavior and reinforce savings.
457,2026-09-01,0.5920267140218571,MODERATE,STABLE,SAVINGS_REINFORCEMENT,4,0.0219158321489948,MONITOR,Expense pressure is elevated. | Spending is growing faster than the configured threshold. | Spending is above the user's historical baseline. | Recurring financial obligations contribute to monthly pressure.,,Maintain current financial behavior and reinforce savings.
458,2026-09-01,0.4487439024466147,MODERATE,STABLE,SAVINGS_REINFORCEMENT,4,-0.039562157262829,MONITOR,Spending is above the user's historical baseline. | Recurring financial obligations contribute to monthly pressure. | The assigned intervention has a negative estimated CATE in the synthetic experiment.,,Maintain current financial behavior and reinforce savings.
459,2026-09-01,0.5706250644604967,MODERATE,STABLE,SAVINGS_REINFORCEMENT,4,0.1613273782334737,MONITOR,Spending is growing faster than the configured threshold. | Spending is above the user's historical baseline. | Recurring financial obligations contribute to monthly pressure.,,Maintain current financial behavior and reinforce savings.
488,2026-09-01,0.5181606934169085,MODERATE,STABLE,SAVINGS_REINFORCEMENT,4,-0.1838575836093582,MONITOR,Expense pressure is elevated. | Spending is above the user's historical baseline. | Recurring financial obligations contribute to monthly pressure. | The assigned intervention has a strong negative estimated CATE in the synthetic experiment.,,Maintain current financial behavior and reinforce savings.
490,2026-09-01,0.5475445104169008,MODERATE,STABLE,SAVINGS_REINFORCEMENT,4,0.0902543792298496,MONITOR,Spending is growing faster than the configured threshold. | Spending is above the user's historical baseline. | Recurring financial obligations contribute to monthly pressure.,,Maintain current financial behavior and reinforce savings.
492,2026-09-01,0.5674860411023015,MODERATE,STABLE,SAVINGS_REINFORCEMENT,4,3.378954883115348e-07,MONITOR,Expense pressure is elevated. | Spending is growing faster than the configured threshold. | Spending is above the user's historical baseline. | Recurring financial obligations contribute to monthly pressure.,,Maintain current financial behavior and reinforce savings.
493,2026-09-01,0.5166689847703658,MODERATE,STABLE,SAVINGS_REINFORCEMENT,4,0.14425634501539,MONITOR,Spending is growing faster than the configured threshold. | Recurring financial obligations contribute to monthly pressure.,,Maintain current financial behavior and reinforce savings.
501,2026-09-01,0.7284383145795574,HIGH,SPENDING_PRESSURE,SPENDING_CONTROL,2,0.1172536420018872,RULE_BASED_RECOMMENDATION,Expense pressure is elevated. | Spending is growing faster than the configured threshold. | Spending is above the user's historical baseline. | Recurring financial obligations contribute to monthly pressure. | The recent balance trajectory is declining.,,Reduce discretionary spending and slow spending growth.
503,2026-09-01,0.6608299339228872,HIGH,SPENDING_PRESSURE,SPENDING_CONTROL,2,0.1329936565463169,RULE_BASED_RECOMMENDATION,Expense pressure is elevated. | Spending is growing faster than the configured threshold. | Spending is above the user's historical baseline. | Recurring financial obligations contribute to monthly pressure. | The recent balance trajectory is declining.,,Reduce discretionary spending and slow spending growth.
509,2026-09-01,0.7219715262784059,HIGH,SPENDING_PRESSURE,SPENDING_CONTROL,2,-0.0279687018816312,SIMULATED_SUPPORT,Expense pressure is elevated. | Spending is growing faster than the configured threshold. | Spending is above the user's historical baseline. | Recurring financial obligations contribute to monthly pressure. | The recent balance trajectory is declining.,,Reduce discretionary spending and slow spending growth.
510,2026-09-01,0.5721419310421113,MODERATE,STABLE,SAVINGS_REINFORCEMENT,4,-0.090649051991391,MONITOR,Expense pressure is elevated. | Spending is growing faster than the configured threshold. | Spending is above the user's historical baseline. | Recurring financial obligations contribute to monthly pressure. | The assigned intervention has a negative estimated CATE in the synthetic experiment.,,Maintain current financial behavior and reinforce savings.
525,2026-09-01,0.6171460369821432,HIGH,STABLE,SAVINGS_REINFORCEMENT,4,-0.0696983229151387,MONITOR,Spending is growing faster than the configured threshold. | Spending is above the user's historical baseline. | Recurring financial obligations contribute to monthly pressure. | The assigned intervention has a negative estimated CATE in the synthetic experiment.,,Maintain current financial behavior and reinforce savings.
531,2026-09-01,0.5819136269569056,MODERATE,SPENDING_PRESSURE,SPENDING_CONTROL,2,0.0469183449890352,RULE_BASED_RECOMMENDATION,Expense pressure is elevated. | Spending is growing faster than the configured threshold. | Spending is above the user's historical baseline. | Recurring financial obligations contribute to monthly pressure.,,Reduce discretionary spending and slow spending growth.
541,2026-09-01,0.5113732073127695,MODERATE,STABLE,SAVINGS_REINFORCEMENT,4,-0.1031283111834816,MONITOR,Spending is growing faster than the configured threshold. | Spending is above the user's historical baseline. | Recurring financial obligations contribute to monthly pressure. | The assigned intervention has a strong negative estimated CATE in the synthetic experiment.,,Maintain current financial behavior and reinforce savings.
547,2026-09-01,0.5125162514730186,MODERATE,STABLE,SAVINGS_REINFORCEMENT,4,-0.0753933507938201,MONITOR,Spending is growing faster than the configured threshold. | Spending is above the user's historical baseline. | Recurring financial obligations contribute to monthly pressure. | The assigned intervention has a negative estimated CATE in the synthetic experiment.,,Maintain current financial behavior and reinforce savings.
563,2026-09-01,0.4964489496013938,MODERATE,STABLE,SAVINGS_REINFORCEMENT,4,-0.071001730456897,MONITOR,Spending is growing faster than the configured threshold. | Spending is above the user's historical baseline. | Recurring financial obligations contribute to monthly pressure. | The assigned intervention has a negative estimated CATE in the synthetic experiment.,,Maintain current financial behavior and reinforce savings.
565,2026-09-01,0.6084168930761407,HIGH,STABLE,SAVINGS_REINFORCEMENT,4,-0.0315703049927314,MONITOR,Expense pressure is elevated. | Spending is growing faster than the configured threshold. | Spending is above the user's historical baseline. | Recurring financial obligations contribute to monthly pressure. | The assigned intervention has a negative estimated CATE in the synthetic experiment.,,Maintain current financial behavior and reinforce savings.
571,2026-09-01,0.7057366148108606,HIGH,STABLE,SAVINGS_REINFORCEMENT,4,0.1360634381233245,MONITOR,Cash buffer is below 50% of the reference level. | Spending is growing faster than the configured threshold. | Spending is above the user's historical baseline. | Recurring financial obligations contribute to monthly pressure.,,Maintain current financial behavior and reinforce savings.
585,2026-09-01,0.5295958197724717,MODERATE,STABLE,SAVINGS_REINFORCEMENT,4,-0.172617929092322,MONITOR,Spending is growing faster than the configured threshold. | Spending is above the user's historical baseline. | Recurring financial obligations contribute to monthly pressure. | The assigned intervention has a strong negative estimated CATE in the synthetic experiment.,,Maintain current financial behavior and reinforce savings.
613,2026-09-01,0.4552457674196121,MODERATE,STABLE,SAVINGS_REINFORCEMENT,4,-0.0637956256787397,MONITOR,Spending is growing faster than the configured threshold. | Spending is above the user's historical baseline. | Recurring financial obligations contribute to monthly pressure. | The assigned intervention has a negative estimated CATE in the synthetic experiment.,,Maintain current financial behavior and reinforce savings.
636,2026-09-01,0.45498290069550373,MODERATE,STABLE,SAVINGS_REINFORCEMENT,4,-0.079589419813684,MONITOR,Spending is growing faster than the configured threshold. | Spending is above the user's historical baseline. | Recurring financial obligations contribute to monthly pressure. | The assigned intervention has a negative estimated CATE in the synthetic experiment.,,Maintain current financial behavior and reinforce savings.
646,2026-09-01,0.5466650424411544,MODERATE,SPENDING_PRESSURE,SPENDING_CONTROL,2,0.0330653725707688,RULE_BASED_RECOMMENDATION,Spending is above the user's historical baseline. | Recurring financial obligations contribute to monthly pressure.,,Reduce discretionary spending and slow spending growth.
653,2026-09-01,0.47624064564659574,MODERATE,STABLE,SAVINGS_REINFORCEMENT,4,-0.1375573097408355,MONITOR,Spending is growing faster than the configured threshold. | Spending is above the user's historical baseline. | Recurring financial obligations contribute to monthly pressure. | The assigned intervention has a strong negative estimated CATE in the synthetic experiment.,,Maintain current financial behavior and reinforce savings.
656,2026-09-01,0.5917622875341224,MODERATE,STABLE,SAVINGS_REINFORCEMENT,4,0.13903625954973,MONITOR,Spending is growing faster than the configured threshold. | Spending is above the user's historical baseline. | Recurring financial obligations contribute to monthly pressure.,,Maintain current financial behavior and reinforce savings.
659,2026-09-01,0.6523485393020145,HIGH,STABLE,SAVINGS_REINFORCEMENT,4,-0.0156955296706888,MONITOR,Expense pressure is elevated. | Spending is growing faster than the configured threshold. | Spending is above the user's historical baseline. | Recurring financial obligations contribute to monthly pressure. | The assigned intervention has a negative estimated CATE in the synthetic experiment.,,Maintain current financial behavior and reinforce savings.
668,2026-09-01,0.5761229544662264,MODERATE,STABLE,SAVINGS_REINFORCEMENT,4,0.0516451075452777,MONITOR,Expense pressure is elevated. | Spending is growing faster than the configured threshold. | Spending is above the user's historical baseline. | Recurring financial obligations contribute to monthly pressure.,,Maintain current financial behavior and reinforce savings.
671,2026-09-01,0.49654857264410673,MODERATE,STABLE,SAVINGS_REINFORCEMENT,4,-0.0403569360138436,MONITOR,Spending is growing faster than the configured threshold. | Spending is above the user's historical baseline. | Recurring financial obligations contribute to monthly pressure. | The assigned intervention has a negative estimated CATE in the synthetic experiment.,,Maintain current financial behavior and reinforce savings.
672,2026-09-01,0.4683143713039799,MODERATE,STABLE,SAVINGS_REINFORCEMENT,4,-0.2110358235547823,MONITOR,Spending is growing faster than the configured threshold. | Spending is above the user's historical baseline. | Recurring financial obligations contribute to monthly pressure. | The assigned intervention has a strong negative estimated CATE in the synthetic experiment.,,Maintain current financial behavior and reinforce savings.
673,2026-09-01,0.5635614837041231,MODERATE,STABLE,SAVINGS_REINFORCEMENT,4,-0.1748299768950793,MONITOR,Expense pressure is elevated. | Spending is above the user's historical baseline. | Recurring financial obligations contribute to monthly pressure. | The assigned intervention has a strong negative estimated CATE in the synthetic experiment.,,Maintain current financial behavior and reinforce savings.
674,2026-09-01,0.5473402385590698,MODERATE,STABLE,SAVINGS_REINFORCEMENT,4,0.0375600378993515,MONITOR,Spending is growing faster than the configured threshold. | Spending is above the user's historical baseline. | Recurring financial obligations contribute to monthly pressure.,,Maintain current financial behavior and reinforce savings.
688,2026-09-01,0.6277426588153228,HIGH,STABLE,SAVINGS_REINFORCEMENT,4,-0.0161726394734121,MONITOR,Expense pressure is elevated. | Spending is growing faster than the configured threshold. | Spending is above the user's historical baseline. | Recurring financial obligations contribute to monthly pressure. | The assigned intervention has a negative estimated CATE in the synthetic experiment.,,Maintain current financial behavior and reinforce savings.
690,2026-09-01,0.667774707866513,HIGH,SPENDING_PRESSURE,SPENDING_CONTROL,2,-0.134559208997874,STRONG_SIMULATED_SUPPORT,Expense pressure is elevated. | Spending is growing faster than the configured threshold. | Spending is above the user's historical baseline. | Recurring financial obligations contribute to monthly pressure. | The recent balance trajectory is declining.,,Reduce discretionary spending and slow spending growth.
694,2026-09-01,0.6002395156095943,HIGH,OBLIGATION_PRESSURE,OBLIGATION_MANAGEMENT,3,-0.0120679560607019,SIMULATED_SUPPORT,Expense pressure is elevated. | Spending is growing faster than the configured threshold. | Spending is above the user's historical baseline. | Recurring financial obligations contribute to monthly pressure. | The recent balance trajectory is declining.,,Review recurring obligations and reduce near-term payment pressure.
705,2026-09-01,0.5214373179594195,MODERATE,STABLE,SAVINGS_REINFORCEMENT,4,-0.0668021595156344,MONITOR,Spending is growing faster than the configured threshold. | Spending is above the user's historical baseline. | Recurring financial obligations contribute to monthly pressure. | The assigned intervention has a negative estimated CATE in the synthetic experiment.,,Maintain current financial behavior and reinforce savings.
706,2026-09-01,0.5947590046144047,MODERATE,STABLE,SAVINGS_REINFORCEMENT,4,-0.0328639213377847,MONITOR,Expense pressure is elevated. | Spending is growing faster than the configured threshold. | Spending is above the user's historical baseline. | Recurring financial obligations contribute to monthly pressure. | The assigned intervention has a negative estimated CATE in the synthetic experiment.,,Maintain current financial behavior and reinforce savings.
713,2026-09-01,0.4589172075633381,MODERATE,STABLE,SAVINGS_REINFORCEMENT,4,-0.1956905949516498,MONITOR,Spending is growing faster than the configured threshold. | Spending is above the user's historical baseline. | Recurring financial obligations contribute to monthly pressure. | The assigned intervention has a strong negative estimated CATE in the synthetic experiment.,,Maintain current financial behavior and reinforce savings.
718,2026-09-01,0.5648914778032478,MODERATE,STABLE,SAVINGS_REINFORCEMENT,4,0.0109038748488527,MONITOR,Expense pressure is elevated. | Spending is growing faster than the configured threshold. | Spending is above the user's historical baseline. | Recurring financial obligations contribute to monthly pressure.,,Maintain current financial behavior and reinforce savings.
719,2026-09-01,0.5878525658492396,MODERATE,STABLE,SAVINGS_REINFORCEMENT,4,0.1477429314446205,MONITOR,Spending is growing faster than the configured threshold. | Spending is above the user's historical baseline. | Recurring financial obligations contribute to monthly pressure.,,Maintain current financial behavior and reinforce savings.
721,2026-09-01,0.5412604026769159,MODERATE,STABLE,SAVINGS_REINFORCEMENT,4,-0.088051529550449,MONITOR,Spending is growing faster than the configured threshold. | Spending is above the user's historical baseline. | Recurring financial obligations contribute to monthly pressure. | The assigned intervention has a negative estimated CATE in the synthetic experiment.,,Maintain current financial behavior and reinforce savings.
723,2026-09-01,0.6313115108181452,HIGH,STABLE,SAVINGS_REINFORCEMENT,4,0.0126287444477389,MONITOR,Spending is growing faster than the configured threshold. | Spending is above the user's historical baseline. | Recurring financial obligations contribute to monthly pressure.,,Maintain current financial behavior and reinforce savings.
726,2026-09-01,0.5566233013185489,MODERATE,STABLE,SAVINGS_REINFORCEMENT,4,-0.0055152705736062,MONITOR,Spending is growing faster than the configured threshold. | Spending is above the user's historical baseline. | Recurring financial obligations contribute to monthly pressure. | The assigned intervention has a negative estimated CATE in the synthetic experiment.,,Maintain current financial behavior and reinforce savings.
767,2026-09-01,0.5132551799143592,MODERATE,STABLE,SAVINGS_REINFORCEMENT,4,0.0426999570625598,MONITOR,Spending is growing faster than the configured threshold. | Spending is above the user's historical baseline. | Recurring financial obligations contribute to monthly pressure.,,Maintain current financial behavior and reinforce savings.
768,2026-09-01,0.5312402052489377,MODERATE,STABLE,SAVINGS_REINFORCEMENT,4,-0.0384313455006701,MONITOR,Spending is growing faster than the configured threshold. | Spending is above the user's historical baseline. | Recurring financial obligations contribute to monthly pressure. | The assigned intervention has a negative estimated CATE in the synthetic experiment.,,Maintain current financial behavior and reinforce savings.
795,2026-09-01,0.5224244730412415,MODERATE,STABLE,SAVINGS_REINFORCEMENT,4,0.1807944931343904,MONITOR,Expense pressure is elevated. | Spending is growing faster than the configured threshold. | Spending is above the user's historical baseline. | Recurring financial obligations contribute to monthly pressure.,,Maintain current financial behavior and reinforce savings.
797,2026-09-01,0.6093055838050142,HIGH,STABLE,SAVINGS_REINFORCEMENT,4,0.1013427089412541,MONITOR,Expense pressure is elevated. | Spending is growing faster than the configured threshold. | Spending is above the user's historical baseline. | Recurring financial obligations contribute to monthly pressure.,,Maintain current financial behavior and reinforce savings.
802,2026-09-01,0.7360180274337529,HIGH,SPENDING_PRESSURE,SPENDING_CONTROL,2,-0.1198474480589277,STRONG_SIMULATED_SUPPORT,Expense pressure is elevated. | Spending is growing faster than the configured threshold. | Spending is above the user's historical baseline. | Recurring financial obligations contribute to monthly pressure. | The recent balance trajectory is declining.,,Reduce discretionary spending and slow spending growth.
809,2026-09-01,0.5398661108696471,MODERATE,STABLE,SAVINGS_REINFORCEMENT,4,0.0703947484100834,MONITOR,Expense pressure is elevated. | Spending is growing faster than the configured threshold. | Spending is above the user's historical baseline. | Recurring financial obligations contribute to monthly pressure.,,Maintain current financial behavior and reinforce savings.
813,2026-09-01,0.45261943598153775,MODERATE,STABLE,SAVINGS_REINFORCEMENT,4,-0.0306678857753912,MONITOR,Spending is growing faster than the configured threshold. | Spending is above the user's historical baseline. | Recurring financial obligations contribute to monthly pressure. | The assigned intervention has a negative estimated CATE in the synthetic experiment.,,Maintain current financial behavior and reinforce savings.
835,2026-09-01,0.492444059897413,MODERATE,STABLE,SAVINGS_REINFORCEMENT,4,0.1338248755020544,MONITOR,Spending is growing faster than the configured threshold. | Spending is above the user's historical baseline. | Recurring financial obligations contribute to monthly pressure.,,Maintain current financial behavior and reinforce savings.
842,2026-09-01,0.5377628902722413,MODERATE,STABLE,SAVINGS_REINFORCEMENT,4,0.2301260821433525,MONITOR,Spending is growing faster than the configured threshold. | Spending is above the user's historical baseline. | Recurring financial obligations contribute to monthly pressure.,,Maintain current financial behavior and reinforce savings.
851,2026-09-01,0.4916072209039518,MODERATE,STABLE,SAVINGS_REINFORCEMENT,4,0.0793721651099145,MONITOR,Spending is growing faster than the configured threshold. | Spending is above the user's historical baseline. | Recurring financial obligations contribute to monthly pressure.,,Maintain current financial behavior and reinforce savings.
852,2026-09-01,0.4842311751456631,MODERATE,STABLE,SAVINGS_REINFORCEMENT,4,0.1404982692377867,MONITOR,Spending is growing faster than the configured threshold. | Spending is above the user's historical baseline. | Recurring financial obligations contribute to monthly pressure.,,Maintain current financial behavior and reinforce savings.
880,2026-09-01,0.5140479882806566,MODERATE,STABLE,SAVINGS_REINFORCEMENT,4,-0.173883630165057,MONITOR,Spending is growing faster than the configured threshold. | Spending is above the user's historical baseline. | Recurring financial obligations contribute to monthly pressure. | The assigned intervention has a strong negative estimated CATE in the synthetic experiment.,,Maintain current financial behavior and reinforce savings.
882,2026-09-01,0.500216259387713,MODERATE,STABLE,SAVINGS_REINFORCEMENT,4,0.1001275138933641,MONITOR,Spending is growing faster than the configured threshold. | Spending is above the user's historical baseline. | Recurring financial obligations contribute to monthly pressure.,,Maintain current financial behavior and reinforce savings.
899,2026-09-01,0.523661453064686,MODERATE,STABLE,SAVINGS_REINFORCEMENT,4,-0.0078638405342766,MONITOR,Spending is growing faster than the configured threshold. | Spending is above the user's historical baseline. | Recurring financial obligations contribute to monthly pressure. | The assigned intervention has a negative estimated CATE in the synthetic experiment.,,Maintain current financial behavior and reinforce savings.
904,2026-09-01,0.5278509866181894,MODERATE,STABLE,SAVINGS_REINFORCEMENT,4,-0.1258861311787887,MONITOR,Spending is growing faster than the configured threshold. | Spending is above the user's historical baseline. | Recurring financial obligations contribute to monthly pressure. | The assigned intervention has a strong negative estimated CATE in the synthetic experiment.,,Maintain current financial behavior and reinforce savings.
906,2026-09-01,0.5339108787567521,MODERATE,STABLE,SAVINGS_REINFORCEMENT,4,0.0167670323497565,MONITOR,Spending is growing faster than the configured threshold. | Spending is above the user's historical baseline. | Recurring financial obligations contribute to monthly pressure.,,Maintain current financial behavior and reinforce savings.
920,2026-09-01,0.5246348071624355,MODERATE,STABLE,SAVINGS_REINFORCEMENT,4,0.0279917444313546,MONITOR,Spending is growing faster than the configured threshold. | Spending is above the user's historical baseline. | Recurring financial obligations contribute to monthly pressure.,,Maintain current financial behavior and reinforce savings.
925,2026-09-01,0.5590828010331411,MODERATE,STABLE,SAVINGS_REINFORCEMENT,4,0.0706660621166249,MONITOR,Expense pressure is elevated. | Spending is growing faster than the configured threshold. | Spending is above the user's historical baseline. | Recurring financial obligations contribute to monthly pressure.,,Maintain current financial behavior and reinforce savings.
947,2026-09-01,0.48815348580736917,MODERATE,STABLE,SAVINGS_REINFORCEMENT,4,-0.177188067546366,MONITOR,Spending is growing faster than the configured threshold. | Spending is above the user's historical baseline. | Recurring financial obligations contribute to monthly pressure. | The assigned intervention has a strong negative estimated CATE in the synthetic experiment.,,Maintain current financial behavior and reinforce savings.
958,2026-09-01,0.5130283340770075,MODERATE,STABLE,SAVINGS_REINFORCEMENT,4,-0.2145934889948987,MONITOR,Spending is growing faster than the configured threshold. | Spending is above the user's historical baseline. | Recurring financial obligations contribute to monthly pressure. | The assigned intervention has a strong negative estimated CATE in the synthetic experiment.,,Maintain current financial behavior and reinforce savings.
981,2026-09-01,0.48693723718263304,MODERATE,STABLE,SAVINGS_REINFORCEMENT,4,-0.0254335852216433,MONITOR,Spending is growing faster than the configured threshold. | Spending is above the user's historical baseline. | Recurring financial obligations contribute to monthly pressure. | The assigned intervention has a negative estimated CATE in the synthetic experiment.,,Maintain current financial behavior and reinforce savings.
988,2026-09-01,0.5138080846983542,MODERATE,STABLE,SAVINGS_REINFORCEMENT,4,0.023617701045754,MONITOR,Spending is growing faster than the configured threshold. | Spending is above the user's historical baseline. | Recurring financial obligations contribute to monthly pressure.,,Maintain current financial behavior and reinforce savings.
994,2026-09-01,0.6832448330013621,HIGH,STABLE,SAVINGS_REINFORCEMENT,4,0.0167030753660154,MONITOR,Expense pressure is elevated. | Spending is growing faster than the configured threshold. | Spending is above the user's historical baseline. | Recurring financial obligations contribute to monthly pressure.,,Maintain current financial behavior and reinforce savings.
996,2026-09-01,0.6015103262204533,HIGH,STABLE,SAVINGS_REINFORCEMENT,4,0.0943811243743511,MONITOR,Expense pressure is elevated. | Spending is growing faster than the configured threshold. | Spending is above the user's historical baseline. | Recurring financial obligations contribute to monthly pressure.,,Maintain current financial behavior and reinforce savings.
998,2026-09-01,0.5447133569421534,MODERATE,STABLE,SAVINGS_REINFORCEMENT,4,-0.2532938667416277,MONITOR,Expense pressure is elevated. | Spending is growing faster than the configured threshold. | Spending is above the user's historical baseline. | Recurring financial obligations contribute to monthly pressure. | The assigned intervention has a strong negative estimated CATE in the synthetic experiment.,,Maintain current financial behavior and reinforce savings.
