user_id,month,risk_probability,risk_level,financial_pressure,intervention,intervention_priority,cate,recommendation_status,explanation,model_drivers
0,2026-10-01,0.0023554613714693914,LOW,STABLE,SAVINGS_REINFORCEMENT,4,,MONITOR,Recurring financial obligations contribute to monthly pressure.,
1,2026-10-01,0.0016379959631839809,LOW,STABLE,SAVINGS_REINFORCEMENT,4,,MONITOR,Recurring financial obligations contribute to monthly pressure.,
2,2026-10-01,0.0019559309734170555,LOW,STABLE,SAVINGS_REINFORCEMENT,4,,MONITOR,Spending is growing faster than the configured threshold. | Recurring financial obligations contribute to monthly pressure.,
3,2026-10-01,0.0017867279428130812,LOW,STABLE,SAVINGS_REINFORCEMENT,4,,MONITOR,Spending is growing faster than the configured threshold. | Spending is above the user's historical baseline. | Recurring financial obligations contribute to monthly pressure.,
4,2026-10-01,0.0018910805461612927,LOW,STABLE,SAVINGS_REINFORCEMENT,4,,MONITOR,Expense pressure is elevated. | Recurring financial obligations contribute to monthly pressure.,
5,2026-10-01,0.0017381886556114084,LOW,STABLE,SAVINGS_REINFORCEMENT,4,,MONITOR,Expense pressure is elevated. | Spending is growing faster than the configured threshold. | Spending is above the user's historical baseline. | Recurring financial obligations contribute to monthly pressure.,
6,2026-10-01,0.0030756241538022803,LOW,STABLE,SAVINGS_REINFORCEMENT,4,,MONITOR,Recurring financial obligations contribute to monthly pressure.,
7,2026-10-01,0.001553646971214231,LOW,STABLE,SAVINGS_REINFORCEMENT,4,,MONITOR,Recurring financial obligations contribute to monthly pressure.,
8,2026-10-01,0.0019348207630219688,LOW,STABLE,SAVINGS_REINFORCEMENT,4,,MONITOR,Spending is growing faster than the configured threshold. | Spending is above the user's historical baseline. | Recurring financial obligations contribute to monthly pressure.,
9,2026-10-01,0.0026728087321223515,LOW,OBLIGATION_PRESSURE,SAVINGS_REINFORCEMENT,4,,MONITOR,Expense pressure is elevated. | Spending is growing faster than the configured threshold. | Spending is above the user's historical baseline. | Recurring financial obligations contribute to monthly pressure. | The recent balance trajectory is declining.,
10,2026-10-01,0.0035166520620551326,LOW,STABLE,SAVINGS_REINFORCEMENT,4,,MONITOR,Expense pressure is elevated. | Recurring financial obligations contribute to monthly pressure.,
11,2026-10-01,0.0016775697701596898,LOW,STABLE,SAVINGS_REINFORCEMENT,4,,MONITOR,Expense pressure is elevated. | Spending is growing faster than the configured threshold. | Spending is above the user's historical baseline. | Recurring financial obligations contribute to monthly pressure.,
12,2026-10-01,0.001616167414214696,LOW,STABLE,SAVINGS_REINFORCEMENT,4,,MONITOR,Recurring financial obligations contribute to monthly pressure.,
13,2026-10-01,0.001682860143397137,LOW,STABLE,SAVINGS_REINFORCEMENT,4,,MONITOR,Spending is growing faster than the configured threshold. | Spending is above the user's historical baseline. | Recurring financial obligations contribute to monthly pressure.,
14,2026-10-01,0.0027523834453630222,LOW,STABLE,SAVINGS_REINFORCEMENT,4,,MONITOR,Recurring financial obligations contribute to monthly pressure.,
15,2026-10-01,0.0019500480313623583,LOW,STABLE,SAVINGS_REINFORCEMENT,4,,MONITOR,Recurring financial obligations contribute to monthly pressure.,
16,2026-10-01,0.0015956247068479317,LOW,STABLE,SAVINGS_REINFORCEMENT,4,,MONITOR,Recurring financial obligations contribute to monthly pressure.,
17,2026-10-01,0.002317699666129362,LOW,STABLE,SAVINGS_REINFORCEMENT,4,,MONITOR,Recurring financial obligations contribute to monthly pressure.,
18,2026-10-01,0.0015480751089422399,LOW,STABLE,SAVINGS_REINFORCEMENT,4,,MONITOR,Recurring financial obligations contribute to monthly pressure.,
19,2026-10-01,0.0021291989453555886,LOW,STABLE,SAVINGS_REINFORCEMENT,4,,MONITOR,Spending is above the user's historical baseline. | Recurring financial obligations contribute to monthly pressure.,
20,2026-10-01,0.0034265453227879396,LOW,STABLE,SAVINGS_REINFORCEMENT,4,,MONITOR,Recurring financial obligations contribute to monthly pressure.,
21,2026-10-01,0.0017639022898199846,LOW,STABLE,SAVINGS_REINFORCEMENT,4,,MONITOR,Spending is growing faster than the configured threshold. | Spending is above the user's historical baseline. | Recurring financial obligations contribute to monthly pressure.,
22,2026-10-01,0.0017863184085263005,LOW,STABLE,SAVINGS_REINFORCEMENT,4,,MONITOR,Recurring financial obligations contribute to monthly pressure.,
23,2026-10-01,0.0019896494566531246,LOW,STABLE,SAVINGS_REINFORCEMENT,4,,MONITOR,Spending is growing faster than the configured threshold. | Spending is above the user's historical baseline. | Recurring financial obligations contribute to monthly pressure.,
24,2026-10-01,0.0017875745838793664,LOW,STABLE,SAVINGS_REINFORCEMENT,4,,MONITOR,Spending is growing faster than the configured threshold. | Spending is above the user's historical baseline. | Recurring financial obligations contribute to monthly pressure.,
25,2026-10-01,0.0021197612412609005,LOW,STABLE,SAVINGS_REINFORCEMENT,4,,MONITOR,Expense pressure is elevated. | Spending is growing faster than the configured threshold. | Spending is above the user's historical baseline. | Recurring financial obligations contribute to monthly pressure.,
26,2026-10-01,0.0014632204949086374,LOW,STABLE,SAVINGS_REINFORCEMENT,4,,MONITOR,Spending is above the user's historical baseline. | Recurring financial obligations contribute to monthly pressure.,
27,2026-10-01,0.0027086052587794087,LOW,STABLE,SAVINGS_REINFORCEMENT,4,,MONITOR,Expense pressure is elevated. | Recurring financial obligations contribute to monthly pressure.,
28,2026-10-01,0.032549475381809516,LOW,STABLE,SAVINGS_REINFORCEMENT,4,,MONITOR,Expense pressure is elevated. | Recurring financial obligations contribute to monthly pressure.,
29,2026-10-01,0.0019274445550132436,LOW,STABLE,SAVINGS_REINFORCEMENT,4,,MONITOR,Spending is growing faster than the configured threshold. | Spending is above the user's historical baseline. | Recurring financial obligations contribute to monthly pressure.,
30,2026-10-01,0.0032823958204924774,LOW,STABLE,SAVINGS_REINFORCEMENT,4,,MONITOR,Spending is above the user's historical baseline. | Recurring financial obligations contribute to monthly pressure.,
31,2026-10-01,0.0028278922174496627,LOW,SPENDING_PRESSURE,SAVINGS_REINFORCEMENT,4,,MONITOR,Expense pressure is elevated. | Spending is growing faster than the configured threshold. | Spending is above the user's historical baseline. | Recurring financial obligations contribute to monthly pressure. | The recent balance trajectory is declining.,
32,2026-10-01,0.0023994219070598128,LOW,STABLE,SAVINGS_REINFORCEMENT,4,,MONITOR,Expense pressure is elevated. | Recurring financial obligations contribute to monthly pressure.,
33,2026-10-01,0.0014865178857672498,LOW,STABLE,SAVINGS_REINFORCEMENT,4,,MONITOR,Recurring financial obligations contribute to monthly pressure.,
34,2026-10-01,0.0016763952842590638,LOW,OBLIGATION_PRESSURE,SAVINGS_REINFORCEMENT,4,,MONITOR,Expense pressure is elevated. | Spending is growing faster than the configured threshold. | Spending is above the user's historical baseline. | Recurring financial obligations contribute to monthly pressure. | The recent balance trajectory is declining.,
35,2026-10-01,0.0017531510312856018,LOW,OBLIGATION_PRESSURE,SAVINGS_REINFORCEMENT,4,,MONITOR,Expense pressure is elevated. | Spending is growing faster than the configured threshold. | Spending is above the user's historical baseline. | Recurring financial obligations contribute to monthly pressure. | The recent balance trajectory is declining.,
36,2026-10-01,0.0018439428279833122,LOW,STABLE,SAVINGS_REINFORCEMENT,4,,MONITOR,Recurring financial obligations contribute to monthly pressure.,
37,2026-10-01,0.0015535965708050128,LOW,STABLE,SAVINGS_REINFORCEMENT,4,,MONITOR,Spending is above the user's historical baseline. | Recurring financial obligations contribute to monthly pressure.,
38,2026-10-01,0.0016905115672308387,LOW,STABLE,SAVINGS_REINFORCEMENT,4,,MONITOR,Recurring financial obligations contribute to monthly pressure.,
39,2026-10-01,0.0018941020525630099,LOW,STABLE,SAVINGS_REINFORCEMENT,4,,MONITOR,Spending is growing faster than the configured threshold. | Spending is above the user's historical baseline. | Recurring financial obligations contribute to monthly pressure.,
40,2026-10-01,0.0018833598692785242,LOW,STABLE,SAVINGS_REINFORCEMENT,4,,MONITOR,Recurring financial obligations contribute to monthly pressure.,
41,2026-10-01,0.001547171067283897,LOW,STABLE,SAVINGS_REINFORCEMENT,4,,MONITOR,Recurring financial obligations contribute to monthly pressure.,
42,2026-10-01,0.05197136690492793,LOW,STABLE,SAVINGS_REINFORCEMENT,4,,MONITOR,Cash buffer is below 50% of the reference level. | Recurring financial obligations contribute to monthly pressure.,
43,2026-10-01,0.0034424700486389015,LOW,STABLE,SAVINGS_REINFORCEMENT,4,,MONITOR,Expense pressure is elevated. | Recurring financial obligations contribute to monthly pressure.,
44,2026-10-01,0.001869117801349671,LOW,STABLE,SAVINGS_REINFORCEMENT,4,,MONITOR,Recurring financial obligations contribute to monthly pressure.,
45,2026-10-01,0.0019745245048144173,LOW,STABLE,SAVINGS_REINFORCEMENT,4,,MONITOR,Spending is above the user's historical baseline. | Recurring financial obligations contribute to monthly pressure.,
46,2026-10-01,0.002109167578787886,LOW,STABLE,SAVINGS_REINFORCEMENT,4,,MONITOR,Recurring financial obligations contribute to monthly pressure.,
47,2026-10-01,0.0026755100370748136,LOW,STABLE,SAVINGS_REINFORCEMENT,4,,MONITOR,Expense pressure is elevated. | Spending is growing faster than the configured threshold. | Spending is above the user's historical baseline. | Recurring financial obligations contribute to monthly pressure.,
48,2026-10-01,0.0015430807405177071,LOW,STABLE,SAVINGS_REINFORCEMENT,4,,MONITOR,Spending is above the user's historical baseline. | Recurring financial obligations contribute to monthly pressure.,
49,2026-10-01,0.0020506060182050225,LOW,STABLE,SAVINGS_REINFORCEMENT,4,,MONITOR,Recurring financial obligations contribute to monthly pressure.,
50,2026-10-01,0.0028428531272630146,LOW,STABLE,SAVINGS_REINFORCEMENT,4,,MONITOR,Expense pressure is elevated. | Recurring financial obligations contribute to monthly pressure.,
51,2026-10-01,0.0021079643405431192,LOW,STABLE,SAVINGS_REINFORCEMENT,4,,MONITOR,Spending is above the user's historical baseline. | Recurring financial obligations contribute to monthly pressure.,
52,2026-10-01,0.001724708196991908,LOW,STABLE,SAVINGS_REINFORCEMENT,4,,MONITOR,Recurring financial obligations contribute to monthly pressure.,
53,2026-10-01,0.00714295392486901,LOW,STABLE,SAVINGS_REINFORCEMENT,4,,MONITOR,Expense pressure is elevated. | Spending is growing faster than the configured threshold. | Spending is above the user's historical baseline. | Recurring financial obligations contribute to monthly pressure.,
54,2026-10-01,0.0021068135762093024,LOW,STABLE,SAVINGS_REINFORCEMENT,4,,MONITOR,Expense pressure is elevated. | Spending is growing faster than the configured threshold. | Spending is above the user's historical baseline. | Recurring financial obligations contribute to monthly pressure.,
55,2026-10-01,0.001887518037571387,LOW,STABLE,SAVINGS_REINFORCEMENT,4,,MONITOR,Spending is growing faster than the configured threshold. | Recurring financial obligations contribute to monthly pressure.,
56,2026-10-01,0.001500829118908383,LOW,STABLE,SAVINGS_REINFORCEMENT,4,,MONITOR,Recurring financial obligations contribute to monthly pressure.,
57,2026-10-01,0.0017822437187944803,LOW,STABLE,SAVINGS_REINFORCEMENT,4,,MONITOR,Recurring financial obligations contribute to monthly pressure.,
58,2026-10-01,0.0025719908966647014,LOW,STABLE,SAVINGS_REINFORCEMENT,4,,MONITOR,Expense pressure is elevated. | Recurring financial obligations contribute to monthly pressure.,
59,2026-10-01,0.001598697573068398,LOW,STABLE,SAVINGS_REINFORCEMENT,4,,MONITOR,Expense pressure is elevated. | Spending is above the user's historical baseline. | Recurring financial obligations contribute to monthly pressure.,
60,2026-10-01,0.003120192140564672,LOW,STABLE,SAVINGS_REINFORCEMENT,4,,MONITOR,Recurring financial obligations contribute to monthly pressure.,
61,2026-10-01,0.0016393069085998372,LOW,STABLE,SAVINGS_REINFORCEMENT,4,,MONITOR,Spending is growing faster than the configured threshold. | Spending is above the user's historical baseline. | Recurring financial obligations contribute to monthly pressure.,
62,2026-10-01,0.00276992226575896,LOW,STABLE,SAVINGS_REINFORCEMENT,4,,MONITOR,Spending is growing faster than the configured threshold. | Recurring financial obligations contribute to monthly pressure.,
63,2026-10-01,0.0024235385968192575,LOW,OBLIGATION_PRESSURE,SAVINGS_REINFORCEMENT,4,,MONITOR,Expense pressure is elevated. | Spending is above the user's historical baseline. | Recurring financial obligations contribute to monthly pressure. | The recent balance trajectory is declining.,
64,2026-10-01,0.0016598755003350133,LOW,STABLE,SAVINGS_REINFORCEMENT,4,,MONITOR,Recurring financial obligations contribute to monthly pressure.,
65,2026-10-01,0.0017015388218839787,LOW,STABLE,SAVINGS_REINFORCEMENT,4,,MONITOR,Expense pressure is elevated. | Spending is growing faster than the configured threshold. | Spending is above the user's historical baseline. | Recurring financial obligations contribute to monthly pressure.,
66,2026-10-01,0.002067569669236486,LOW,STABLE,SAVINGS_REINFORCEMENT,4,,MONITOR,Expense pressure is elevated. | Spending is growing faster than the configured threshold. | Spending is above the user's historical baseline. | Recurring financial obligations contribute to monthly pressure.,
67,2026-10-01,0.0021083155333502684,LOW,STABLE,SAVINGS_REINFORCEMENT,4,,MONITOR,Expense pressure is elevated. | Spending is growing faster than the configured threshold. | Spending is above the user's historical baseline. | Recurring financial obligations contribute to monthly pressure.,
68,2026-10-01,0.8436043629678665,HIGH,LIQUIDITY_PRESSURE,LIQUIDITY_PROTECTION,1,,RULE_BASED_RECOMMENDATION,Cash buffer is below 50% of the reference level. | Expense pressure is elevated. | Spending is growing faster than the configured threshold. | Spending is above the user's historical baseline. | Recurring financial obligations contribute to monthly pressure.,
69,2026-10-01,0.0014192741199614291,LOW,STABLE,SAVINGS_REINFORCEMENT,4,,MONITOR,Recurring financial obligations contribute to monthly pressure.,
70,2026-10-01,0.0033399316101141107,LOW,OBLIGATION_PRESSURE,SAVINGS_REINFORCEMENT,4,,MONITOR,Expense pressure is elevated. | Spending is growing faster than the configured threshold. | Spending is above the user's historical baseline. | Recurring financial obligations contribute to monthly pressure. | The recent balance trajectory is declining.,
71,2026-10-01,0.0018829427615736929,LOW,STABLE,SAVINGS_REINFORCEMENT,4,,MONITOR,Recurring financial obligations contribute to monthly pressure.,
72,2026-10-01,0.0016025740792090918,LOW,STABLE,SAVINGS_REINFORCEMENT,4,,MONITOR,Spending is above the user's historical baseline. | Recurring financial obligations contribute to monthly pressure.,
73,2026-10-01,0.0018127104505240529,LOW,STABLE,SAVINGS_REINFORCEMENT,4,,MONITOR,Spending is growing faster than the configured threshold. | Recurring financial obligations contribute to monthly pressure.,
74,2026-10-01,0.0015588456432288906,LOW,STABLE,SAVINGS_REINFORCEMENT,4,,MONITOR,Spending is growing faster than the configured threshold. | Spending is above the user's historical baseline. | Recurring financial obligations contribute to monthly pressure.,
75,2026-10-01,0.0021701517609211984,LOW,STABLE,SAVINGS_REINFORCEMENT,4,,MONITOR,Expense pressure is elevated. | Recurring financial obligations contribute to monthly pressure.,
76,2026-10-01,0.0015871242199565947,LOW,STABLE,SAVINGS_REINFORCEMENT,4,,MONITOR,Spending is growing faster than the configured threshold. | Recurring financial obligations contribute to monthly pressure.,
77,2026-10-01,0.002281939313718983,LOW,STABLE,SAVINGS_REINFORCEMENT,4,,MONITOR,Recurring financial obligations contribute to monthly pressure.,
78,2026-10-01,0.0032536322230286947,LOW,STABLE,SAVINGS_REINFORCEMENT,4,,MONITOR,Recurring financial obligations contribute to monthly pressure.,
79,2026-10-01,0.0018310521839709365,LOW,STABLE,SAVINGS_REINFORCEMENT,4,,MONITOR,Recurring financial obligations contribute to monthly pressure.,
80,2026-10-01,0.0014050333459292876,LOW,STABLE,SAVINGS_REINFORCEMENT,4,,MONITOR,Recurring financial obligations contribute to monthly pressure.,
81,2026-10-01,0.00232518559967452,LOW,STABLE,SAVINGS_REINFORCEMENT,4,,MONITOR,Expense pressure is elevated. | Spending is above the user's historical baseline. | Recurring financial obligations contribute to monthly pressure.,
82,2026-10-01,0.002224882114391818,LOW,OBLIGATION_PRESSURE,SAVINGS_REINFORCEMENT,4,,MONITOR,Expense pressure is elevated. | Spending is growing faster than the configured threshold. | Spending is above the user's historical baseline. | Recurring financial obligations contribute to monthly pressure. | The recent balance trajectory is declining.,
83,2026-10-01,0.0017165354772742327,LOW,STABLE,SAVINGS_REINFORCEMENT,4,,MONITOR,Spending is growing faster than the configured threshold. | Recurring financial obligations contribute to monthly pressure.,
84,2026-10-01,0.9466754123192503,HIGH,LIQUIDITY_PRESSURE,LIQUIDITY_PROTECTION,1,,RULE_BASED_RECOMMENDATION,Cash buffer is below 50% of the reference level. | Expense pressure is elevated. | Recurring financial obligations contribute to monthly pressure.,
85,2026-10-01,0.0020839522095407012,LOW,STABLE,SAVINGS_REINFORCEMENT,4,,MONITOR,Recurring financial obligations contribute to monthly pressure.,
86,2026-10-01,0.0013758629513901427,LOW,STABLE,SAVINGS_REINFORCEMENT,4,,MONITOR,Recurring financial obligations contribute to monthly pressure.,
87,2026-10-01,0.0016146879017520297,LOW,STABLE,SAVINGS_REINFORCEMENT,4,,MONITOR,Spending is growing faster than the configured threshold. | Spending is above the user's historical baseline. | Recurring financial obligations contribute to monthly pressure.,
88,2026-10-01,0.0027889333498189845,LOW,SPENDING_PRESSURE,SAVINGS_REINFORCEMENT,4,,MONITOR,Expense pressure is elevated. | Spending is growing faster than the configured threshold. | Spending is above the user's historical baseline. | Recurring financial obligations contribute to monthly pressure. | The recent balance trajectory is declining.,
89,2026-10-01,0.0017551040197387336,LOW,OBLIGATION_PRESSURE,SAVINGS_REINFORCEMENT,4,,MONITOR,Expense pressure is elevated. | Spending is growing faster than the configured threshold. | Spending is above the user's historical baseline. | Recurring financial obligations contribute to monthly pressure. | The recent balance trajectory is declining.,
90,2026-10-01,0.0022642385441553666,LOW,STABLE,SAVINGS_REINFORCEMENT,4,,MONITOR,Expense pressure is elevated. | Recurring financial obligations contribute to monthly pressure.,
91,2026-10-01,0.0017731532588229886,LOW,STABLE,SAVINGS_REINFORCEMENT,4,,MONITOR,Recurring financial obligations contribute to monthly pressure.,
92,2026-10-01,0.007665314719537447,LOW,STABLE,SAVINGS_REINFORCEMENT,4,,MONITOR,Recurring financial obligations contribute to monthly pressure.,
93,2026-10-01,0.0016178525033855781,LOW,STABLE,SAVINGS_REINFORCEMENT,4,,MONITOR,Spending is growing faster than the configured threshold. | Recurring financial obligations contribute to monthly pressure.,
94,2026-10-01,0.0015506464235911458,LOW,STABLE,SAVINGS_REINFORCEMENT,4,,MONITOR,Spending is above the user's historical baseline. | Recurring financial obligations contribute to monthly pressure.,
95,2026-10-01,0.002230366696693411,LOW,STABLE,SAVINGS_REINFORCEMENT,4,,MONITOR,Expense pressure is elevated. | Recurring financial obligations contribute to monthly pressure.,
96,2026-10-01,0.021495153642557045,LOW,LIQUIDITY_PRESSURE,SAVINGS_REINFORCEMENT,4,,MONITOR,Cash buffer is below 50% of the reference level. | Expense pressure is elevated. | Spending is growing faster than the configured threshold. | Spending is above the user's historical baseline. | Recurring financial obligations contribute to monthly pressure.,
97,2026-10-01,0.001997299944128222,LOW,STABLE,SAVINGS_REINFORCEMENT,4,,MONITOR,Expense pressure is elevated. | Recurring financial obligations contribute to monthly pressure.,
98,2026-10-01,0.0017399249607620633,LOW,STABLE,SAVINGS_REINFORCEMENT,4,,MONITOR,Spending is growing faster than the configured threshold. | Spending is above the user's historical baseline. | Recurring financial obligations contribute to monthly pressure.,
99,2026-10-01,0.0017409703059075316,LOW,STABLE,SAVINGS_REINFORCEMENT,4,,MONITOR,Recurring financial obligations contribute to monthly pressure.,
100,2026-10-01,0.002875943918233097,LOW,SPENDING_PRESSURE,SAVINGS_REINFORCEMENT,4,,MONITOR,Expense pressure is elevated. | Spending is growing faster than the configured threshold. | Spending is above the user's historical baseline. | Recurring financial obligations contribute to monthly pressure. | The recent balance trajectory is declining.,
101,2026-10-01,0.0041247279198432215,LOW,STABLE,SAVINGS_REINFORCEMENT,4,,MONITOR,Expense pressure is elevated. | Spending is growing faster than the configured threshold. | Recurring financial obligations contribute to monthly pressure.,
102,2026-10-01,0.04489391564606169,LOW,LIQUIDITY_PRESSURE,SAVINGS_REINFORCEMENT,4,,MONITOR,Cash buffer is below 50% of the reference level. | Expense pressure is elevated. | Spending is above the user's historical baseline. | Recurring financial obligations contribute to monthly pressure.,
103,2026-10-01,0.0017531252893835578,LOW,STABLE,SAVINGS_REINFORCEMENT,4,,MONITOR,Spending is growing faster than the configured threshold. | Spending is above the user's historical baseline. | Recurring financial obligations contribute to monthly pressure.,
104,2026-10-01,0.0014749257897141038,LOW,STABLE,SAVINGS_REINFORCEMENT,4,,MONITOR,Spending is growing faster than the configured threshold. | Spending is above the user's historical baseline. | Recurring financial obligations contribute to monthly pressure.,
105,2026-10-01,0.0023667997417829156,LOW,STABLE,SAVINGS_REINFORCEMENT,4,,MONITOR,Recurring financial obligations contribute to monthly pressure.,
106,2026-10-01,0.0022714991309439408,LOW,STABLE,SAVINGS_REINFORCEMENT,4,,MONITOR,Recurring financial obligations contribute to monthly pressure.,
107,2026-10-01,0.00155694344262907,LOW,STABLE,SAVINGS_REINFORCEMENT,4,,MONITOR,Recurring financial obligations contribute to monthly pressure.,
108,2026-10-01,0.001799142566728169,LOW,STABLE,SAVINGS_REINFORCEMENT,4,,MONITOR,Recurring financial obligations contribute to monthly pressure.,
109,2026-10-01,0.0021485579181070137,LOW,STABLE,SAVINGS_REINFORCEMENT,4,,MONITOR,Recurring financial obligations contribute to monthly pressure.,
110,2026-10-01,0.0020102294467648587,LOW,STABLE,SAVINGS_REINFORCEMENT,4,,MONITOR,Spending is growing faster than the configured threshold. | Spending is above the user's historical baseline. | Recurring financial obligations contribute to monthly pressure.,
111,2026-10-01,0.01508175049324868,LOW,STABLE,SAVINGS_REINFORCEMENT,4,,MONITOR,Expense pressure is elevated. | Spending is growing faster than the configured threshold. | Spending is above the user's historical baseline. | Recurring financial obligations contribute to monthly pressure.,
112,2026-10-01,0.0016264964188960796,LOW,STABLE,SAVINGS_REINFORCEMENT,4,,MONITOR,Recurring financial obligations contribute to monthly pressure.,
113,2026-10-01,0.0014172642397659895,LOW,STABLE,SAVINGS_REINFORCEMENT,4,,MONITOR,Recurring financial obligations contribute to monthly pressure.,
114,2026-10-01,0.0020171379998355247,LOW,STABLE,SAVINGS_REINFORCEMENT,4,,MONITOR,Expense pressure is elevated. | Spending is above the user's historical baseline. | Recurring financial obligations contribute to monthly pressure.,
115,2026-10-01,0.0015466016125506327,LOW,STABLE,SAVINGS_REINFORCEMENT,4,,MONITOR,Expense pressure is elevated. | Spending is growing faster than the configured threshold. | Spending is above the user's historical baseline. | Recurring financial obligations contribute to monthly pressure.,
116,2026-10-01,0.0022114595226618867,LOW,STABLE,SAVINGS_REINFORCEMENT,4,,MONITOR,Recurring financial obligations contribute to monthly pressure.,
117,2026-10-01,0.0021571646151885377,LOW,SPENDING_PRESSURE,SAVINGS_REINFORCEMENT,4,,MONITOR,Expense pressure is elevated. | Spending is growing faster than the configured threshold. | Spending is above the user's historical baseline. | Recurring financial obligations contribute to monthly pressure. | The recent balance trajectory is declining.,
118,2026-10-01,0.002081929616639537,LOW,STABLE,SAVINGS_REINFORCEMENT,4,,MONITOR,Recurring financial obligations contribute to monthly pressure.,
119,2026-10-01,0.0028649502220766455,LOW,STABLE,SAVINGS_REINFORCEMENT,4,,MONITOR,Recurring financial obligations contribute to monthly pressure.,
120,2026-10-01,0.0019067517036688048,LOW,STABLE,SAVINGS_REINFORCEMENT,4,,MONITOR,Recurring financial obligations contribute to monthly pressure.,
121,2026-10-01,0.0032012660116205564,LOW,STABLE,SAVINGS_REINFORCEMENT,4,,MONITOR,Expense pressure is elevated. | Recurring financial obligations contribute to monthly pressure.,
122,2026-10-01,0.0019946549293887953,LOW,STABLE,SAVINGS_REINFORCEMENT,4,,MONITOR,Spending is growing faster than the configured threshold. | Spending is above the user's historical baseline. | Recurring financial obligations contribute to monthly pressure.,
123,2026-10-01,0.001836312987566279,LOW,STABLE,SAVINGS_REINFORCEMENT,4,,MONITOR,Expense pressure is elevated. | Spending is above the user's historical baseline. | Recurring financial obligations contribute to monthly pressure.,
124,2026-10-01,0.001483914094481655,LOW,STABLE,SAVINGS_REINFORCEMENT,4,,MONITOR,Spending is above the user's historical baseline. | Recurring financial obligations contribute to monthly pressure.,
125,2026-10-01,0.0015421550376385987,LOW,STABLE,SAVINGS_REINFORCEMENT,4,,MONITOR,Spending is growing faster than the configured threshold. | Spending is above the user's historical baseline. | Recurring financial obligations contribute to monthly pressure.,
126,2026-10-01,0.002649902418468071,LOW,STABLE,SAVINGS_REINFORCEMENT,4,,MONITOR,Spending is growing faster than the configured threshold. | Recurring financial obligations contribute to monthly pressure.,
127,2026-10-01,0.0026123243134574215,LOW,STABLE,SAVINGS_REINFORCEMENT,4,,MONITOR,Recurring financial obligations contribute to monthly pressure.,
128,2026-10-01,0.002546215927666301,LOW,STABLE,SAVINGS_REINFORCEMENT,4,,MONITOR,Expense pressure is elevated. | Spending is growing faster than the configured threshold. | Spending is above the user's historical baseline. | Recurring financial obligations contribute to monthly pressure.,
129,2026-10-01,0.0015675829703371718,LOW,STABLE,SAVINGS_REINFORCEMENT,4,,MONITOR,Expense pressure is elevated. | Spending is growing faster than the configured threshold. | Spending is above the user's historical baseline. | Recurring financial obligations contribute to monthly pressure.,
130,2026-10-01,0.001850884227295122,LOW,STABLE,SAVINGS_REINFORCEMENT,4,,MONITOR,Spending is above the user's historical baseline. | Recurring financial obligations contribute to monthly pressure.,
131,2026-10-01,0.001481119741871349,LOW,STABLE,SAVINGS_REINFORCEMENT,4,,MONITOR,Spending is growing faster than the configured threshold. | Spending is above the user's historical baseline. | Recurring financial obligations contribute to monthly pressure.,
132,2026-10-01,0.001834209955898054,LOW,STABLE,SAVINGS_REINFORCEMENT,4,,MONITOR,Spending is above the user's historical baseline. | Recurring financial obligations contribute to monthly pressure.,
133,2026-10-01,0.0023470587037040746,LOW,STABLE,SAVINGS_REINFORCEMENT,4,,MONITOR,Spending is growing faster than the configured threshold. | Spending is above the user's historical baseline. | Recurring financial obligations contribute to monthly pressure.,
134,2026-10-01,0.0015129820817817742,LOW,STABLE,SAVINGS_REINFORCEMENT,4,,MONITOR,Spending is above the user's historical baseline. | Recurring financial obligations contribute to monthly pressure.,
135,2026-10-01,0.003064532479711852,LOW,STABLE,SAVINGS_REINFORCEMENT,4,,MONITOR,Expense pressure is elevated. | Recurring financial obligations contribute to monthly pressure.,
136,2026-10-01,0.002696626682394063,LOW,STABLE,SAVINGS_REINFORCEMENT,4,,MONITOR,Expense pressure is elevated. | Recurring financial obligations contribute to monthly pressure.,
137,2026-10-01,0.0018608539388506647,LOW,STABLE,SAVINGS_REINFORCEMENT,4,,MONITOR,Spending is growing faster than the configured threshold. | Recurring financial obligations contribute to monthly pressure.,
138,2026-10-01,0.0015101873976573412,LOW,STABLE,SAVINGS_REINFORCEMENT,4,,MONITOR,Spending is growing faster than the configured threshold. | Spending is above the user's historical baseline. | Recurring financial obligations contribute to monthly pressure.,
139,2026-10-01,0.0015479462445362805,LOW,STABLE,SAVINGS_REINFORCEMENT,4,,MONITOR,Expense pressure is elevated. | Spending is growing faster than the configured threshold. | Spending is above the user's historical baseline. | Recurring financial obligations contribute to monthly pressure.,
140,2026-10-01,0.0020017469752404587,LOW,STABLE,SAVINGS_REINFORCEMENT,4,,MONITOR,Expense pressure is elevated. | Spending is growing faster than the configured threshold. | Recurring financial obligations contribute to monthly pressure.,
141,2026-10-01,0.0019081656125583227,LOW,STABLE,SAVINGS_REINFORCEMENT,4,,MONITOR,Expense pressure is elevated. | Spending is growing faster than the configured threshold. | Spending is above the user's historical baseline. | Recurring financial obligations contribute to monthly pressure.,
142,2026-10-01,0.0020593624579006297,LOW,STABLE,SAVINGS_REINFORCEMENT,4,,MONITOR,Recurring financial obligations contribute to monthly pressure.,
143,2026-10-01,0.001904578023982102,LOW,STABLE,SAVINGS_REINFORCEMENT,4,,MONITOR,Recurring financial obligations contribute to monthly pressure.,
144,2026-10-01,0.001557749032435476,LOW,STABLE,SAVINGS_REINFORCEMENT,4,,MONITOR,Spending is growing faster than the configured threshold. | Recurring financial obligations contribute to monthly pressure.,
145,2026-10-01,0.0018352239125135588,LOW,STABLE,SAVINGS_REINFORCEMENT,4,,MONITOR,Recurring financial obligations contribute to monthly pressure.,
146,2026-10-01,0.0017540804381922244,LOW,STABLE,SAVINGS_REINFORCEMENT,4,,MONITOR,Spending is growing faster than the configured threshold. | Spending is above the user's historical baseline. | Recurring financial obligations contribute to monthly pressure.,
147,2026-10-01,0.0019911872234625425,LOW,STABLE,SAVINGS_REINFORCEMENT,4,,MONITOR,Spending is above the user's historical baseline. | Recurring financial obligations contribute to monthly pressure.,
148,2026-10-01,0.001655949688362889,LOW,STABLE,SAVINGS_REINFORCEMENT,4,,MONITOR,Recurring financial obligations contribute to monthly pressure.,
149,2026-10-01,0.002215831971298174,LOW,STABLE,SAVINGS_REINFORCEMENT,4,,MONITOR,Spending is growing faster than the configured threshold. | Recurring financial obligations contribute to monthly pressure.,
150,2026-10-01,0.0018936754591161588,LOW,STABLE,SAVINGS_REINFORCEMENT,4,,MONITOR,Spending is growing faster than the configured threshold. | Spending is above the user's historical baseline. | Recurring financial obligations contribute to monthly pressure.,
151,2026-10-01,0.0017848063548792418,LOW,STABLE,SAVINGS_REINFORCEMENT,4,,MONITOR,Recurring financial obligations contribute to monthly pressure.,
152,2026-10-01,0.0018570220752513796,LOW,STABLE,SAVINGS_REINFORCEMENT,4,,MONITOR,Spending is growing faster than the configured threshold. | Spending is above the user's historical baseline. | Recurring financial obligations contribute to monthly pressure.,
153,2026-10-01,0.0022147531626844816,LOW,STABLE,SAVINGS_REINFORCEMENT,4,,MONITOR,Recurring financial obligations contribute to monthly pressure.,
154,2026-10-01,0.015018462871473667,LOW,LIQUIDITY_PRESSURE,SAVINGS_REINFORCEMENT,4,,MONITOR,Cash buffer is below 50% of the reference level. | Expense pressure is elevated. | Spending is above the user's historical baseline. | Recurring financial obligations contribute to monthly pressure.,
155,2026-10-01,0.001544285955281334,LOW,STABLE,SAVINGS_REINFORCEMENT,4,,MONITOR,Spending is above the user's historical baseline. | Recurring financial obligations contribute to monthly pressure.,
156,2026-10-01,0.00156732824939726,LOW,STABLE,SAVINGS_REINFORCEMENT,4,,MONITOR,Recurring financial obligations contribute to monthly pressure.,
157,2026-10-01,0.0021348600145825866,LOW,STABLE,SAVINGS_REINFORCEMENT,4,,MONITOR,Spending is above the user's historical baseline. | Recurring financial obligations contribute to monthly pressure.,
158,2026-10-01,0.0017394612327035527,LOW,STABLE,SAVINGS_REINFORCEMENT,4,,MONITOR,Expense pressure is elevated. | Spending is above the user's historical baseline. | Recurring financial obligations contribute to monthly pressure.,
159,2026-10-01,0.001377689368679327,LOW,STABLE,SAVINGS_REINFORCEMENT,4,,MONITOR,Recurring financial obligations contribute to monthly pressure.,
160,2026-10-01,0.00201920517530916,LOW,STABLE,SAVINGS_REINFORCEMENT,4,,MONITOR,Recurring financial obligations contribute to monthly pressure.,
161,2026-10-01,0.0018642884401862112,LOW,STABLE,SAVINGS_REINFORCEMENT,4,,MONITOR,Recurring financial obligations contribute to monthly pressure.,
162,2026-10-01,0.0034465510230548444,LOW,STABLE,SAVINGS_REINFORCEMENT,4,,MONITOR,Expense pressure is elevated. | Spending is growing faster than the configured threshold. | Recurring financial obligations contribute to monthly pressure.,
163,2026-10-01,0.0013509563961130063,LOW,STABLE,SAVINGS_REINFORCEMENT,4,,MONITOR,Spending is growing faster than the configured threshold. | Spending is above the user's historical baseline. | Recurring financial obligations contribute to monthly pressure.,
164,2026-10-01,0.0022355465043732855,LOW,STABLE,SAVINGS_REINFORCEMENT,4,,MONITOR,Recurring financial obligations contribute to monthly pressure.,
165,2026-10-01,0.0016478981182171612,LOW,STABLE,SAVINGS_REINFORCEMENT,4,,MONITOR,Spending is above the user's historical baseline. | Recurring financial obligations contribute to monthly pressure.,
166,2026-10-01,0.0014041471279892409,LOW,STABLE,SAVINGS_REINFORCEMENT,4,,MONITOR,Recurring financial obligations contribute to monthly pressure.,
167,2026-10-01,0.2209762035228496,LOW,LIQUIDITY_PRESSURE,SAVINGS_REINFORCEMENT,4,,MONITOR,Cash buffer is below 50% of the reference level. | Expense pressure is elevated. | Recurring financial obligations contribute to monthly pressure.,
168,2026-10-01,0.0018648582192005519,LOW,STABLE,SAVINGS_REINFORCEMENT,4,,MONITOR,Recurring financial obligations contribute to monthly pressure.,
169,2026-10-01,0.012868117571662868,LOW,STABLE,SAVINGS_REINFORCEMENT,4,,MONITOR,Expense pressure is elevated. | Spending is growing faster than the configured threshold. | Spending is above the user's historical baseline. | Recurring financial obligations contribute to monthly pressure.,
170,2026-10-01,0.0014831249538421558,LOW,STABLE,SAVINGS_REINFORCEMENT,4,,MONITOR,Spending is growing faster than the configured threshold. | Spending is above the user's historical baseline. | Recurring financial obligations contribute to monthly pressure.,
171,2026-10-01,0.00214735497993769,LOW,STABLE,SAVINGS_REINFORCEMENT,4,,MONITOR,Spending is growing faster than the configured threshold. | Spending is above the user's historical baseline. | Recurring financial obligations contribute to monthly pressure.,
172,2026-10-01,0.0026856613138774503,LOW,STABLE,SAVINGS_REINFORCEMENT,4,,MONITOR,Expense pressure is elevated. | Spending is above the user's historical baseline. | Recurring financial obligations contribute to monthly pressure.,
173,2026-10-01,0.011888858631335144,LOW,STABLE,SAVINGS_REINFORCEMENT,4,,MONITOR,Expense pressure is elevated. | Recurring financial obligations contribute to monthly pressure.,
174,2026-10-01,0.0015629934241542652,LOW,STABLE,SAVINGS_REINFORCEMENT,4,,MONITOR,Spending is above the user's historical baseline. | Recurring financial obligations contribute to monthly pressure.,
175,2026-10-01,0.0024977959112890344,LOW,STABLE,SAVINGS_REINFORCEMENT,4,,MONITOR,Spending is above the user's historical baseline. | Recurring financial obligations contribute to monthly pressure.,
176,2026-10-01,0.0014253482567443746,LOW,STABLE,SAVINGS_REINFORCEMENT,4,,MONITOR,Recurring financial obligations contribute to monthly pressure.,
177,2026-10-01,0.001741490457983692,LOW,STABLE,SAVINGS_REINFORCEMENT,4,,MONITOR,Recurring financial obligations contribute to monthly pressure.,
178,2026-10-01,0.00314085067982934,LOW,STABLE,SAVINGS_REINFORCEMENT,4,,MONITOR,Recurring financial obligations contribute to monthly pressure.,
179,2026-10-01,0.002260500994445788,LOW,STABLE,SAVINGS_REINFORCEMENT,4,,MONITOR,Expense pressure is elevated. | Recurring financial obligations contribute to monthly pressure.,
180,2026-10-01,0.001992004961701487,LOW,STABLE,SAVINGS_REINFORCEMENT,4,,MONITOR,Spending is growing faster than the configured threshold. | Spending is above the user's historical baseline. | Recurring financial obligations contribute to monthly pressure.,
181,2026-10-01,0.0021048968993668204,LOW,STABLE,SAVINGS_REINFORCEMENT,4,,MONITOR,Recurring financial obligations contribute to monthly pressure.,
182,2026-10-01,0.0016992014716187658,LOW,STABLE,SAVINGS_REINFORCEMENT,4,,MONITOR,Spending is growing faster than the configured threshold. | Recurring financial obligations contribute to monthly pressure.,
183,2026-10-01,0.0019180310217700425,LOW,OBLIGATION_PRESSURE,SAVINGS_REINFORCEMENT,4,,MONITOR,Expense pressure is elevated. | Spending is growing faster than the configured threshold. | Spending is above the user's historical baseline. | Recurring financial obligations contribute to monthly pressure. | The recent balance trajectory is declining.,
184,2026-10-01,0.003269004240355091,LOW,STABLE,SAVINGS_REINFORCEMENT,4,,MONITOR,Expense pressure is elevated. | Recurring financial obligations contribute to monthly pressure.,
185,2026-10-01,0.001845804830901594,LOW,STABLE,SAVINGS_REINFORCEMENT,4,,MONITOR,Spending is growing faster than the configured threshold. | Spending is above the user's historical baseline. | Recurring financial obligations contribute to monthly pressure.,
186,2026-10-01,0.002160988266378388,LOW,STABLE,SAVINGS_REINFORCEMENT,4,,MONITOR,Expense pressure is elevated. | Spending is growing faster than the configured threshold. | Spending is above the user's historical baseline. | Recurring financial obligations contribute to monthly pressure.,
187,2026-10-01,0.0018176604418079652,LOW,STABLE,SAVINGS_REINFORCEMENT,4,,MONITOR,Expense pressure is elevated. | Spending is growing faster than the configured threshold. | Spending is above the user's historical baseline. | Recurring financial obligations contribute to monthly pressure.,
188,2026-10-01,0.0016776890801062944,LOW,STABLE,SAVINGS_REINFORCEMENT,4,,MONITOR,Recurring financial obligations contribute to monthly pressure.,
189,2026-10-01,0.0018069371962729952,LOW,STABLE,SAVINGS_REINFORCEMENT,4,,MONITOR,Spending is above the user's historical baseline. | Recurring financial obligations contribute to monthly pressure.,
190,2026-10-01,0.0020768258428611485,LOW,STABLE,SAVINGS_REINFORCEMENT,4,,MONITOR,Expense pressure is elevated. | Spending is growing faster than the configured threshold. | Spending is above the user's historical baseline. | Recurring financial obligations contribute to monthly pressure.,
191,2026-10-01,0.0019116779017418328,LOW,STABLE,SAVINGS_REINFORCEMENT,4,,MONITOR,Expense pressure is elevated. | Recurring financial obligations contribute to monthly pressure.,
192,2026-10-01,0.008545820015307123,LOW,STABLE,SAVINGS_REINFORCEMENT,4,,MONITOR,Expense pressure is elevated. | Spending is growing faster than the configured threshold. | Spending is above the user's historical baseline. | Recurring financial obligations contribute to monthly pressure.,
193,2026-10-01,0.00178325759443351,LOW,STABLE,SAVINGS_REINFORCEMENT,4,,MONITOR,Recurring financial obligations contribute to monthly pressure.,
194,2026-10-01,0.0024720902552836507,LOW,STABLE,SAVINGS_REINFORCEMENT,4,,MONITOR,Expense pressure is elevated. | Recurring financial obligations contribute to monthly pressure.,
195,2026-10-01,0.009875096811712763,LOW,STABLE,SAVINGS_REINFORCEMENT,4,,MONITOR,Expense pressure is elevated. | Recurring financial obligations contribute to monthly pressure.,
196,2026-10-01,0.0016704242837380003,LOW,STABLE,SAVINGS_REINFORCEMENT,4,,MONITOR,Spending is growing faster than the configured threshold. | Spending is above the user's historical baseline. | Recurring financial obligations contribute to monthly pressure.,
197,2026-10-01,0.001784802494841186,LOW,STABLE,SAVINGS_REINFORCEMENT,4,,MONITOR,Recurring financial obligations contribute to monthly pressure.,
198,2026-10-01,0.002031884831073585,LOW,STABLE,SAVINGS_REINFORCEMENT,4,,MONITOR,Recurring financial obligations contribute to monthly pressure.,
199,2026-10-01,0.0027307647184761333,LOW,STABLE,SAVINGS_REINFORCEMENT,4,,MONITOR,Recurring financial obligations contribute to monthly pressure.,
200,2026-10-01,0.002260636807747901,LOW,STABLE,SAVINGS_REINFORCEMENT,4,,MONITOR,Expense pressure is elevated. | Recurring financial obligations contribute to monthly pressure.,
201,2026-10-01,0.0019244085850667458,LOW,SPENDING_PRESSURE,SAVINGS_REINFORCEMENT,4,,MONITOR,Expense pressure is elevated. | Spending is growing faster than the configured threshold. | Spending is above the user's historical baseline. | Recurring financial obligations contribute to monthly pressure.,
202,2026-10-01,0.0016994231186583137,LOW,STABLE,SAVINGS_REINFORCEMENT,4,,MONITOR,Recurring financial obligations contribute to monthly pressure.,
203,2026-10-01,0.0019256224782148268,LOW,STABLE,SAVINGS_REINFORCEMENT,4,,MONITOR,Expense pressure is elevated. | Spending is growing faster than the configured threshold. | Spending is above the user's historical baseline. | Recurring financial obligations contribute to monthly pressure.,
204,2026-10-01,0.0025474727507534076,LOW,STABLE,SAVINGS_REINFORCEMENT,4,,MONITOR,Spending is growing faster than the configured threshold. | Spending is above the user's historical baseline. | Recurring financial obligations contribute to monthly pressure.,
205,2026-10-01,0.0023144175458656375,LOW,STABLE,SAVINGS_REINFORCEMENT,4,,MONITOR,Recurring financial obligations contribute to monthly pressure.,
206,2026-10-01,0.0013652387181658525,LOW,STABLE,SAVINGS_REINFORCEMENT,4,,MONITOR,Recurring financial obligations contribute to monthly pressure.,
207,2026-10-01,0.006052326635858656,LOW,STABLE,SAVINGS_REINFORCEMENT,4,,MONITOR,Spending is above the user's historical baseline. | Recurring financial obligations contribute to monthly pressure.,
208,2026-10-01,0.001716008889095724,LOW,STABLE,SAVINGS_REINFORCEMENT,4,,MONITOR,Recurring financial obligations contribute to monthly pressure.,
209,2026-10-01,0.001544142391837543,LOW,STABLE,SAVINGS_REINFORCEMENT,4,,MONITOR,Recurring financial obligations contribute to monthly pressure.,
210,2026-10-01,0.002495282907968239,LOW,STABLE,SAVINGS_REINFORCEMENT,4,,MONITOR,Recurring financial obligations contribute to monthly pressure.,
211,2026-10-01,0.002431979092282021,LOW,OBLIGATION_PRESSURE,SAVINGS_REINFORCEMENT,4,,MONITOR,Expense pressure is elevated. | Spending is growing faster than the configured threshold. | Spending is above the user's historical baseline. | Recurring financial obligations contribute to monthly pressure. | The recent balance trajectory is declining.,
212,2026-10-01,0.0015231280588356138,LOW,STABLE,SAVINGS_REINFORCEMENT,4,,MONITOR,Spending is above the user's historical baseline. | Recurring financial obligations contribute to monthly pressure.,
213,2026-10-01,0.002913716732977564,LOW,STABLE,SAVINGS_REINFORCEMENT,4,,MONITOR,Expense pressure is elevated. | Recurring financial obligations contribute to monthly pressure.,
214,2026-10-01,0.001974209823141331,LOW,STABLE,SAVINGS_REINFORCEMENT,4,,MONITOR,Spending is growing faster than the configured threshold. | Spending is above the user's historical baseline. | Recurring financial obligations contribute to monthly pressure.,
215,2026-10-01,0.0019889626773640884,LOW,STABLE,SAVINGS_REINFORCEMENT,4,,MONITOR,Recurring financial obligations contribute to monthly pressure.,
216,2026-10-01,0.0018717831041099382,LOW,STABLE,SAVINGS_REINFORCEMENT,4,,MONITOR,Spending is above the user's historical baseline. | Recurring financial obligations contribute to monthly pressure.,
217,2026-10-01,0.002020850566098876,LOW,STABLE,SAVINGS_REINFORCEMENT,4,,MONITOR,Spending is growing faster than the configured threshold. | Spending is above the user's historical baseline. | Recurring financial obligations contribute to monthly pressure.,
218,2026-10-01,0.0013800144256611222,LOW,STABLE,SAVINGS_REINFORCEMENT,4,,MONITOR,Spending is above the user's historical baseline. | Recurring financial obligations contribute to monthly pressure.,
219,2026-10-01,0.0016448078823695657,LOW,STABLE,SAVINGS_REINFORCEMENT,4,,MONITOR,Recurring financial obligations contribute to monthly pressure.,
220,2026-10-01,0.002664296726635401,LOW,STABLE,SAVINGS_REINFORCEMENT,4,,MONITOR,Expense pressure is elevated. | Spending is growing faster than the configured threshold. | Spending is above the user's historical baseline. | Recurring financial obligations contribute to monthly pressure.,
221,2026-10-01,0.0016014717767387013,LOW,STABLE,SAVINGS_REINFORCEMENT,4,,MONITOR,Recurring financial obligations contribute to monthly pressure.,
222,2026-10-01,0.0014336340945393469,LOW,STABLE,SAVINGS_REINFORCEMENT,4,,MONITOR,Spending is above the user's historical baseline. | Recurring financial obligations contribute to monthly pressure.,
223,2026-10-01,0.0016344644011700403,LOW,STABLE,SAVINGS_REINFORCEMENT,4,,MONITOR,Expense pressure is elevated. | Spending is growing faster than the configured threshold. | Spending is above the user's historical baseline. | Recurring financial obligations contribute to monthly pressure.,
224,2026-10-01,0.0014186716370137595,LOW,STABLE,SAVINGS_REINFORCEMENT,4,,MONITOR,Recurring financial obligations contribute to monthly pressure.,
225,2026-10-01,0.0024435551088457324,LOW,STABLE,SAVINGS_REINFORCEMENT,4,,MONITOR,Recurring financial obligations contribute to monthly pressure.,
226,2026-10-01,0.0014256493281213202,LOW,STABLE,SAVINGS_REINFORCEMENT,4,,MONITOR,Recurring financial obligations contribute to monthly pressure.,
227,2026-10-01,0.0015401415577748867,LOW,STABLE,SAVINGS_REINFORCEMENT,4,,MONITOR,Spending is growing faster than the configured threshold. | Spending is above the user's historical baseline. | Recurring financial obligations contribute to monthly pressure.,
228,2026-10-01,0.002440837616589874,LOW,STABLE,SAVINGS_REINFORCEMENT,4,,MONITOR,Spending is growing faster than the configured threshold. | Spending is above the user's historical baseline. | Recurring financial obligations contribute to monthly pressure.,
229,2026-10-01,0.01304995161568257,LOW,LIQUIDITY_PRESSURE,SAVINGS_REINFORCEMENT,4,,MONITOR,Cash buffer is below 50% of the reference level. | Expense pressure is elevated. | Spending is growing faster than the configured threshold. | Recurring financial obligations contribute to monthly pressure.,
230,2026-10-01,0.0016935155466288342,LOW,STABLE,SAVINGS_REINFORCEMENT,4,,MONITOR,Spending is growing faster than the configured threshold. | Spending is above the user's historical baseline. | Recurring financial obligations contribute to monthly pressure.,
231,2026-10-01,0.001973334254360298,LOW,STABLE,SAVINGS_REINFORCEMENT,4,,MONITOR,Expense pressure is elevated. | Recurring financial obligations contribute to monthly pressure.,
232,2026-10-01,0.0031243990062456532,LOW,STABLE,SAVINGS_REINFORCEMENT,4,,MONITOR,Expense pressure is elevated. | Recurring financial obligations contribute to monthly pressure.,
233,2026-10-01,0.001887341655358125,LOW,STABLE,SAVINGS_REINFORCEMENT,4,,MONITOR,Recurring financial obligations contribute to monthly pressure.,
234,2026-10-01,0.00196272341558543,LOW,STABLE,SAVINGS_REINFORCEMENT,4,,MONITOR,Spending is growing faster than the configured threshold. | Spending is above the user's historical baseline. | Recurring financial obligations contribute to monthly pressure.,
235,2026-10-01,0.0014887096453139847,LOW,STABLE,SAVINGS_REINFORCEMENT,4,,MONITOR,Recurring financial obligations contribute to monthly pressure.,
236,2026-10-01,0.0017191076443320266,LOW,STABLE,SAVINGS_REINFORCEMENT,4,,MONITOR,Spending is above the user's historical baseline. | Recurring financial obligations contribute to monthly pressure.,
237,2026-10-01,0.004054007087780784,LOW,STABLE,SAVINGS_REINFORCEMENT,4,,MONITOR,Recurring financial obligations contribute to monthly pressure.,
238,2026-10-01,0.006295074822294454,LOW,OBLIGATION_PRESSURE,SAVINGS_REINFORCEMENT,4,,MONITOR,Expense pressure is elevated. | Spending is growing faster than the configured threshold. | Spending is above the user's historical baseline. | Recurring financial obligations contribute to monthly pressure. | The recent balance trajectory is declining.,
239,2026-10-01,0.0016259988676449615,LOW,STABLE,SAVINGS_REINFORCEMENT,4,,MONITOR,Spending is growing faster than the configured threshold. | Recurring financial obligations contribute to monthly pressure.,
240,2026-10-01,0.0016272934692201702,LOW,STABLE,SAVINGS_REINFORCEMENT,4,,MONITOR,Spending is above the user's historical baseline. | Recurring financial obligations contribute to monthly pressure.,
241,2026-10-01,0.0033874050732157824,LOW,STABLE,SAVINGS_REINFORCEMENT,4,,MONITOR,Recurring financial obligations contribute to monthly pressure.,
242,2026-10-01,0.0021946107081787887,LOW,STABLE,SAVINGS_REINFORCEMENT,4,,MONITOR,Spending is above the user's historical baseline. | Recurring financial obligations contribute to monthly pressure.,
243,2026-10-01,0.0015718976532105209,LOW,STABLE,SAVINGS_REINFORCEMENT,4,,MONITOR,Spending is growing faster than the configured threshold. | Recurring financial obligations contribute to monthly pressure.,
244,2026-10-01,0.0018859849035639305,LOW,STABLE,SAVINGS_REINFORCEMENT,4,,MONITOR,Spending is above the user's historical baseline. | Recurring financial obligations contribute to monthly pressure.,
245,2026-10-01,0.0019414368298252757,LOW,STABLE,SAVINGS_REINFORCEMENT,4,,MONITOR,Recurring financial obligations contribute to monthly pressure.,
246,2026-10-01,0.002383642196706995,LOW,STABLE,SAVINGS_REINFORCEMENT,4,,MONITOR,Recurring financial obligations contribute to monthly pressure.,
247,2026-10-01,0.001800165221483626,LOW,STABLE,SAVINGS_REINFORCEMENT,4,,MONITOR,Recurring financial obligations contribute to monthly pressure.,
248,2026-10-01,0.0016397057863189624,LOW,STABLE,SAVINGS_REINFORCEMENT,4,,MONITOR,Spending is growing faster than the configured threshold. | Spending is above the user's historical baseline. | Recurring financial obligations contribute to monthly pressure.,
249,2026-10-01,0.003231554096772559,LOW,STABLE,SAVINGS_REINFORCEMENT,4,,MONITOR,Expense pressure is elevated. | Recurring financial obligations contribute to monthly pressure.,
250,2026-10-01,0.0019395164791541815,LOW,STABLE,SAVINGS_REINFORCEMENT,4,,MONITOR,Spending is above the user's historical baseline. | Recurring financial obligations contribute to monthly pressure.,
251,2026-10-01,0.0016804310234525325,LOW,STABLE,SAVINGS_REINFORCEMENT,4,,MONITOR,Recurring financial obligations contribute to monthly pressure.,
252,2026-10-01,0.001952217692032631,LOW,STABLE,SAVINGS_REINFORCEMENT,4,,MONITOR,Recurring financial obligations contribute to monthly pressure.,
253,2026-10-01,0.001643240676838014,LOW,STABLE,SAVINGS_REINFORCEMENT,4,,MONITOR,Recurring financial obligations contribute to monthly pressure.,
254,2026-10-01,0.0015835657514281225,LOW,STABLE,SAVINGS_REINFORCEMENT,4,,MONITOR,Recurring financial obligations contribute to monthly pressure.,
255,2026-10-01,0.0014702947430700677,LOW,STABLE,SAVINGS_REINFORCEMENT,4,,MONITOR,Recurring financial obligations contribute to monthly pressure.,
256,2026-10-01,0.001834496706776068,LOW,STABLE,SAVINGS_REINFORCEMENT,4,,MONITOR,Recurring financial obligations contribute to monthly pressure.,
257,2026-10-01,0.0016071236890650483,LOW,STABLE,SAVINGS_REINFORCEMENT,4,,MONITOR,Spending is growing faster than the configured threshold. | Spending is above the user's historical baseline. | Recurring financial obligations contribute to monthly pressure.,
258,2026-10-01,0.0022443082174313234,LOW,STABLE,SAVINGS_REINFORCEMENT,4,,MONITOR,Expense pressure is elevated. | Spending is growing faster than the configured threshold. | Recurring financial obligations contribute to monthly pressure.,
259,2026-10-01,0.001884224787519089,LOW,STABLE,SAVINGS_REINFORCEMENT,4,,MONITOR,Expense pressure is elevated. | Spending is growing faster than the configured threshold. | Spending is above the user's historical baseline. | Recurring financial obligations contribute to monthly pressure.,
260,2026-10-01,0.0030755727351620037,LOW,STABLE,SAVINGS_REINFORCEMENT,4,,MONITOR,Expense pressure is elevated. | Spending is above the user's historical baseline. | Recurring financial obligations contribute to monthly pressure.,
261,2026-10-01,0.0021226167883382904,LOW,STABLE,SAVINGS_REINFORCEMENT,4,,MONITOR,Spending is above the user's historical baseline. | Recurring financial obligations contribute to monthly pressure.,
262,2026-10-01,0.0021345239337813796,LOW,OBLIGATION_PRESSURE,SAVINGS_REINFORCEMENT,4,,MONITOR,Expense pressure is elevated. | Spending is growing faster than the configured threshold. | Spending is above the user's historical baseline. | Recurring financial obligations contribute to monthly pressure. | The recent balance trajectory is declining.,
263,2026-10-01,0.06913019248831993,LOW,LIQUIDITY_PRESSURE,SAVINGS_REINFORCEMENT,4,,MONITOR,Cash buffer is below 50% of the reference level. | Expense pressure is elevated. | Spending is above the user's historical baseline. | Recurring financial obligations contribute to monthly pressure.,
264,2026-10-01,0.0018446594518925865,LOW,STABLE,SAVINGS_REINFORCEMENT,4,,MONITOR,Recurring financial obligations contribute to monthly pressure.,
265,2026-10-01,0.001956821262393727,LOW,STABLE,SAVINGS_REINFORCEMENT,4,,MONITOR,Recurring financial obligations contribute to monthly pressure.,
266,2026-10-01,0.0015545481683659223,LOW,STABLE,SAVINGS_REINFORCEMENT,4,,MONITOR,Spending is growing faster than the configured threshold. | Spending is above the user's historical baseline. | Recurring financial obligations contribute to monthly pressure.,
267,2026-10-01,0.0019601102904292208,LOW,STABLE,SAVINGS_REINFORCEMENT,4,,MONITOR,Recurring financial obligations contribute to monthly pressure.,
268,2026-10-01,0.001691603912070623,LOW,STABLE,SAVINGS_REINFORCEMENT,4,,MONITOR,Recurring financial obligations contribute to monthly pressure.,
269,2026-10-01,0.001910599085183607,LOW,STABLE,SAVINGS_REINFORCEMENT,4,,MONITOR,Recurring financial obligations contribute to monthly pressure.,
270,2026-10-01,0.0016523336551297076,LOW,STABLE,SAVINGS_REINFORCEMENT,4,,MONITOR,Spending is growing faster than the configured threshold. | Spending is above the user's historical baseline. | Recurring financial obligations contribute to monthly pressure.,
271,2026-10-01,0.0020008414245099838,LOW,STABLE,SAVINGS_REINFORCEMENT,4,,MONITOR,Recurring financial obligations contribute to monthly pressure.,
272,2026-10-01,0.0014382516334984275,LOW,STABLE,SAVINGS_REINFORCEMENT,4,,MONITOR,Spending is above the user's historical baseline. | Recurring financial obligations contribute to monthly pressure.,
273,2026-10-01,0.001857162705361801,LOW,STABLE,SAVINGS_REINFORCEMENT,4,,MONITOR,Expense pressure is elevated. | Spending is growing faster than the configured threshold. | Spending is above the user's historical baseline. | Recurring financial obligations contribute to monthly pressure.,
274,2026-10-01,0.0019695397714919504,LOW,STABLE,SAVINGS_REINFORCEMENT,4,,MONITOR,Spending is growing faster than the configured threshold. | Spending is above the user's historical baseline. | Recurring financial obligations contribute to monthly pressure.,
275,2026-10-01,0.002442902094275893,LOW,STABLE,SAVINGS_REINFORCEMENT,4,,MONITOR,Recurring financial obligations contribute to monthly pressure.,
276,2026-10-01,0.002302169343163233,LOW,STABLE,SAVINGS_REINFORCEMENT,4,,MONITOR,Expense pressure is elevated. | Recurring financial obligations contribute to monthly pressure.,
277,2026-10-01,0.0017387361805275628,LOW,STABLE,SAVINGS_REINFORCEMENT,4,,MONITOR,Expense pressure is elevated. | Spending is growing faster than the configured threshold. | Spending is above the user's historical baseline. | Recurring financial obligations contribute to monthly pressure.,
278,2026-10-01,0.0019407600385850869,LOW,STABLE,SAVINGS_REINFORCEMENT,4,,MONITOR,Expense pressure is elevated. | Recurring financial obligations contribute to monthly pressure.,
279,2026-10-01,0.00715616475361894,LOW,STABLE,SAVINGS_REINFORCEMENT,4,,MONITOR,Expense pressure is elevated. | Spending is above the user's historical baseline. | Recurring financial obligations contribute to monthly pressure.,
280,2026-10-01,0.0028916561885561883,LOW,STABLE,SAVINGS_REINFORCEMENT,4,,MONITOR,Expense pressure is elevated. | Recurring financial obligations contribute to monthly pressure.,
281,2026-10-01,0.0015990210807667847,LOW,STABLE,SAVINGS_REINFORCEMENT,4,,MONITOR,Spending is growing faster than the configured threshold. | Spending is above the user's historical baseline. | Recurring financial obligations contribute to monthly pressure.,
282,2026-10-01,0.0017900522503684325,LOW,STABLE,SAVINGS_REINFORCEMENT,4,,MONITOR,Recurring financial obligations contribute to monthly pressure.,
283,2026-10-01,0.0028800483649207066,LOW,STABLE,SAVINGS_REINFORCEMENT,4,,MONITOR,Spending is above the user's historical baseline. | Recurring financial obligations contribute to monthly pressure.,
284,2026-10-01,0.0017995089312301375,LOW,STABLE,SAVINGS_REINFORCEMENT,4,,MONITOR,Recurring financial obligations contribute to monthly pressure.,
285,2026-10-01,0.002275844354050359,LOW,STABLE,SAVINGS_REINFORCEMENT,4,,MONITOR,Recurring financial obligations contribute to monthly pressure.,
286,2026-10-01,0.001616914785564256,LOW,STABLE,SAVINGS_REINFORCEMENT,4,,MONITOR,Recurring financial obligations contribute to monthly pressure.,
287,2026-10-01,0.0014363259865718479,LOW,STABLE,SAVINGS_REINFORCEMENT,4,,MONITOR,Spending is growing faster than the configured threshold. | Recurring financial obligations contribute to monthly pressure.,
288,2026-10-01,0.002305849892492564,LOW,STABLE,SAVINGS_REINFORCEMENT,4,,MONITOR,Spending is growing faster than the configured threshold. | Spending is above the user's historical baseline. | Recurring financial obligations contribute to monthly pressure.,
289,2026-10-01,0.0016132272090127,LOW,STABLE,SAVINGS_REINFORCEMENT,4,,MONITOR,Recurring financial obligations contribute to monthly pressure.,
290,2026-10-01,0.0019210049203171446,LOW,STABLE,SAVINGS_REINFORCEMENT,4,,MONITOR,Spending is growing faster than the configured threshold. | Spending is above the user's historical baseline. | Recurring financial obligations contribute to monthly pressure.,
291,2026-10-01,0.0018784940826603654,LOW,STABLE,SAVINGS_REINFORCEMENT,4,,MONITOR,Spending is growing faster than the configured threshold. | Spending is above the user's historical baseline. | Recurring financial obligations contribute to monthly pressure.,
292,2026-10-01,0.0014622852867171659,LOW,STABLE,SAVINGS_REINFORCEMENT,4,,MONITOR,Recurring financial obligations contribute to monthly pressure.,
293,2026-10-01,0.0022060015147527144,LOW,STABLE,SAVINGS_REINFORCEMENT,4,,MONITOR,Expense pressure is elevated. | Spending is above the user's historical baseline. | Recurring financial obligations contribute to monthly pressure.,
294,2026-10-01,0.002252039963131654,LOW,OBLIGATION_PRESSURE,SAVINGS_REINFORCEMENT,4,,MONITOR,Expense pressure is elevated. | Spending is growing faster than the configured threshold. | Spending is above the user's historical baseline. | Recurring financial obligations contribute to monthly pressure. | The recent balance trajectory is declining.,
295,2026-10-01,0.0019258907040713817,LOW,STABLE,SAVINGS_REINFORCEMENT,4,,MONITOR,Spending is above the user's historical baseline. | Recurring financial obligations contribute to monthly pressure.,
296,2026-10-01,0.002023868963804124,LOW,STABLE,SAVINGS_REINFORCEMENT,4,,MONITOR,Spending is above the user's historical baseline. | Recurring financial obligations contribute to monthly pressure.,
297,2026-10-01,0.003738573742671594,LOW,STABLE,SAVINGS_REINFORCEMENT,4,,MONITOR,Recurring financial obligations contribute to monthly pressure.,
298,2026-10-01,0.001744968836001044,LOW,STABLE,SAVINGS_REINFORCEMENT,4,,MONITOR,Spending is growing faster than the configured threshold. | Recurring financial obligations contribute to monthly pressure.,
299,2026-10-01,0.001598565036906554,LOW,STABLE,SAVINGS_REINFORCEMENT,4,,MONITOR,Spending is growing faster than the configured threshold. | Spending is above the user's historical baseline. | Recurring financial obligations contribute to monthly pressure.,
300,2026-10-01,0.0025354156020221973,LOW,STABLE,SAVINGS_REINFORCEMENT,4,,MONITOR,Spending is growing faster than the configured threshold. | Recurring financial obligations contribute to monthly pressure.,
301,2026-10-01,0.0022001399407005563,LOW,STABLE,SAVINGS_REINFORCEMENT,4,,MONITOR,Spending is above the user's historical baseline. | Recurring financial obligations contribute to monthly pressure.,
302,2026-10-01,0.0015516638171560403,LOW,STABLE,SAVINGS_REINFORCEMENT,4,,MONITOR,Spending is above the user's historical baseline. | Recurring financial obligations contribute to monthly pressure.,
303,2026-10-01,0.0019395406570978566,LOW,STABLE,SAVINGS_REINFORCEMENT,4,,MONITOR,Spending is growing faster than the configured threshold. | Recurring financial obligations contribute to monthly pressure.,
304,2026-10-01,0.001980514763869621,LOW,STABLE,SAVINGS_REINFORCEMENT,4,,MONITOR,Recurring financial obligations contribute to monthly pressure.,
305,2026-10-01,0.0018398811122162181,LOW,STABLE,SAVINGS_REINFORCEMENT,4,,MONITOR,Recurring financial obligations contribute to monthly pressure.,
306,2026-10-01,0.0016267991081188552,LOW,STABLE,SAVINGS_REINFORCEMENT,4,,MONITOR,Recurring financial obligations contribute to monthly pressure.,
307,2026-10-01,0.0019199362536466576,LOW,STABLE,SAVINGS_REINFORCEMENT,4,,MONITOR,Recurring financial obligations contribute to monthly pressure.,
308,2026-10-01,0.0022659432605612226,LOW,STABLE,SAVINGS_REINFORCEMENT,4,,MONITOR,Recurring financial obligations contribute to monthly pressure.,
309,2026-10-01,0.0019311812946445537,LOW,STABLE,SAVINGS_REINFORCEMENT,4,,MONITOR,Spending is growing faster than the configured threshold. | Spending is above the user's historical baseline. | Recurring financial obligations contribute to monthly pressure.,
310,2026-10-01,0.0017855933227349462,LOW,STABLE,SAVINGS_REINFORCEMENT,4,,MONITOR,Spending is growing faster than the configured threshold. | Spending is above the user's historical baseline. | Recurring financial obligations contribute to monthly pressure.,
311,2026-10-01,0.0016120631492684751,LOW,STABLE,SAVINGS_REINFORCEMENT,4,,MONITOR,Recurring financial obligations contribute to monthly pressure.,
312,2026-10-01,0.0018543426946333562,LOW,STABLE,SAVINGS_REINFORCEMENT,4,,MONITOR,Recurring financial obligations contribute to monthly pressure.,
313,2026-10-01,0.002125181922516732,LOW,STABLE,SAVINGS_REINFORCEMENT,4,,MONITOR,Expense pressure is elevated. | Recurring financial obligations contribute to monthly pressure.,
314,2026-10-01,0.0019592775461668758,LOW,STABLE,SAVINGS_REINFORCEMENT,4,,MONITOR,Recurring financial obligations contribute to monthly pressure.,
315,2026-10-01,0.002222761660653651,LOW,STABLE,SAVINGS_REINFORCEMENT,4,,MONITOR,Expense pressure is elevated. | Recurring financial obligations contribute to monthly pressure.,
316,2026-10-01,0.0022262848713693524,LOW,STABLE,SAVINGS_REINFORCEMENT,4,,MONITOR,Expense pressure is elevated. | Spending is growing faster than the configured threshold. | Spending is above the user's historical baseline. | Recurring financial obligations contribute to monthly pressure.,
317,2026-10-01,0.0018443579580224322,LOW,STABLE,SAVINGS_REINFORCEMENT,4,,MONITOR,Recurring financial obligations contribute to monthly pressure.,
318,2026-10-01,0.0026793396661259497,LOW,OBLIGATION_PRESSURE,SAVINGS_REINFORCEMENT,4,,MONITOR,Expense pressure is elevated. | Spending is growing faster than the configured threshold. | Spending is above the user's historical baseline. | Recurring financial obligations contribute to monthly pressure. | The recent balance trajectory is declining.,
319,2026-10-01,0.0030116213423163857,LOW,STABLE,SAVINGS_REINFORCEMENT,4,,MONITOR,Expense pressure is elevated. | Recurring financial obligations contribute to monthly pressure.,
320,2026-10-01,0.0019766436997521028,LOW,STABLE,SAVINGS_REINFORCEMENT,4,,MONITOR,Recurring financial obligations contribute to monthly pressure.,
321,2026-10-01,0.001433238936531685,LOW,STABLE,SAVINGS_REINFORCEMENT,4,,MONITOR,Recurring financial obligations contribute to monthly pressure.,
322,2026-10-01,0.0016352131343673152,LOW,STABLE,SAVINGS_REINFORCEMENT,4,,MONITOR,Recurring financial obligations contribute to monthly pressure.,
323,2026-10-01,0.002014794360957336,LOW,STABLE,SAVINGS_REINFORCEMENT,4,,MONITOR,Spending is growing faster than the configured threshold. | Spending is above the user's historical baseline. | Recurring financial obligations contribute to monthly pressure.,
324,2026-10-01,0.0019407750874172462,LOW,STABLE,SAVINGS_REINFORCEMENT,4,,MONITOR,Spending is growing faster than the configured threshold. | Spending is above the user's historical baseline. | Recurring financial obligations contribute to monthly pressure.,
325,2026-10-01,0.0018269117387990645,LOW,STABLE,SAVINGS_REINFORCEMENT,4,,MONITOR,Spending is growing faster than the configured threshold. | Spending is above the user's historical baseline. | Recurring financial obligations contribute to monthly pressure.,
326,2026-10-01,0.002011347208516948,LOW,STABLE,SAVINGS_REINFORCEMENT,4,,MONITOR,Spending is growing faster than the configured threshold. | Recurring financial obligations contribute to monthly pressure.,
327,2026-10-01,0.004095551520821342,LOW,STABLE,SAVINGS_REINFORCEMENT,4,,MONITOR,Expense pressure is elevated. | Spending is above the user's historical baseline. | Recurring financial obligations contribute to monthly pressure.,
328,2026-10-01,0.0015593396021266297,LOW,STABLE,SAVINGS_REINFORCEMENT,4,,MONITOR,Recurring financial obligations contribute to monthly pressure.,
329,2026-10-01,0.002138649680345901,LOW,STABLE,SAVINGS_REINFORCEMENT,4,,MONITOR,Spending is growing faster than the configured threshold. | Spending is above the user's historical baseline. | Recurring financial obligations contribute to monthly pressure.,
330,2026-10-01,0.0020258944953423863,LOW,STABLE,SAVINGS_REINFORCEMENT,4,,MONITOR,Spending is above the user's historical baseline. | Recurring financial obligations contribute to monthly pressure.,
331,2026-10-01,0.0016240321006592625,LOW,STABLE,SAVINGS_REINFORCEMENT,4,,MONITOR,Expense pressure is elevated. | Spending is above the user's historical baseline. | Recurring financial obligations contribute to monthly pressure.,
332,2026-10-01,0.0022285813902563705,LOW,STABLE,SAVINGS_REINFORCEMENT,4,,MONITOR,Spending is growing faster than the configured threshold. | Spending is above the user's historical baseline. | Recurring financial obligations contribute to monthly pressure.,
333,2026-10-01,0.027771576240497937,LOW,STABLE,SAVINGS_REINFORCEMENT,4,,MONITOR,Expense pressure is elevated. | Recurring financial obligations contribute to monthly pressure.,
334,2026-10-01,0.0018324587718695703,LOW,STABLE,SAVINGS_REINFORCEMENT,4,,MONITOR,Spending is growing faster than the configured threshold. | Spending is above the user's historical baseline. | Recurring financial obligations contribute to monthly pressure.,
335,2026-10-01,0.0016161692684441332,LOW,STABLE,SAVINGS_REINFORCEMENT,4,,MONITOR,Spending is growing faster than the configured threshold. | Recurring financial obligations contribute to monthly pressure.,
336,2026-10-01,0.005163847554085786,LOW,STABLE,SAVINGS_REINFORCEMENT,4,,MONITOR,Expense pressure is elevated. | Recurring financial obligations contribute to monthly pressure.,
337,2026-10-01,0.0016243309525307656,LOW,STABLE,SAVINGS_REINFORCEMENT,4,,MONITOR,Recurring financial obligations contribute to monthly pressure.,
338,2026-10-01,0.002616154244821387,LOW,STABLE,SAVINGS_REINFORCEMENT,4,,MONITOR,Expense pressure is elevated. | Spending is growing faster than the configured threshold. | Spending is above the user's historical baseline. | Recurring financial obligations contribute to monthly pressure.,
339,2026-10-01,0.0022422878137381493,LOW,STABLE,SAVINGS_REINFORCEMENT,4,,MONITOR,Spending is above the user's historical baseline. | Recurring financial obligations contribute to monthly pressure.,
340,2026-10-01,0.002160841198728363,LOW,STABLE,SAVINGS_REINFORCEMENT,4,,MONITOR,Spending is growing faster than the configured threshold. | Spending is above the user's historical baseline. | Recurring financial obligations contribute to monthly pressure.,
341,2026-10-01,0.8243980459630862,HIGH,LIQUIDITY_PRESSURE,LIQUIDITY_PROTECTION,1,,RULE_BASED_RECOMMENDATION,Cash buffer is below 50% of the reference level. | Expense pressure is elevated. | Spending is growing faster than the configured threshold. | Spending is above the user's historical baseline. | Recurring financial obligations contribute to monthly pressure.,
342,2026-10-01,0.001855983532444673,LOW,STABLE,SAVINGS_REINFORCEMENT,4,,MONITOR,Spending is above the user's historical baseline. | Recurring financial obligations contribute to monthly pressure.,
343,2026-10-01,0.0014266477194286736,LOW,STABLE,SAVINGS_REINFORCEMENT,4,,MONITOR,Spending is growing faster than the configured threshold. | Recurring financial obligations contribute to monthly pressure.,
344,2026-10-01,0.0017512527040531457,LOW,STABLE,SAVINGS_REINFORCEMENT,4,,MONITOR,Recurring financial obligations contribute to monthly pressure.,
345,2026-10-01,0.0015268438036933282,LOW,STABLE,SAVINGS_REINFORCEMENT,4,,MONITOR,Spending is growing faster than the configured threshold. | Recurring financial obligations contribute to monthly pressure.,
346,2026-10-01,0.002155974560383715,LOW,SPENDING_PRESSURE,SAVINGS_REINFORCEMENT,4,,MONITOR,Expense pressure is elevated. | Spending is growing faster than the configured threshold. | Spending is above the user's historical baseline. | Recurring financial obligations contribute to monthly pressure.,
347,2026-10-01,0.001738119766258713,LOW,STABLE,SAVINGS_REINFORCEMENT,4,,MONITOR,Spending is above the user's historical baseline. | Recurring financial obligations contribute to monthly pressure.,
348,2026-10-01,0.0016118755201110888,LOW,STABLE,SAVINGS_REINFORCEMENT,4,,MONITOR,Recurring financial obligations contribute to monthly pressure.,
349,2026-10-01,0.001508778923476075,LOW,STABLE,SAVINGS_REINFORCEMENT,4,,MONITOR,Recurring financial obligations contribute to monthly pressure.,
350,2026-10-01,0.0018714094774292527,LOW,STABLE,SAVINGS_REINFORCEMENT,4,,MONITOR,Spending is growing faster than the configured threshold. | Spending is above the user's historical baseline. | Recurring financial obligations contribute to monthly pressure.,
351,2026-10-01,0.0017099808715706898,LOW,STABLE,SAVINGS_REINFORCEMENT,4,,MONITOR,Expense pressure is elevated. | Spending is growing faster than the configured threshold. | Spending is above the user's historical baseline. | Recurring financial obligations contribute to monthly pressure.,
352,2026-10-01,0.0030109898983911886,LOW,STABLE,SAVINGS_REINFORCEMENT,4,,MONITOR,Recurring financial obligations contribute to monthly pressure.,
353,2026-10-01,0.0019106375348447112,LOW,STABLE,SAVINGS_REINFORCEMENT,4,,MONITOR,Recurring financial obligations contribute to monthly pressure.,
354,2026-10-01,0.0017029236007174713,LOW,STABLE,SAVINGS_REINFORCEMENT,4,,MONITOR,Spending is growing faster than the configured threshold. | Spending is above the user's historical baseline. | Recurring financial obligations contribute to monthly pressure.,
355,2026-10-01,0.0016628905816654354,LOW,STABLE,SAVINGS_REINFORCEMENT,4,,MONITOR,Spending is growing faster than the configured threshold. | Spending is above the user's historical baseline. | Recurring financial obligations contribute to monthly pressure.,
356,2026-10-01,0.0013893242471071515,LOW,STABLE,SAVINGS_REINFORCEMENT,4,,MONITOR,Spending is growing faster than the configured threshold. | Spending is above the user's historical baseline. | Recurring financial obligations contribute to monthly pressure.,
357,2026-10-01,0.04601867153338131,LOW,STABLE,SAVINGS_REINFORCEMENT,4,,MONITOR,Expense pressure is elevated. | Recurring financial obligations contribute to monthly pressure.,
358,2026-10-01,0.21148044173611713,LOW,LIQUIDITY_PRESSURE,SAVINGS_REINFORCEMENT,4,,MONITOR,Cash buffer is below 50% of the reference level. | Expense pressure is elevated. | Recurring financial obligations contribute to monthly pressure.,
359,2026-10-01,0.0024289016622308897,LOW,STABLE,SAVINGS_REINFORCEMENT,4,,MONITOR,Expense pressure is elevated. | Spending is above the user's historical baseline. | Recurring financial obligations contribute to monthly pressure.,
360,2026-10-01,0.0026108322928328894,LOW,STABLE,SAVINGS_REINFORCEMENT,4,,MONITOR,Spending is above the user's historical baseline. | Recurring financial obligations contribute to monthly pressure.,
361,2026-10-01,0.023050617943925007,LOW,STABLE,SAVINGS_REINFORCEMENT,4,,MONITOR,Cash buffer is below 50% of the reference level. | Spending is above the user's historical baseline. | Recurring financial obligations contribute to monthly pressure.,
362,2026-10-01,0.005489534881760993,LOW,OBLIGATION_PRESSURE,SAVINGS_REINFORCEMENT,4,,MONITOR,Expense pressure is elevated. | Spending is growing faster than the configured threshold. | Spending is above the user's historical baseline. | Recurring financial obligations contribute to monthly pressure. | The recent balance trajectory is declining.,
363,2026-10-01,0.00225577163895619,LOW,STABLE,SAVINGS_REINFORCEMENT,4,,MONITOR,Recurring financial obligations contribute to monthly pressure.,
364,2026-10-01,0.003184940256786609,LOW,STABLE,SAVINGS_REINFORCEMENT,4,,MONITOR,Expense pressure is elevated. | Recurring financial obligations contribute to monthly pressure.,
365,2026-10-01,0.001293238463449887,LOW,STABLE,SAVINGS_REINFORCEMENT,4,,MONITOR,Recurring financial obligations contribute to monthly pressure.,
366,2026-10-01,0.001746604269670407,LOW,STABLE,SAVINGS_REINFORCEMENT,4,,MONITOR,Recurring financial obligations contribute to monthly pressure.,
367,2026-10-01,0.0021931315480130794,LOW,STABLE,SAVINGS_REINFORCEMENT,4,,MONITOR,Spending is growing faster than the configured threshold. | Recurring financial obligations contribute to monthly pressure.,
368,2026-10-01,0.0017223020914104929,LOW,STABLE,SAVINGS_REINFORCEMENT,4,,MONITOR,Spending is above the user's historical baseline. | Recurring financial obligations contribute to monthly pressure.,
369,2026-10-01,0.003113550459101073,LOW,STABLE,SAVINGS_REINFORCEMENT,4,,MONITOR,Expense pressure is elevated. | Recurring financial obligations contribute to monthly pressure.,
370,2026-10-01,0.0016457823036342314,LOW,STABLE,SAVINGS_REINFORCEMENT,4,,MONITOR,Recurring financial obligations contribute to monthly pressure.,
371,2026-10-01,0.0015947051229434142,LOW,STABLE,SAVINGS_REINFORCEMENT,4,,MONITOR,Spending is growing faster than the configured threshold. | Spending is above the user's historical baseline. | Recurring financial obligations contribute to monthly pressure.,
372,2026-10-01,0.04751836473189315,LOW,LIQUIDITY_PRESSURE,SAVINGS_REINFORCEMENT,4,,MONITOR,Cash buffer is below 50% of the reference level. | Expense pressure is elevated. | Spending is growing faster than the configured threshold. | Spending is above the user's historical baseline. | Recurring financial obligations contribute to monthly pressure.,
373,2026-10-01,0.002077568007893435,LOW,STABLE,SAVINGS_REINFORCEMENT,4,,MONITOR,Expense pressure is elevated. | Spending is growing faster than the configured threshold. | Spending is above the user's historical baseline. | Recurring financial obligations contribute to monthly pressure.,
374,2026-10-01,0.0020876775702769064,LOW,STABLE,SAVINGS_REINFORCEMENT,4,,MONITOR,Recurring financial obligations contribute to monthly pressure.,
375,2026-10-01,0.0015935165853073815,LOW,STABLE,SAVINGS_REINFORCEMENT,4,,MONITOR,Recurring financial obligations contribute to monthly pressure.,
376,2026-10-01,0.0024721630108199832,LOW,STABLE,SAVINGS_REINFORCEMENT,4,,MONITOR,Expense pressure is elevated. | Spending is growing faster than the configured threshold. | Spending is above the user's historical baseline. | Recurring financial obligations contribute to monthly pressure.,
377,2026-10-01,0.001510108141198497,LOW,STABLE,SAVINGS_REINFORCEMENT,4,,MONITOR,Spending is above the user's historical baseline. | Recurring financial obligations contribute to monthly pressure.,
378,2026-10-01,0.002297293478569994,LOW,STABLE,SAVINGS_REINFORCEMENT,4,,MONITOR,Recurring financial obligations contribute to monthly pressure.,
379,2026-10-01,0.0018243985002440247,LOW,STABLE,SAVINGS_REINFORCEMENT,4,,MONITOR,Spending is growing faster than the configured threshold. | Spending is above the user's historical baseline. | Recurring financial obligations contribute to monthly pressure.,
380,2026-10-01,0.001397777797681278,LOW,STABLE,SAVINGS_REINFORCEMENT,4,,MONITOR,Spending is above the user's historical baseline. | Recurring financial obligations contribute to monthly pressure.,
381,2026-10-01,0.0018664399185307392,LOW,STABLE,SAVINGS_REINFORCEMENT,4,,MONITOR,Recurring financial obligations contribute to monthly pressure.,
382,2026-10-01,0.0026757410300910145,LOW,STABLE,SAVINGS_REINFORCEMENT,4,,MONITOR,Expense pressure is elevated. | Recurring financial obligations contribute to monthly pressure.,
383,2026-10-01,0.0019421923458371655,LOW,STABLE,SAVINGS_REINFORCEMENT,4,,MONITOR,Recurring financial obligations contribute to monthly pressure.,
384,2026-10-01,0.0017505347820649594,LOW,STABLE,SAVINGS_REINFORCEMENT,4,,MONITOR,Spending is above the user's historical baseline. | Recurring financial obligations contribute to monthly pressure.,
385,2026-10-01,0.002028018375841355,LOW,STABLE,SAVINGS_REINFORCEMENT,4,,MONITOR,Expense pressure is elevated. | Spending is growing faster than the configured threshold. | Spending is above the user's historical baseline. | Recurring financial obligations contribute to monthly pressure.,
386,2026-10-01,0.0015838682983068397,LOW,STABLE,SAVINGS_REINFORCEMENT,4,,MONITOR,Spending is above the user's historical baseline. | Recurring financial obligations contribute to monthly pressure.,
387,2026-10-01,0.0028799347801126514,LOW,SPENDING_PRESSURE,SAVINGS_REINFORCEMENT,4,,MONITOR,Expense pressure is elevated. | Spending is growing faster than the configured threshold. | Spending is above the user's historical baseline. | Recurring financial obligations contribute to monthly pressure. | The recent balance trajectory is declining.,
388,2026-10-01,0.0016922688071270477,LOW,STABLE,SAVINGS_REINFORCEMENT,4,,MONITOR,Expense pressure is elevated. | Spending is growing faster than the configured threshold. | Recurring financial obligations contribute to monthly pressure.,
389,2026-10-01,0.002127573014685698,LOW,STABLE,SAVINGS_REINFORCEMENT,4,,MONITOR,Expense pressure is elevated. | Recurring financial obligations contribute to monthly pressure.,
390,2026-10-01,0.0018927008297582933,LOW,STABLE,SAVINGS_REINFORCEMENT,4,,MONITOR,Recurring financial obligations contribute to monthly pressure.,
391,2026-10-01,0.003081026261024848,LOW,SPENDING_PRESSURE,SAVINGS_REINFORCEMENT,4,,MONITOR,Expense pressure is elevated. | Spending is growing faster than the configured threshold. | Spending is above the user's historical baseline. | Recurring financial obligations contribute to monthly pressure. | The recent balance trajectory is declining.,
392,2026-10-01,0.0015542074854979905,LOW,STABLE,SAVINGS_REINFORCEMENT,4,,MONITOR,Recurring financial obligations contribute to monthly pressure.,
393,2026-10-01,0.0020504785006701183,LOW,STABLE,SAVINGS_REINFORCEMENT,4,,MONITOR,Spending is growing faster than the configured threshold. | Recurring financial obligations contribute to monthly pressure.,
394,2026-10-01,0.0022737460216898345,LOW,SPENDING_PRESSURE,SAVINGS_REINFORCEMENT,4,,MONITOR,Expense pressure is elevated. | Spending is growing faster than the configured threshold. | Spending is above the user's historical baseline. | Recurring financial obligations contribute to monthly pressure. | The recent balance trajectory is declining.,
395,2026-10-01,0.0024908480815846535,LOW,STABLE,SAVINGS_REINFORCEMENT,4,,MONITOR,Spending is growing faster than the configured threshold. | Recurring financial obligations contribute to monthly pressure.,
396,2026-10-01,0.0017024410875673562,LOW,STABLE,SAVINGS_REINFORCEMENT,4,,MONITOR,Recurring financial obligations contribute to monthly pressure.,
397,2026-10-01,0.001970116847811687,LOW,STABLE,SAVINGS_REINFORCEMENT,4,,MONITOR,Spending is above the user's historical baseline. | Recurring financial obligations contribute to monthly pressure.,
398,2026-10-01,0.0015834380482156077,LOW,STABLE,SAVINGS_REINFORCEMENT,4,,MONITOR,Spending is growing faster than the configured threshold. | Spending is above the user's historical baseline. | Recurring financial obligations contribute to monthly pressure.,
399,2026-10-01,0.0022490356455831403,LOW,STABLE,SAVINGS_REINFORCEMENT,4,,MONITOR,Recurring financial obligations contribute to monthly pressure.,
400,2026-10-01,0.0021784668130120192,LOW,SPENDING_PRESSURE,SAVINGS_REINFORCEMENT,4,,MONITOR,Expense pressure is elevated. | Spending is growing faster than the configured threshold. | Spending is above the user's historical baseline. | Recurring financial obligations contribute to monthly pressure. | The recent balance trajectory is declining.,
401,2026-10-01,0.002369413460630891,LOW,STABLE,SAVINGS_REINFORCEMENT,4,,MONITOR,Expense pressure is elevated. | Recurring financial obligations contribute to monthly pressure.,
402,2026-10-01,0.0025713847908496812,LOW,STABLE,SAVINGS_REINFORCEMENT,4,,MONITOR,Recurring financial obligations contribute to monthly pressure.,
403,2026-10-01,0.0019460382719041192,LOW,STABLE,SAVINGS_REINFORCEMENT,4,,MONITOR,Expense pressure is elevated. | Spending is growing faster than the configured threshold. | Spending is above the user's historical baseline. | Recurring financial obligations contribute to monthly pressure.,
404,2026-10-01,0.002121034381400292,LOW,STABLE,SAVINGS_REINFORCEMENT,4,,MONITOR,Recurring financial obligations contribute to monthly pressure.,
405,2026-10-01,0.0031091141317510416,LOW,STABLE,SAVINGS_REINFORCEMENT,4,,MONITOR,Expense pressure is elevated. | Recurring financial obligations contribute to monthly pressure.,
406,2026-10-01,0.0018918012256297148,LOW,STABLE,SAVINGS_REINFORCEMENT,4,,MONITOR,Recurring financial obligations contribute to monthly pressure.,
407,2026-10-01,0.006713941332300429,LOW,STABLE,SAVINGS_REINFORCEMENT,4,,MONITOR,Expense pressure is elevated. | Recurring financial obligations contribute to monthly pressure.,
408,2026-10-01,0.003374731274038291,LOW,STABLE,SAVINGS_REINFORCEMENT,4,,MONITOR,Recurring financial obligations contribute to monthly pressure.,
409,2026-10-01,0.0019709738826031546,LOW,STABLE,SAVINGS_REINFORCEMENT,4,,MONITOR,Spending is above the user's historical baseline. | Recurring financial obligations contribute to monthly pressure.,
410,2026-10-01,0.0020602188111321015,LOW,STABLE,SAVINGS_REINFORCEMENT,4,,MONITOR,Recurring financial obligations contribute to monthly pressure.,
411,2026-10-01,0.0014806603111351504,LOW,STABLE,SAVINGS_REINFORCEMENT,4,,MONITOR,Recurring financial obligations contribute to monthly pressure.,
412,2026-10-01,0.02904383619421541,LOW,OBLIGATION_PRESSURE,SAVINGS_REINFORCEMENT,4,,MONITOR,Expense pressure is elevated. | Spending is above the user's historical baseline. | Recurring financial obligations contribute to monthly pressure. | The recent balance trajectory is declining.,
413,2026-10-01,0.0029468209778218566,LOW,STABLE,SAVINGS_REINFORCEMENT,4,,MONITOR,Recurring financial obligations contribute to monthly pressure.,
414,2026-10-01,0.0017403951551257062,LOW,STABLE,SAVINGS_REINFORCEMENT,4,,MONITOR,Recurring financial obligations contribute to monthly pressure.,
415,2026-10-01,0.0014576795251315532,LOW,STABLE,SAVINGS_REINFORCEMENT,4,,MONITOR,Spending is growing faster than the configured threshold. | Recurring financial obligations contribute to monthly pressure.,
416,2026-10-01,0.002948546143229951,LOW,STABLE,SAVINGS_REINFORCEMENT,4,,MONITOR,Expense pressure is elevated. | Recurring financial obligations contribute to monthly pressure.,
417,2026-10-01,0.0018710046006604683,LOW,STABLE,SAVINGS_REINFORCEMENT,4,,MONITOR,Spending is above the user's historical baseline. | Recurring financial obligations contribute to monthly pressure.,
418,2026-10-01,0.001595317899763475,LOW,STABLE,SAVINGS_REINFORCEMENT,4,,MONITOR,Recurring financial obligations contribute to monthly pressure.,
419,2026-10-01,0.00207524628685,LOW,STABLE,SAVINGS_REINFORCEMENT,4,,MONITOR,Spending is growing faster than the configured threshold. | Recurring financial obligations contribute to monthly pressure.,
420,2026-10-01,0.003757253049304645,LOW,STABLE,SAVINGS_REINFORCEMENT,4,,MONITOR,Recurring financial obligations contribute to monthly pressure.,
421,2026-10-01,0.002147663368687969,LOW,STABLE,SAVINGS_REINFORCEMENT,4,,MONITOR,Recurring financial obligations contribute to monthly pressure.,
422,2026-10-01,0.0016111679450714028,LOW,STABLE,SAVINGS_REINFORCEMENT,4,,MONITOR,Recurring financial obligations contribute to monthly pressure.,
423,2026-10-01,0.0023317164729371224,LOW,STABLE,SAVINGS_REINFORCEMENT,4,,MONITOR,Expense pressure is elevated. | Spending is growing faster than the configured threshold. | Spending is above the user's historical baseline. | Recurring financial obligations contribute to monthly pressure.,
424,2026-10-01,0.0016916103838829574,LOW,STABLE,SAVINGS_REINFORCEMENT,4,,MONITOR,Spending is growing faster than the configured threshold. | Spending is above the user's historical baseline. | Recurring financial obligations contribute to monthly pressure.,
425,2026-10-01,0.07086847367848202,LOW,STABLE,SAVINGS_REINFORCEMENT,4,,MONITOR,Cash buffer is below 50% of the reference level. | Recurring financial obligations contribute to monthly pressure.,
426,2026-10-01,0.0021773581439320016,LOW,STABLE,SAVINGS_REINFORCEMENT,4,,MONITOR,Recurring financial obligations contribute to monthly pressure.,
427,2026-10-01,0.0019014301828433472,LOW,STABLE,SAVINGS_REINFORCEMENT,4,,MONITOR,Recurring financial obligations contribute to monthly pressure.,
428,2026-10-01,0.002261032020834194,LOW,STABLE,SAVINGS_REINFORCEMENT,4,,MONITOR,Expense pressure is elevated. | Recurring financial obligations contribute to monthly pressure.,
429,2026-10-01,0.0014097187644771304,LOW,STABLE,SAVINGS_REINFORCEMENT,4,,MONITOR,Recurring financial obligations contribute to monthly pressure.,
430,2026-10-01,0.0016490099910106773,LOW,STABLE,SAVINGS_REINFORCEMENT,4,,MONITOR,Recurring financial obligations contribute to monthly pressure.,
431,2026-10-01,0.0017379751817564292,LOW,STABLE,SAVINGS_REINFORCEMENT,4,,MONITOR,Recurring financial obligations contribute to monthly pressure.,
432,2026-10-01,0.0021815625917504296,LOW,STABLE,SAVINGS_REINFORCEMENT,4,,MONITOR,Expense pressure is elevated. | Recurring financial obligations contribute to monthly pressure.,
433,2026-10-01,0.002228384672679864,LOW,STABLE,SAVINGS_REINFORCEMENT,4,,MONITOR,Expense pressure is elevated. | Spending is above the user's historical baseline. | Recurring financial obligations contribute to monthly pressure.,
434,2026-10-01,0.00234311568636283,LOW,STABLE,SAVINGS_REINFORCEMENT,4,,MONITOR,Expense pressure is elevated. | Recurring financial obligations contribute to monthly pressure.,
435,2026-10-01,0.0016165263816468219,LOW,STABLE,SAVINGS_REINFORCEMENT,4,,MONITOR,Recurring financial obligations contribute to monthly pressure.,
436,2026-10-01,0.0016563611369903436,LOW,STABLE,SAVINGS_REINFORCEMENT,4,,MONITOR,Recurring financial obligations contribute to monthly pressure.,
437,2026-10-01,0.0016548051429166744,LOW,STABLE,SAVINGS_REINFORCEMENT,4,,MONITOR,Recurring financial obligations contribute to monthly pressure.,
438,2026-10-01,0.0017515224369544936,LOW,STABLE,SAVINGS_REINFORCEMENT,4,,MONITOR,Recurring financial obligations contribute to monthly pressure.,
439,2026-10-01,0.0019022180449977586,LOW,STABLE,SAVINGS_REINFORCEMENT,4,,MONITOR,Recurring financial obligations contribute to monthly pressure.,
440,2026-10-01,0.0017081413153931697,LOW,STABLE,SAVINGS_REINFORCEMENT,4,,MONITOR,Expense pressure is elevated. | Spending is growing faster than the configured threshold. | Spending is above the user's historical baseline. | Recurring financial obligations contribute to monthly pressure.,
441,2026-10-01,0.0015378404710361803,LOW,STABLE,SAVINGS_REINFORCEMENT,4,,MONITOR,Spending is above the user's historical baseline. | Recurring financial obligations contribute to monthly pressure.,
442,2026-10-01,0.001821920886833247,LOW,STABLE,SAVINGS_REINFORCEMENT,4,,MONITOR,Spending is growing faster than the configured threshold. | Spending is above the user's historical baseline. | Recurring financial obligations contribute to monthly pressure.,
443,2026-10-01,0.001298937023218253,LOW,STABLE,SAVINGS_REINFORCEMENT,4,,MONITOR,Recurring financial obligations contribute to monthly pressure.,
444,2026-10-01,0.0019091017235616913,LOW,STABLE,SAVINGS_REINFORCEMENT,4,,MONITOR,Spending is above the user's historical baseline. | Recurring financial obligations contribute to monthly pressure.,
445,2026-10-01,0.002041297288987322,LOW,STABLE,SAVINGS_REINFORCEMENT,4,,MONITOR,Spending is growing faster than the configured threshold. | Spending is above the user's historical baseline. | Recurring financial obligations contribute to monthly pressure.,
446,2026-10-01,0.0039022543417772462,LOW,STABLE,SAVINGS_REINFORCEMENT,4,,MONITOR,Recurring financial obligations contribute to monthly pressure.,
447,2026-10-01,0.0016729333058087465,LOW,STABLE,SAVINGS_REINFORCEMENT,4,,MONITOR,Recurring financial obligations contribute to monthly pressure.,
448,2026-10-01,0.0015994276381221986,LOW,STABLE,SAVINGS_REINFORCEMENT,4,,MONITOR,Recurring financial obligations contribute to monthly pressure.,
449,2026-10-01,0.0018171849385506486,LOW,STABLE,SAVINGS_REINFORCEMENT,4,,MONITOR,Spending is above the user's historical baseline. | Recurring financial obligations contribute to monthly pressure.,
450,2026-10-01,0.0018801935661739097,LOW,STABLE,SAVINGS_REINFORCEMENT,4,,MONITOR,Spending is growing faster than the configured threshold. | Spending is above the user's historical baseline. | Recurring financial obligations contribute to monthly pressure.,
451,2026-10-01,0.001682911622529085,LOW,STABLE,SAVINGS_REINFORCEMENT,4,,MONITOR,Spending is above the user's historical baseline. | Recurring financial obligations contribute to monthly pressure.,
452,2026-10-01,0.002199779354952202,LOW,STABLE,SAVINGS_REINFORCEMENT,4,,MONITOR,Recurring financial obligations contribute to monthly pressure.,
453,2026-10-01,0.0020598146519020845,LOW,STABLE,SAVINGS_REINFORCEMENT,4,,MONITOR,Expense pressure is elevated. | Spending is growing faster than the configured threshold. | Spending is above the user's historical baseline. | Recurring financial obligations contribute to monthly pressure.,
454,2026-10-01,0.0023400201608688104,LOW,STABLE,SAVINGS_REINFORCEMENT,4,,MONITOR,Recurring financial obligations contribute to monthly pressure.,
455,2026-10-01,0.001476074111617021,LOW,STABLE,SAVINGS_REINFORCEMENT,4,,MONITOR,Spending is growing faster than the configured threshold. | Spending is above the user's historical baseline. | Recurring financial obligations contribute to monthly pressure.,
456,2026-10-01,0.0018763224490305334,LOW,STABLE,SAVINGS_REINFORCEMENT,4,,MONITOR,Recurring financial obligations contribute to monthly pressure.,
457,2026-10-01,0.0024022703428323916,LOW,STABLE,SAVINGS_REINFORCEMENT,4,,MONITOR,Spending is above the user's historical baseline. | Recurring financial obligations contribute to monthly pressure.,
458,2026-10-01,0.0022402269151730013,LOW,SPENDING_PRESSURE,SAVINGS_REINFORCEMENT,4,,MONITOR,Expense pressure is elevated. | Spending is growing faster than the configured threshold. | Spending is above the user's historical baseline. | Recurring financial obligations contribute to monthly pressure.,
459,2026-10-01,0.001989514306169634,LOW,STABLE,SAVINGS_REINFORCEMENT,4,,MONITOR,Spending is above the user's historical baseline. | Recurring financial obligations contribute to monthly pressure.,
460,2026-10-01,0.0021573296823667225,LOW,STABLE,SAVINGS_REINFORCEMENT,4,,MONITOR,Recurring financial obligations contribute to monthly pressure.,
461,2026-10-01,0.0015509132906393291,LOW,STABLE,SAVINGS_REINFORCEMENT,4,,MONITOR,Recurring financial obligations contribute to monthly pressure.,
462,2026-10-01,0.0018214987837520367,LOW,STABLE,SAVINGS_REINFORCEMENT,4,,MONITOR,Spending is growing faster than the configured threshold. | Spending is above the user's historical baseline. | Recurring financial obligations contribute to monthly pressure.,
463,2026-10-01,0.002048776286104681,LOW,STABLE,SAVINGS_REINFORCEMENT,4,,MONITOR,Spending is growing faster than the configured threshold. | Spending is above the user's historical baseline. | Recurring financial obligations contribute to monthly pressure.,
464,2026-10-01,0.0017289258655867456,LOW,STABLE,SAVINGS_REINFORCEMENT,4,,MONITOR,Recurring financial obligations contribute to monthly pressure.,
465,2026-10-01,0.0017123043042742828,LOW,STABLE,SAVINGS_REINFORCEMENT,4,,MONITOR,Expense pressure is elevated. | Spending is growing faster than the configured threshold. | Spending is above the user's historical baseline. | Recurring financial obligations contribute to monthly pressure.,
466,2026-10-01,0.002696383902221603,LOW,STABLE,SAVINGS_REINFORCEMENT,4,,MONITOR,Expense pressure is elevated. | Spending is above the user's historical baseline. | Recurring financial obligations contribute to monthly pressure.,
467,2026-10-01,0.0018814798549841943,LOW,STABLE,SAVINGS_REINFORCEMENT,4,,MONITOR,Recurring financial obligations contribute to monthly pressure.,
468,2026-10-01,0.0017470392334669003,LOW,STABLE,SAVINGS_REINFORCEMENT,4,,MONITOR,Recurring financial obligations contribute to monthly pressure.,
469,2026-10-01,0.002110562697981915,LOW,STABLE,SAVINGS_REINFORCEMENT,4,,MONITOR,Spending is growing faster than the configured threshold. | Recurring financial obligations contribute to monthly pressure.,
470,2026-10-01,0.0016546244579956758,LOW,STABLE,SAVINGS_REINFORCEMENT,4,,MONITOR,Recurring financial obligations contribute to monthly pressure.,
471,2026-10-01,0.0020713158986859375,LOW,STABLE,SAVINGS_REINFORCEMENT,4,,MONITOR,Expense pressure is elevated. | Spending is growing faster than the configured threshold. | Spending is above the user's historical baseline. | Recurring financial obligations contribute to monthly pressure.,
472,2026-10-01,0.0019463893476004523,LOW,STABLE,SAVINGS_REINFORCEMENT,4,,MONITOR,Recurring financial obligations contribute to monthly pressure.,
473,2026-10-01,0.0019339148614257186,LOW,STABLE,SAVINGS_REINFORCEMENT,4,,MONITOR,Spending is growing faster than the configured threshold. | Spending is above the user's historical baseline. | Recurring financial obligations contribute to monthly pressure.,
474,2026-10-01,0.003238826061362843,LOW,STABLE,SAVINGS_REINFORCEMENT,4,,MONITOR,Expense pressure is elevated. | Recurring financial obligations contribute to monthly pressure.,
475,2026-10-01,0.0019858466971961262,LOW,STABLE,SAVINGS_REINFORCEMENT,4,,MONITOR,Spending is growing faster than the configured threshold. | Recurring financial obligations contribute to monthly pressure.,
476,2026-10-01,0.0029310876290300574,LOW,STABLE,SAVINGS_REINFORCEMENT,4,,MONITOR,Expense pressure is elevated. | Spending is growing faster than the configured threshold. | Spending is above the user's historical baseline. | Recurring financial obligations contribute to monthly pressure.,
477,2026-10-01,0.0017516545473767193,LOW,STABLE,SAVINGS_REINFORCEMENT,4,,MONITOR,Spending is above the user's historical baseline. | Recurring financial obligations contribute to monthly pressure.,
478,2026-10-01,0.003188017775134372,LOW,STABLE,SAVINGS_REINFORCEMENT,4,,MONITOR,Recurring financial obligations contribute to monthly pressure.,
479,2026-10-01,0.002713198203755595,LOW,STABLE,SAVINGS_REINFORCEMENT,4,,MONITOR,Recurring financial obligations contribute to monthly pressure.,
480,2026-10-01,0.001712606667446075,LOW,STABLE,SAVINGS_REINFORCEMENT,4,,MONITOR,Recurring financial obligations contribute to monthly pressure.,
481,2026-10-01,0.0014833715007786445,LOW,STABLE,SAVINGS_REINFORCEMENT,4,,MONITOR,Recurring financial obligations contribute to monthly pressure.,
482,2026-10-01,0.0019264573713395363,LOW,STABLE,SAVINGS_REINFORCEMENT,4,,MONITOR,Spending is growing faster than the configured threshold. | Spending is above the user's historical baseline. | Recurring financial obligations contribute to monthly pressure.,
483,2026-10-01,0.017861936805212513,LOW,STABLE,SAVINGS_REINFORCEMENT,4,,MONITOR,Expense pressure is elevated. | Recurring financial obligations contribute to monthly pressure.,
484,2026-10-01,0.0019923732581099965,LOW,STABLE,SAVINGS_REINFORCEMENT,4,,MONITOR,Expense pressure is elevated. | Spending is above the user's historical baseline. | Recurring financial obligations contribute to monthly pressure.,
485,2026-10-01,0.0016372044537181745,LOW,STABLE,SAVINGS_REINFORCEMENT,4,,MONITOR,Spending is growing faster than the configured threshold. | Spending is above the user's historical baseline. | Recurring financial obligations contribute to monthly pressure.,
486,2026-10-01,0.00202843162155113,LOW,STABLE,SAVINGS_REINFORCEMENT,4,,MONITOR,Recurring financial obligations contribute to monthly pressure.,
487,2026-10-01,0.08815031689806359,LOW,LIQUIDITY_PRESSURE,SAVINGS_REINFORCEMENT,4,,MONITOR,Cash buffer is below 50% of the reference level. | Expense pressure is elevated. | Recurring financial obligations contribute to monthly pressure.,
488,2026-10-01,0.0018837602468465826,LOW,STABLE,SAVINGS_REINFORCEMENT,4,,MONITOR,Recurring financial obligations contribute to monthly pressure.,
489,2026-10-01,0.0020956177324595936,LOW,STABLE,SAVINGS_REINFORCEMENT,4,,MONITOR,Spending is above the user's historical baseline. | Recurring financial obligations contribute to monthly pressure.,
490,2026-10-01,0.0013229766190390705,LOW,STABLE,SAVINGS_REINFORCEMENT,4,,MONITOR,Spending is above the user's historical baseline. | Recurring financial obligations contribute to monthly pressure.,
491,2026-10-01,0.002903924037466687,LOW,STABLE,SAVINGS_REINFORCEMENT,4,,MONITOR,Spending is growing faster than the configured threshold. | Recurring financial obligations contribute to monthly pressure.,
492,2026-10-01,0.00207561684009627,LOW,STABLE,SAVINGS_REINFORCEMENT,4,,MONITOR,Spending is above the user's historical baseline. | Recurring financial obligations contribute to monthly pressure.,
493,2026-10-01,0.002026718970365783,LOW,STABLE,SAVINGS_REINFORCEMENT,4,,MONITOR,Spending is above the user's historical baseline. | Recurring financial obligations contribute to monthly pressure.,
494,2026-10-01,0.0041012845371368,LOW,STABLE,SAVINGS_REINFORCEMENT,4,,MONITOR,Expense pressure is elevated. | Recurring financial obligations contribute to monthly pressure.,
495,2026-10-01,0.0018231219888225666,LOW,STABLE,SAVINGS_REINFORCEMENT,4,,MONITOR,Expense pressure is elevated. | Spending is growing faster than the configured threshold. | Recurring financial obligations contribute to monthly pressure.,
496,2026-10-01,0.0026827163968960303,LOW,STABLE,SAVINGS_REINFORCEMENT,4,,MONITOR,Expense pressure is elevated. | Recurring financial obligations contribute to monthly pressure.,
497,2026-10-01,0.0023649312072004094,LOW,STABLE,SAVINGS_REINFORCEMENT,4,,MONITOR,Expense pressure is elevated. | Spending is growing faster than the configured threshold. | Spending is above the user's historical baseline. | Recurring financial obligations contribute to monthly pressure.,
498,2026-10-01,0.002013001593642752,LOW,STABLE,SAVINGS_REINFORCEMENT,4,,MONITOR,Spending is growing faster than the configured threshold. | Spending is above the user's historical baseline. | Recurring financial obligations contribute to monthly pressure.,
499,2026-10-01,0.002593644544586228,LOW,STABLE,SAVINGS_REINFORCEMENT,4,,MONITOR,Recurring financial obligations contribute to monthly pressure.,
500,2026-10-01,0.003256973016287848,LOW,STABLE,SAVINGS_REINFORCEMENT,4,,MONITOR,Expense pressure is elevated. | Spending is growing faster than the configured threshold. | Recurring financial obligations contribute to monthly pressure.,
501,2026-10-01,0.002880783405404228,LOW,STABLE,SAVINGS_REINFORCEMENT,4,,MONITOR,Recurring financial obligations contribute to monthly pressure.,
502,2026-10-01,0.00214650089740316,LOW,STABLE,SAVINGS_REINFORCEMENT,4,,MONITOR,Recurring financial obligations contribute to monthly pressure.,
503,2026-10-01,0.001705915634635209,LOW,STABLE,SAVINGS_REINFORCEMENT,4,,MONITOR,Recurring financial obligations contribute to monthly pressure.,
504,2026-10-01,0.0029205510996400666,LOW,STABLE,SAVINGS_REINFORCEMENT,4,,MONITOR,Expense pressure is elevated. | Recurring financial obligations contribute to monthly pressure.,
505,2026-10-01,0.04207264279277491,LOW,OBLIGATION_PRESSURE,SAVINGS_REINFORCEMENT,4,,MONITOR,Expense pressure is elevated. | Recurring financial obligations contribute to monthly pressure. | The recent balance trajectory is declining.,
506,2026-10-01,0.001875894134973103,LOW,STABLE,SAVINGS_REINFORCEMENT,4,,MONITOR,Recurring financial obligations contribute to monthly pressure.,
507,2026-10-01,0.0022187033924730764,LOW,STABLE,SAVINGS_REINFORCEMENT,4,,MONITOR,Expense pressure is elevated. | Recurring financial obligations contribute to monthly pressure.,
508,2026-10-01,0.0019708785423088416,LOW,STABLE,SAVINGS_REINFORCEMENT,4,,MONITOR,Spending is growing faster than the configured threshold. | Spending is above the user's historical baseline. | Recurring financial obligations contribute to monthly pressure.,
509,2026-10-01,0.001840014518855156,LOW,STABLE,SAVINGS_REINFORCEMENT,4,,MONITOR,Recurring financial obligations contribute to monthly pressure.,
510,2026-10-01,0.0017445839681198452,LOW,STABLE,SAVINGS_REINFORCEMENT,4,,MONITOR,Recurring financial obligations contribute to monthly pressure.,
511,2026-10-01,0.00230614973676116,LOW,STABLE,SAVINGS_REINFORCEMENT,4,,MONITOR,Spending is growing faster than the configured threshold. | Spending is above the user's historical baseline. | Recurring financial obligations contribute to monthly pressure.,
512,2026-10-01,0.001756865752293194,LOW,STABLE,SAVINGS_REINFORCEMENT,4,,MONITOR,Recurring financial obligations contribute to monthly pressure.,
513,2026-10-01,0.0018911477984671378,LOW,STABLE,SAVINGS_REINFORCEMENT,4,,MONITOR,Recurring financial obligations contribute to monthly pressure.,
514,2026-10-01,0.0016143941718973777,LOW,STABLE,SAVINGS_REINFORCEMENT,4,,MONITOR,Recurring financial obligations contribute to monthly pressure.,
515,2026-10-01,0.0033502760915543792,LOW,STABLE,SAVINGS_REINFORCEMENT,4,,MONITOR,Expense pressure is elevated. | Recurring financial obligations contribute to monthly pressure.,
516,2026-10-01,0.002078307960969983,LOW,STABLE,SAVINGS_REINFORCEMENT,4,,MONITOR,Recurring financial obligations contribute to monthly pressure.,
517,2026-10-01,0.0018988439202342617,LOW,STABLE,SAVINGS_REINFORCEMENT,4,,MONITOR,Spending is above the user's historical baseline. | Recurring financial obligations contribute to monthly pressure.,
518,2026-10-01,0.0034216779705054977,LOW,STABLE,SAVINGS_REINFORCEMENT,4,,MONITOR,Recurring financial obligations contribute to monthly pressure.,
519,2026-10-01,0.0019387297743148034,LOW,STABLE,SAVINGS_REINFORCEMENT,4,,MONITOR,Expense pressure is elevated. | Spending is growing faster than the configured threshold. | Spending is above the user's historical baseline. | Recurring financial obligations contribute to monthly pressure.,
520,2026-10-01,0.002117767774191872,LOW,STABLE,SAVINGS_REINFORCEMENT,4,,MONITOR,Spending is growing faster than the configured threshold. | Recurring financial obligations contribute to monthly pressure.,
521,2026-10-01,0.0015635971082509816,LOW,STABLE,SAVINGS_REINFORCEMENT,4,,MONITOR,Recurring financial obligations contribute to monthly pressure.,
522,2026-10-01,0.0016870825358538278,LOW,STABLE,SAVINGS_REINFORCEMENT,4,,MONITOR,Spending is growing faster than the configured threshold. | Spending is above the user's historical baseline. | Recurring financial obligations contribute to monthly pressure.,
523,2026-10-01,0.5360541855867623,MODERATE,LIQUIDITY_PRESSURE,LIQUIDITY_PROTECTION,1,,RULE_BASED_RECOMMENDATION,Cash buffer is below 50% of the reference level. | Expense pressure is elevated. | Recurring financial obligations contribute to monthly pressure.,
524,2026-10-01,0.0022289671573606485,LOW,STABLE,SAVINGS_REINFORCEMENT,4,,MONITOR,Recurring financial obligations contribute to monthly pressure.,
525,2026-10-01,0.002743548975398924,LOW,STABLE,SAVINGS_REINFORCEMENT,4,,MONITOR,Expense pressure is elevated. | Spending is above the user's historical baseline. | Recurring financial obligations contribute to monthly pressure.,
526,2026-10-01,0.0016178169750443582,LOW,STABLE,SAVINGS_REINFORCEMENT,4,,MONITOR,Recurring financial obligations contribute to monthly pressure.,
527,2026-10-01,0.00223008475852075,LOW,STABLE,SAVINGS_REINFORCEMENT,4,,MONITOR,Spending is growing faster than the configured threshold. | Spending is above the user's historical baseline. | Recurring financial obligations contribute to monthly pressure.,
528,2026-10-01,0.00149021692662298,LOW,STABLE,SAVINGS_REINFORCEMENT,4,,MONITOR,Recurring financial obligations contribute to monthly pressure.,
529,2026-10-01,0.0014618123417698215,LOW,STABLE,SAVINGS_REINFORCEMENT,4,,MONITOR,Spending is above the user's historical baseline. | Recurring financial obligations contribute to monthly pressure.,
530,2026-10-01,0.9603608131043739,HIGH,LIQUIDITY_PRESSURE,LIQUIDITY_PROTECTION,1,,RULE_BASED_RECOMMENDATION,Cash buffer is below 50% of the reference level. | Expense pressure is elevated. | Spending is growing faster than the configured threshold. | Spending is above the user's historical baseline. | Recurring financial obligations contribute to monthly pressure.,
531,2026-10-01,0.002041094441511705,LOW,SPENDING_PRESSURE,SAVINGS_REINFORCEMENT,4,,MONITOR,Expense pressure is elevated. | Spending is above the user's historical baseline. | Recurring financial obligations contribute to monthly pressure.,
532,2026-10-01,0.0016889272151065977,LOW,STABLE,SAVINGS_REINFORCEMENT,4,,MONITOR,Spending is growing faster than the configured threshold. | Recurring financial obligations contribute to monthly pressure.,
533,2026-10-01,0.002050729556484307,LOW,STABLE,SAVINGS_REINFORCEMENT,4,,MONITOR,Recurring financial obligations contribute to monthly pressure.,
534,2026-10-01,0.0014835410278468812,LOW,STABLE,SAVINGS_REINFORCEMENT,4,,MONITOR,Recurring financial obligations contribute to monthly pressure.,
535,2026-10-01,0.0018662422184412678,LOW,STABLE,SAVINGS_REINFORCEMENT,4,,MONITOR,Recurring financial obligations contribute to monthly pressure.,
536,2026-10-01,0.6622393794749357,HIGH,LIQUIDITY_PRESSURE,LIQUIDITY_PROTECTION,1,,RULE_BASED_RECOMMENDATION,Cash buffer is below 50% of the reference level. | Expense pressure is elevated. | Recurring financial obligations contribute to monthly pressure.,
537,2026-10-01,0.0018972591126353796,LOW,STABLE,SAVINGS_REINFORCEMENT,4,,MONITOR,Recurring financial obligations contribute to monthly pressure.,
538,2026-10-01,0.001518609817561382,LOW,STABLE,SAVINGS_REINFORCEMENT,4,,MONITOR,Recurring financial obligations contribute to monthly pressure.,
539,2026-10-01,0.0022301100399288085,LOW,STABLE,SAVINGS_REINFORCEMENT,4,,MONITOR,Spending is growing faster than the configured threshold. | Recurring financial obligations contribute to monthly pressure.,
540,2026-10-01,0.0032712481961586367,LOW,STABLE,SAVINGS_REINFORCEMENT,4,,MONITOR,Expense pressure is elevated. | Recurring financial obligations contribute to monthly pressure.,
541,2026-10-01,0.002578133953295133,LOW,STABLE,SAVINGS_REINFORCEMENT,4,,MONITOR,Recurring financial obligations contribute to monthly pressure.,
542,2026-10-01,0.002126340303297432,LOW,STABLE,SAVINGS_REINFORCEMENT,4,,MONITOR,Expense pressure is elevated. | Spending is growing faster than the configured threshold. | Spending is above the user's historical baseline. | Recurring financial obligations contribute to monthly pressure.,
543,2026-10-01,0.0016077919518856804,LOW,STABLE,SAVINGS_REINFORCEMENT,4,,MONITOR,Spending is growing faster than the configured threshold. | Spending is above the user's historical baseline. | Recurring financial obligations contribute to monthly pressure.,
544,2026-10-01,0.0018993856185810921,LOW,STABLE,SAVINGS_REINFORCEMENT,4,,MONITOR,Spending is growing faster than the configured threshold. | Spending is above the user's historical baseline. | Recurring financial obligations contribute to monthly pressure.,
545,2026-10-01,0.0017467172792906649,LOW,STABLE,SAVINGS_REINFORCEMENT,4,,MONITOR,Spending is growing faster than the configured threshold. | Spending is above the user's historical baseline. | Recurring financial obligations contribute to monthly pressure.,
546,2026-10-01,0.001870410165445046,LOW,STABLE,SAVINGS_REINFORCEMENT,4,,MONITOR,Recurring financial obligations contribute to monthly pressure.,
547,2026-10-01,0.0021248009223358054,LOW,STABLE,SAVINGS_REINFORCEMENT,4,,MONITOR,Expense pressure is elevated. | Spending is growing faster than the configured threshold. | Spending is above the user's historical baseline. | Recurring financial obligations contribute to monthly pressure.,
548,2026-10-01,0.0021747458911515485,LOW,STABLE,SAVINGS_REINFORCEMENT,4,,MONITOR,Spending is growing faster than the configured threshold. | Spending is above the user's historical baseline. | Recurring financial obligations contribute to monthly pressure.,
549,2026-10-01,0.0025518355813677193,LOW,OBLIGATION_PRESSURE,SAVINGS_REINFORCEMENT,4,,MONITOR,Expense pressure is elevated. | Spending is growing faster than the configured threshold. | Spending is above the user's historical baseline. | Recurring financial obligations contribute to monthly pressure. | The recent balance trajectory is declining.,
550,2026-10-01,0.002049337413536354,LOW,STABLE,SAVINGS_REINFORCEMENT,4,,MONITOR,Recurring financial obligations contribute to monthly pressure.,
551,2026-10-01,0.0021563820382670008,LOW,STABLE,SAVINGS_REINFORCEMENT,4,,MONITOR,Spending is growing faster than the configured threshold. | Recurring financial obligations contribute to monthly pressure.,
552,2026-10-01,0.001963484974004387,LOW,STABLE,SAVINGS_REINFORCEMENT,4,,MONITOR,Spending is growing faster than the configured threshold. | Recurring financial obligations contribute to monthly pressure.,
553,2026-10-01,0.0018346628446606083,LOW,STABLE,SAVINGS_REINFORCEMENT,4,,MONITOR,Spending is growing faster than the configured threshold. | Spending is above the user's historical baseline. | Recurring financial obligations contribute to monthly pressure.,
554,2026-10-01,0.0019472537508238574,LOW,STABLE,SAVINGS_REINFORCEMENT,4,,MONITOR,Recurring financial obligations contribute to monthly pressure.,
555,2026-10-01,0.0019374707850870476,LOW,STABLE,SAVINGS_REINFORCEMENT,4,,MONITOR,Expense pressure is elevated. | Recurring financial obligations contribute to monthly pressure.,
556,2026-10-01,0.0016419051601094913,LOW,STABLE,SAVINGS_REINFORCEMENT,4,,MONITOR,Spending is growing faster than the configured threshold. | Recurring financial obligations contribute to monthly pressure.,
557,2026-10-01,0.0015173393100038285,LOW,STABLE,SAVINGS_REINFORCEMENT,4,,MONITOR,Recurring financial obligations contribute to monthly pressure.,
558,2026-10-01,0.002231078231602574,LOW,STABLE,SAVINGS_REINFORCEMENT,4,,MONITOR,Expense pressure is elevated. | Recurring financial obligations contribute to monthly pressure.,
559,2026-10-01,0.0020977808951468794,LOW,STABLE,SAVINGS_REINFORCEMENT,4,,MONITOR,Recurring financial obligations contribute to monthly pressure.,
560,2026-10-01,0.2646661676989227,LOW,LIQUIDITY_PRESSURE,SAVINGS_REINFORCEMENT,4,,MONITOR,Cash buffer is below 50% of the reference level. | Expense pressure is elevated. | Spending is growing faster than the configured threshold. | Recurring financial obligations contribute to monthly pressure.,
561,2026-10-01,0.0026178416098029443,LOW,STABLE,SAVINGS_REINFORCEMENT,4,,MONITOR,Expense pressure is elevated. | Spending is above the user's historical baseline. | Recurring financial obligations contribute to monthly pressure.,
562,2026-10-01,0.004776978690676811,LOW,STABLE,SAVINGS_REINFORCEMENT,4,,MONITOR,Spending is growing faster than the configured threshold. | Spending is above the user's historical baseline. | Recurring financial obligations contribute to monthly pressure.,
563,2026-10-01,0.001717672167441571,LOW,STABLE,SAVINGS_REINFORCEMENT,4,,MONITOR,Recurring financial obligations contribute to monthly pressure.,
564,2026-10-01,0.0015794802669711096,LOW,STABLE,SAVINGS_REINFORCEMENT,4,,MONITOR,Spending is above the user's historical baseline. | Recurring financial obligations contribute to monthly pressure.,
565,2026-10-01,0.0014224143629330184,LOW,STABLE,SAVINGS_REINFORCEMENT,4,,MONITOR,Recurring financial obligations contribute to monthly pressure.,
566,2026-10-01,0.002177633538131763,LOW,OBLIGATION_PRESSURE,SAVINGS_REINFORCEMENT,4,,MONITOR,Expense pressure is elevated. | Spending is growing faster than the configured threshold. | Spending is above the user's historical baseline. | Recurring financial obligations contribute to monthly pressure. | The recent balance trajectory is declining.,
567,2026-10-01,0.0023225495414532947,LOW,SPENDING_PRESSURE,SAVINGS_REINFORCEMENT,4,,MONITOR,Expense pressure is elevated. | Spending is growing faster than the configured threshold. | Spending is above the user's historical baseline. | Recurring financial obligations contribute to monthly pressure. | The recent balance trajectory is declining.,
568,2026-10-01,0.02667636275890355,LOW,LIQUIDITY_PRESSURE,SAVINGS_REINFORCEMENT,4,,MONITOR,Cash buffer is below 50% of the reference level. | Expense pressure is elevated. | Spending is growing faster than the configured threshold. | Spending is above the user's historical baseline. | Recurring financial obligations contribute to monthly pressure.,
569,2026-10-01,0.008987009491846233,LOW,STABLE,SAVINGS_REINFORCEMENT,4,,MONITOR,Expense pressure is elevated. | Spending is growing faster than the configured threshold. | Recurring financial obligations contribute to monthly pressure.,
570,2026-10-01,0.0017024305805402016,LOW,STABLE,SAVINGS_REINFORCEMENT,4,,MONITOR,Spending is growing faster than the configured threshold. | Recurring financial obligations contribute to monthly pressure.,
571,2026-10-01,0.04809070146995762,LOW,STABLE,SAVINGS_REINFORCEMENT,4,,MONITOR,Spending is above the user's historical baseline. | Recurring financial obligations contribute to monthly pressure.,
572,2026-10-01,0.01025207910766773,LOW,OBLIGATION_PRESSURE,SAVINGS_REINFORCEMENT,4,,MONITOR,Expense pressure is elevated. | Spending is growing faster than the configured threshold. | Spending is above the user's historical baseline. | Recurring financial obligations contribute to monthly pressure. | The recent balance trajectory is declining.,
573,2026-10-01,0.002519305744680039,LOW,STABLE,SAVINGS_REINFORCEMENT,4,,MONITOR,Recurring financial obligations contribute to monthly pressure.,
574,2026-10-01,0.0016814780706650837,LOW,STABLE,SAVINGS_REINFORCEMENT,4,,MONITOR,Spending is growing faster than the configured threshold. | Spending is above the user's historical baseline. | Recurring financial obligations contribute to monthly pressure.,
575,2026-10-01,0.0018523768627119318,LOW,STABLE,SAVINGS_REINFORCEMENT,4,,MONITOR,Spending is above the user's historical baseline. | Recurring financial obligations contribute to monthly pressure.,
576,2026-10-01,0.04226025394780072,LOW,LIQUIDITY_PRESSURE,SAVINGS_REINFORCEMENT,4,,MONITOR,Cash buffer is below 50% of the reference level. | Expense pressure is elevated. | Spending is above the user's historical baseline. | Recurring financial obligations contribute to monthly pressure.,
577,2026-10-01,0.002827917293442103,LOW,STABLE,SAVINGS_REINFORCEMENT,4,,MONITOR,Recurring financial obligations contribute to monthly pressure.,
578,2026-10-01,0.0018880555780339137,LOW,STABLE,SAVINGS_REINFORCEMENT,4,,MONITOR,Expense pressure is elevated. | Spending is above the user's historical baseline. | Recurring financial obligations contribute to monthly pressure.,
579,2026-10-01,0.002154077308335587,LOW,STABLE,SAVINGS_REINFORCEMENT,4,,MONITOR,Expense pressure is elevated. | Spending is growing faster than the configured threshold. | Spending is above the user's historical baseline. | Recurring financial obligations contribute to monthly pressure.,
580,2026-10-01,0.0034669944754360887,LOW,STABLE,SAVINGS_REINFORCEMENT,4,,MONITOR,Expense pressure is elevated. | Recurring financial obligations contribute to monthly pressure.,
581,2026-10-01,0.913042406828672,HIGH,LIQUIDITY_PRESSURE,LIQUIDITY_PROTECTION,1,,RULE_BASED_RECOMMENDATION,Cash buffer is below 50% of the reference level. | Expense pressure is elevated. | Spending is above the user's historical baseline. | Recurring financial obligations contribute to monthly pressure.,
582,2026-10-01,0.002366027830697483,LOW,STABLE,SAVINGS_REINFORCEMENT,4,,MONITOR,Recurring financial obligations contribute to monthly pressure.,
583,2026-10-01,0.002363568414387974,LOW,STABLE,SAVINGS_REINFORCEMENT,4,,MONITOR,Recurring financial obligations contribute to monthly pressure.,
584,2026-10-01,0.002093425159993699,LOW,STABLE,SAVINGS_REINFORCEMENT,4,,MONITOR,Recurring financial obligations contribute to monthly pressure.,
585,2026-10-01,0.0018512383650190847,LOW,STABLE,SAVINGS_REINFORCEMENT,4,,MONITOR,Recurring financial obligations contribute to monthly pressure.,
586,2026-10-01,0.0029340247427837992,LOW,STABLE,SAVINGS_REINFORCEMENT,4,,MONITOR,Recurring financial obligations contribute to monthly pressure.,
587,2026-10-01,0.0018514628481712755,LOW,STABLE,SAVINGS_REINFORCEMENT,4,,MONITOR,Spending is growing faster than the configured threshold. | Recurring financial obligations contribute to monthly pressure.,
588,2026-10-01,0.0014767746196495631,LOW,STABLE,SAVINGS_REINFORCEMENT,4,,MONITOR,Recurring financial obligations contribute to monthly pressure.,
589,2026-10-01,0.001765130626114281,LOW,STABLE,SAVINGS_REINFORCEMENT,4,,MONITOR,Spending is growing faster than the configured threshold. | Spending is above the user's historical baseline. | Recurring financial obligations contribute to monthly pressure.,
590,2026-10-01,0.001895794092658725,LOW,STABLE,SAVINGS_REINFORCEMENT,4,,MONITOR,Expense pressure is elevated. | Spending is growing faster than the configured threshold. | Spending is above the user's historical baseline. | Recurring financial obligations contribute to monthly pressure.,
591,2026-10-01,0.0018454814485716175,LOW,STABLE,SAVINGS_REINFORCEMENT,4,,MONITOR,Recurring financial obligations contribute to monthly pressure.,
592,2026-10-01,0.0016560853359338875,LOW,STABLE,SAVINGS_REINFORCEMENT,4,,MONITOR,Spending is growing faster than the configured threshold. | Spending is above the user's historical baseline. | Recurring financial obligations contribute to monthly pressure.,
593,2026-10-01,0.0015651631598996567,LOW,STABLE,SAVINGS_REINFORCEMENT,4,,MONITOR,Recurring financial obligations contribute to monthly pressure.,
594,2026-10-01,0.06189993960466145,LOW,LIQUIDITY_PRESSURE,SAVINGS_REINFORCEMENT,4,,MONITOR,Cash buffer is below 50% of the reference level. | Expense pressure is elevated. | Recurring financial obligations contribute to monthly pressure.,
595,2026-10-01,0.19761038521585145,LOW,LIQUIDITY_PRESSURE,SAVINGS_REINFORCEMENT,4,,MONITOR,Cash buffer is below 50% of the reference level. | Expense pressure is elevated. | Spending is growing faster than the configured threshold. | Spending is above the user's historical baseline. | Recurring financial obligations contribute to monthly pressure.,
596,2026-10-01,0.0025646660727150334,LOW,STABLE,SAVINGS_REINFORCEMENT,4,,MONITOR,Expense pressure is elevated. | Recurring financial obligations contribute to monthly pressure.,
597,2026-10-01,0.0016041100550894202,LOW,STABLE,SAVINGS_REINFORCEMENT,4,,MONITOR,Spending is growing faster than the configured threshold. | Spending is above the user's historical baseline. | Recurring financial obligations contribute to monthly pressure.,
598,2026-10-01,0.0021227514024818248,LOW,STABLE,SAVINGS_REINFORCEMENT,4,,MONITOR,Spending is growing faster than the configured threshold. | Spending is above the user's historical baseline. | Recurring financial obligations contribute to monthly pressure.,
599,2026-10-01,0.0016406591683153348,LOW,STABLE,SAVINGS_REINFORCEMENT,4,,MONITOR,Spending is growing faster than the configured threshold. | Spending is above the user's historical baseline. | Recurring financial obligations contribute to monthly pressure.,
600,2026-10-01,0.002283193190833042,LOW,OBLIGATION_PRESSURE,SAVINGS_REINFORCEMENT,4,,MONITOR,Expense pressure is elevated. | Spending is growing faster than the configured threshold. | Spending is above the user's historical baseline. | Recurring financial obligations contribute to monthly pressure. | The recent balance trajectory is declining.,
601,2026-10-01,0.0021419695589882104,LOW,STABLE,SAVINGS_REINFORCEMENT,4,,MONITOR,Spending is growing faster than the configured threshold. | Spending is above the user's historical baseline. | Recurring financial obligations contribute to monthly pressure.,
602,2026-10-01,0.0019428276492566266,LOW,STABLE,SAVINGS_REINFORCEMENT,4,,MONITOR,Spending is growing faster than the configured threshold. | Spending is above the user's historical baseline. | Recurring financial obligations contribute to monthly pressure.,
603,2026-10-01,0.0017173232347696143,LOW,STABLE,SAVINGS_REINFORCEMENT,4,,MONITOR,Recurring financial obligations contribute to monthly pressure.,
604,2026-10-01,0.0016022186530676203,LOW,STABLE,SAVINGS_REINFORCEMENT,4,,MONITOR,Spending is growing faster than the configured threshold. | Spending is above the user's historical baseline. | Recurring financial obligations contribute to monthly pressure.,
605,2026-10-01,0.03586835625196608,LOW,LIQUIDITY_PRESSURE,SAVINGS_REINFORCEMENT,4,,MONITOR,Cash buffer is below 50% of the reference level. | Expense pressure is elevated. | Spending is growing faster than the configured threshold. | Spending is above the user's historical baseline. | Recurring financial obligations contribute to monthly pressure.,
606,2026-10-01,0.0021167386768176,LOW,STABLE,SAVINGS_REINFORCEMENT,4,,MONITOR,Expense pressure is elevated. | Recurring financial obligations contribute to monthly pressure.,
607,2026-10-01,0.001638798593540097,LOW,STABLE,SAVINGS_REINFORCEMENT,4,,MONITOR,Recurring financial obligations contribute to monthly pressure.,
608,2026-10-01,0.0022528627819543455,LOW,STABLE,SAVINGS_REINFORCEMENT,4,,MONITOR,Recurring financial obligations contribute to monthly pressure.,
609,2026-10-01,0.0016252940397366283,LOW,STABLE,SAVINGS_REINFORCEMENT,4,,MONITOR,Recurring financial obligations contribute to monthly pressure.,
610,2026-10-01,0.0017732930149287785,LOW,STABLE,SAVINGS_REINFORCEMENT,4,,MONITOR,Expense pressure is elevated. | Spending is growing faster than the configured threshold. | Spending is above the user's historical baseline. | Recurring financial obligations contribute to monthly pressure.,
611,2026-10-01,0.030697383513724356,LOW,LIQUIDITY_PRESSURE,SAVINGS_REINFORCEMENT,4,,MONITOR,Cash buffer is below 50% of the reference level. | Expense pressure is elevated. | Spending is growing faster than the configured threshold. | Spending is above the user's historical baseline. | Recurring financial obligations contribute to monthly pressure.,
612,2026-10-01,0.022190117309726802,LOW,LIQUIDITY_PRESSURE,SAVINGS_REINFORCEMENT,4,,MONITOR,Cash buffer is below 50% of the reference level. | Expense pressure is elevated. | Recurring financial obligations contribute to monthly pressure.,
613,2026-10-01,0.002038084579494192,LOW,STABLE,SAVINGS_REINFORCEMENT,4,,MONITOR,Recurring financial obligations contribute to monthly pressure.,
614,2026-10-01,0.0016702380201501902,LOW,STABLE,SAVINGS_REINFORCEMENT,4,,MONITOR,Recurring financial obligations contribute to monthly pressure.,
615,2026-10-01,0.0031665093758590423,LOW,STABLE,SAVINGS_REINFORCEMENT,4,,MONITOR,Expense pressure is elevated. | Recurring financial obligations contribute to monthly pressure.,
616,2026-10-01,0.0023442333544763903,LOW,STABLE,SAVINGS_REINFORCEMENT,4,,MONITOR,Spending is growing faster than the configured threshold. | Spending is above the user's historical baseline. | Recurring financial obligations contribute to monthly pressure.,
617,2026-10-01,0.0016093056497791369,LOW,STABLE,SAVINGS_REINFORCEMENT,4,,MONITOR,Recurring financial obligations contribute to monthly pressure.,
618,2026-10-01,0.0023035441514845877,LOW,STABLE,SAVINGS_REINFORCEMENT,4,,MONITOR,Recurring financial obligations contribute to monthly pressure.,
619,2026-10-01,0.0016035808992465104,LOW,STABLE,SAVINGS_REINFORCEMENT,4,,MONITOR,Spending is growing faster than the configured threshold. | Spending is above the user's historical baseline. | Recurring financial obligations contribute to monthly pressure.,
620,2026-10-01,0.01416059049490904,LOW,STABLE,SAVINGS_REINFORCEMENT,4,,MONITOR,Expense pressure is elevated. | Recurring financial obligations contribute to monthly pressure.,
621,2026-10-01,0.00138324371312454,LOW,STABLE,SAVINGS_REINFORCEMENT,4,,MONITOR,Recurring financial obligations contribute to monthly pressure.,
622,2026-10-01,0.00271955336203171,LOW,STABLE,SAVINGS_REINFORCEMENT,4,,MONITOR,Spending is growing faster than the configured threshold. | Spending is above the user's historical baseline. | Recurring financial obligations contribute to monthly pressure.,
623,2026-10-01,0.0014783472603562544,LOW,STABLE,SAVINGS_REINFORCEMENT,4,,MONITOR,Recurring financial obligations contribute to monthly pressure.,
624,2026-10-01,0.0016539159413578434,LOW,STABLE,SAVINGS_REINFORCEMENT,4,,MONITOR,Recurring financial obligations contribute to monthly pressure.,
625,2026-10-01,0.0021825621177636815,LOW,STABLE,SAVINGS_REINFORCEMENT,4,,MONITOR,Spending is growing faster than the configured threshold. | Spending is above the user's historical baseline. | Recurring financial obligations contribute to monthly pressure.,
626,2026-10-01,0.002307846678602096,LOW,OBLIGATION_PRESSURE,SAVINGS_REINFORCEMENT,4,,MONITOR,Expense pressure is elevated. | Spending is growing faster than the configured threshold. | Spending is above the user's historical baseline. | Recurring financial obligations contribute to monthly pressure. | The recent balance trajectory is declining.,
627,2026-10-01,0.002694788719595683,LOW,STABLE,SAVINGS_REINFORCEMENT,4,,MONITOR,Expense pressure is elevated. | Recurring financial obligations contribute to monthly pressure.,
628,2026-10-01,0.13308972021238094,LOW,LIQUIDITY_PRESSURE,SAVINGS_REINFORCEMENT,4,,MONITOR,Cash buffer is below 50% of the reference level. | Expense pressure is elevated. | Recurring financial obligations contribute to monthly pressure.,
629,2026-10-01,0.0015523260182393902,LOW,STABLE,SAVINGS_REINFORCEMENT,4,,MONITOR,Spending is growing faster than the configured threshold. | Recurring financial obligations contribute to monthly pressure.,
630,2026-10-01,0.0019841329722197717,LOW,STABLE,SAVINGS_REINFORCEMENT,4,,MONITOR,Spending is growing faster than the configured threshold. | Spending is above the user's historical baseline. | Recurring financial obligations contribute to monthly pressure.,
631,2026-10-01,0.0021012463650491183,LOW,STABLE,SAVINGS_REINFORCEMENT,4,,MONITOR,Recurring financial obligations contribute to monthly pressure.,
632,2026-10-01,0.0015775330888299429,LOW,STABLE,SAVINGS_REINFORCEMENT,4,,MONITOR,Spending is growing faster than the configured threshold. | Recurring financial obligations contribute to monthly pressure.,
633,2026-10-01,0.0022743443118465323,LOW,STABLE,SAVINGS_REINFORCEMENT,4,,MONITOR,Recurring financial obligations contribute to monthly pressure.,
634,2026-10-01,0.0019150946042943416,LOW,STABLE,SAVINGS_REINFORCEMENT,4,,MONITOR,Recurring financial obligations contribute to monthly pressure.,
635,2026-10-01,0.0016720784210459924,LOW,STABLE,SAVINGS_REINFORCEMENT,4,,MONITOR,Spending is growing faster than the configured threshold. | Recurring financial obligations contribute to monthly pressure.,
636,2026-10-01,0.0022152093709466706,LOW,STABLE,SAVINGS_REINFORCEMENT,4,,MONITOR,Recurring financial obligations contribute to monthly pressure.,
637,2026-10-01,0.0015766103043543442,LOW,STABLE,SAVINGS_REINFORCEMENT,4,,MONITOR,Recurring financial obligations contribute to monthly pressure.,
638,2026-10-01,0.0019982439156890097,LOW,STABLE,SAVINGS_REINFORCEMENT,4,,MONITOR,Recurring financial obligations contribute to monthly pressure.,
639,2026-10-01,0.0017501246978160446,LOW,STABLE,SAVINGS_REINFORCEMENT,4,,MONITOR,Spending is growing faster than the configured threshold. | Spending is above the user's historical baseline. | Recurring financial obligations contribute to monthly pressure.,
640,2026-10-01,0.0016306937721365944,LOW,STABLE,SAVINGS_REINFORCEMENT,4,,MONITOR,Spending is growing faster than the configured threshold. | Spending is above the user's historical baseline. | Recurring financial obligations contribute to monthly pressure.,
641,2026-10-01,0.002143072540213683,LOW,STABLE,SAVINGS_REINFORCEMENT,4,,MONITOR,Recurring financial obligations contribute to monthly pressure.,
642,2026-10-01,0.0017007763300792024,LOW,STABLE,SAVINGS_REINFORCEMENT,4,,MONITOR,Recurring financial obligations contribute to monthly pressure.,
643,2026-10-01,0.0016219884584888484,LOW,STABLE,SAVINGS_REINFORCEMENT,4,,MONITOR,Recurring financial obligations contribute to monthly pressure.,
644,2026-10-01,0.0017712516425839563,LOW,STABLE,SAVINGS_REINFORCEMENT,4,,MONITOR,Spending is growing faster than the configured threshold. | Spending is above the user's historical baseline. | Recurring financial obligations contribute to monthly pressure.,
645,2026-10-01,0.0015852985341042551,LOW,STABLE,SAVINGS_REINFORCEMENT,4,,MONITOR,Spending is above the user's historical baseline. | Recurring financial obligations contribute to monthly pressure.,
646,2026-10-01,0.0018675228499276625,LOW,SPENDING_PRESSURE,SAVINGS_REINFORCEMENT,4,,MONITOR,Spending is growing faster than the configured threshold. | Spending is above the user's historical baseline. | Recurring financial obligations contribute to monthly pressure.,
647,2026-10-01,0.001735891634048493,LOW,STABLE,SAVINGS_REINFORCEMENT,4,,MONITOR,Recurring financial obligations contribute to monthly pressure.,
648,2026-10-01,0.0021493857288592566,LOW,STABLE,SAVINGS_REINFORCEMENT,4,,MONITOR,Recurring financial obligations contribute to monthly pressure.,
649,2026-10-01,0.001494113793578657,LOW,STABLE,SAVINGS_REINFORCEMENT,4,,MONITOR,Recurring financial obligations contribute to monthly pressure.,
650,2026-10-01,0.0032048023332080567,LOW,STABLE,SAVINGS_REINFORCEMENT,4,,MONITOR,Expense pressure is elevated. | Recurring financial obligations contribute to monthly pressure.,
651,2026-10-01,0.0018660456530857135,LOW,STABLE,SAVINGS_REINFORCEMENT,4,,MONITOR,Spending is growing faster than the configured threshold. | Spending is above the user's historical baseline. | Recurring financial obligations contribute to monthly pressure.,
652,2026-10-01,0.0025112075346194534,LOW,STABLE,SAVINGS_REINFORCEMENT,4,,MONITOR,Recurring financial obligations contribute to monthly pressure.,
653,2026-10-01,0.0015476619742092127,LOW,STABLE,SAVINGS_REINFORCEMENT,4,,MONITOR,Recurring financial obligations contribute to monthly pressure.,
654,2026-10-01,0.0015986266447626189,LOW,STABLE,SAVINGS_REINFORCEMENT,4,,MONITOR,Recurring financial obligations contribute to monthly pressure.,
655,2026-10-01,0.001859092465518817,LOW,STABLE,SAVINGS_REINFORCEMENT,4,,MONITOR,Expense pressure is elevated. | Spending is growing faster than the configured threshold. | Spending is above the user's historical baseline. | Recurring financial obligations contribute to monthly pressure.,
656,2026-10-01,0.001864188455536758,LOW,STABLE,SAVINGS_REINFORCEMENT,4,,MONITOR,Recurring financial obligations contribute to monthly pressure.,
657,2026-10-01,0.0016836575165902034,LOW,STABLE,SAVINGS_REINFORCEMENT,4,,MONITOR,Recurring financial obligations contribute to monthly pressure.,
658,2026-10-01,0.001850896141366226,LOW,STABLE,SAVINGS_REINFORCEMENT,4,,MONITOR,Expense pressure is elevated. | Spending is growing faster than the configured threshold. | Spending is above the user's historical baseline. | Recurring financial obligations contribute to monthly pressure.,
659,2026-10-01,0.0016266796602302964,LOW,STABLE,SAVINGS_REINFORCEMENT,4,,MONITOR,Spending is above the user's historical baseline. | Recurring financial obligations contribute to monthly pressure.,
660,2026-10-01,0.04407608454345126,LOW,LIQUIDITY_PRESSURE,SAVINGS_REINFORCEMENT,4,,MONITOR,Cash buffer is below 50% of the reference level. | Expense pressure is elevated. | Spending is growing faster than the configured threshold. | Spending is above the user's historical baseline. | Recurring financial obligations contribute to monthly pressure.,
661,2026-10-01,0.0018180669272724423,LOW,STABLE,SAVINGS_REINFORCEMENT,4,,MONITOR,Recurring financial obligations contribute to monthly pressure.,
662,2026-10-01,0.009760486229460902,LOW,STABLE,SAVINGS_REINFORCEMENT,4,,MONITOR,Recurring financial obligations contribute to monthly pressure.,
663,2026-10-01,0.0019258046778899318,LOW,STABLE,SAVINGS_REINFORCEMENT,4,,MONITOR,Recurring financial obligations contribute to monthly pressure.,
664,2026-10-01,0.0025199794135427446,LOW,STABLE,SAVINGS_REINFORCEMENT,4,,MONITOR,Recurring financial obligations contribute to monthly pressure.,
665,2026-10-01,0.0025791753713428674,LOW,STABLE,SAVINGS_REINFORCEMENT,4,,MONITOR,Spending is growing faster than the configured threshold. | Spending is above the user's historical baseline. | Recurring financial obligations contribute to monthly pressure.,
666,2026-10-01,0.0017780137114552605,LOW,STABLE,SAVINGS_REINFORCEMENT,4,,MONITOR,Spending is growing faster than the configured threshold. | Spending is above the user's historical baseline. | Recurring financial obligations contribute to monthly pressure.,
667,2026-10-01,0.002257505498818199,LOW,OBLIGATION_PRESSURE,SAVINGS_REINFORCEMENT,4,,MONITOR,Expense pressure is elevated. | Spending is growing faster than the configured threshold. | Spending is above the user's historical baseline. | Recurring financial obligations contribute to monthly pressure. | The recent balance trajectory is declining.,
668,2026-10-01,0.0024422109032901486,LOW,OBLIGATION_PRESSURE,SAVINGS_REINFORCEMENT,4,,MONITOR,Expense pressure is elevated. | Spending is above the user's historical baseline. | Recurring financial obligations contribute to monthly pressure. | The recent balance trajectory is declining.,
669,2026-10-01,0.001678681920441427,LOW,STABLE,SAVINGS_REINFORCEMENT,4,,MONITOR,Recurring financial obligations contribute to monthly pressure.,
670,2026-10-01,0.001504140970338568,LOW,STABLE,SAVINGS_REINFORCEMENT,4,,MONITOR,Recurring financial obligations contribute to monthly pressure.,
671,2026-10-01,0.0018100075666169057,LOW,STABLE,SAVINGS_REINFORCEMENT,4,,MONITOR,Spending is above the user's historical baseline. | Recurring financial obligations contribute to monthly pressure.,
672,2026-10-01,0.0015329672602562385,LOW,STABLE,SAVINGS_REINFORCEMENT,4,,MONITOR,Spending is above the user's historical baseline. | Recurring financial obligations contribute to monthly pressure.,
673,2026-10-01,0.0017557520089661962,LOW,STABLE,SAVINGS_REINFORCEMENT,4,,MONITOR,Recurring financial obligations contribute to monthly pressure.,
674,2026-10-01,0.003059041620892146,LOW,STABLE,SAVINGS_REINFORCEMENT,4,,MONITOR,Recurring financial obligations contribute to monthly pressure.,
675,2026-10-01,0.002223419667254198,LOW,STABLE,SAVINGS_REINFORCEMENT,4,,MONITOR,Spending is growing faster than the configured threshold. | Spending is above the user's historical baseline. | Recurring financial obligations contribute to monthly pressure.,
676,2026-10-01,0.002767141671065285,LOW,STABLE,SAVINGS_REINFORCEMENT,4,,MONITOR,Expense pressure is elevated. | Spending is above the user's historical baseline. | Recurring financial obligations contribute to monthly pressure.,
677,2026-10-01,0.0024578376534719745,LOW,STABLE,SAVINGS_REINFORCEMENT,4,,MONITOR,Expense pressure is elevated. | Spending is growing faster than the configured threshold. | Spending is above the user's historical baseline. | Recurring financial obligations contribute to monthly pressure.,
678,2026-10-01,0.0017377205123907044,LOW,STABLE,SAVINGS_REINFORCEMENT,4,,MONITOR,Spending is growing faster than the configured threshold. | Recurring financial obligations contribute to monthly pressure.,
679,2026-10-01,0.001622691254989406,LOW,STABLE,SAVINGS_REINFORCEMENT,4,,MONITOR,Recurring financial obligations contribute to monthly pressure.,
680,2026-10-01,0.0022331817724915845,LOW,STABLE,SAVINGS_REINFORCEMENT,4,,MONITOR,Spending is growing faster than the configured threshold. | Spending is above the user's historical baseline. | Recurring financial obligations contribute to monthly pressure.,
681,2026-10-01,0.002592551194026557,LOW,STABLE,SAVINGS_REINFORCEMENT,4,,MONITOR,Expense pressure is elevated. | Recurring financial obligations contribute to monthly pressure.,
682,2026-10-01,0.0019395900686955028,LOW,STABLE,SAVINGS_REINFORCEMENT,4,,MONITOR,Recurring financial obligations contribute to monthly pressure.,
683,2026-10-01,0.002563535588980863,LOW,STABLE,SAVINGS_REINFORCEMENT,4,,MONITOR,Recurring financial obligations contribute to monthly pressure.,
684,2026-10-01,0.0023474923933825774,LOW,STABLE,SAVINGS_REINFORCEMENT,4,,MONITOR,Expense pressure is elevated. | Recurring financial obligations contribute to monthly pressure.,
685,2026-10-01,0.001663847298320234,LOW,STABLE,SAVINGS_REINFORCEMENT,4,,MONITOR,Recurring financial obligations contribute to monthly pressure.,
686,2026-10-01,0.001672632973368322,LOW,STABLE,SAVINGS_REINFORCEMENT,4,,MONITOR,Spending is growing faster than the configured threshold. | Spending is above the user's historical baseline. | Recurring financial obligations contribute to monthly pressure.,
687,2026-10-01,0.36698900744731067,MODERATE,LIQUIDITY_PRESSURE,LIQUIDITY_PROTECTION,1,,RULE_BASED_RECOMMENDATION,Cash buffer is below 50% of the reference level. | Expense pressure is elevated. | Recurring financial obligations contribute to monthly pressure.,
688,2026-10-01,0.0019411583053229645,LOW,STABLE,SAVINGS_REINFORCEMENT,4,,MONITOR,Recurring financial obligations contribute to monthly pressure.,
689,2026-10-01,0.0016880351625144737,LOW,STABLE,SAVINGS_REINFORCEMENT,4,,MONITOR,Recurring financial obligations contribute to monthly pressure.,
690,2026-10-01,0.002102575141275554,LOW,STABLE,SAVINGS_REINFORCEMENT,4,,MONITOR,Recurring financial obligations contribute to monthly pressure.,
691,2026-10-01,0.0030698594607158677,LOW,STABLE,SAVINGS_REINFORCEMENT,4,,MONITOR,Expense pressure is elevated. | Recurring financial obligations contribute to monthly pressure.,
692,2026-10-01,0.01830572676889356,LOW,OBLIGATION_PRESSURE,SAVINGS_REINFORCEMENT,4,,MONITOR,Expense pressure is elevated. | Spending is growing faster than the configured threshold. | Recurring financial obligations contribute to monthly pressure. | The recent balance trajectory is declining.,
693,2026-10-01,0.0018988637857494846,LOW,STABLE,SAVINGS_REINFORCEMENT,4,,MONITOR,Recurring financial obligations contribute to monthly pressure.,
694,2026-10-01,0.0020060740675609382,LOW,STABLE,SAVINGS_REINFORCEMENT,4,,MONITOR,Expense pressure is elevated. | Recurring financial obligations contribute to monthly pressure.,
695,2026-10-01,0.002023705275577248,LOW,STABLE,SAVINGS_REINFORCEMENT,4,,MONITOR,Expense pressure is elevated. | Spending is growing faster than the configured threshold. | Spending is above the user's historical baseline. | Recurring financial obligations contribute to monthly pressure.,
696,2026-10-01,0.5928761980319972,MODERATE,LIQUIDITY_PRESSURE,LIQUIDITY_PROTECTION,1,,RULE_BASED_RECOMMENDATION,Cash buffer is below 50% of the reference level. | Expense pressure is elevated. | Spending is above the user's historical baseline. | Recurring financial obligations contribute to monthly pressure. | The recent balance trajectory is declining.,
697,2026-10-01,0.002253815298667682,LOW,STABLE,SAVINGS_REINFORCEMENT,4,,MONITOR,Recurring financial obligations contribute to monthly pressure.,
698,2026-10-01,0.0035096880022599934,LOW,STABLE,SAVINGS_REINFORCEMENT,4,,MONITOR,Spending is above the user's historical baseline. | Recurring financial obligations contribute to monthly pressure.,
699,2026-10-01,0.0018013203895500297,LOW,STABLE,SAVINGS_REINFORCEMENT,4,,MONITOR,Recurring financial obligations contribute to monthly pressure.,
700,2026-10-01,0.0015419779353387096,LOW,STABLE,SAVINGS_REINFORCEMENT,4,,MONITOR,Spending is above the user's historical baseline. | Recurring financial obligations contribute to monthly pressure.,
701,2026-10-01,0.0017632054558281453,LOW,STABLE,SAVINGS_REINFORCEMENT,4,,MONITOR,Recurring financial obligations contribute to monthly pressure.,
702,2026-10-01,0.0030710493559471283,LOW,STABLE,SAVINGS_REINFORCEMENT,4,,MONITOR,Expense pressure is elevated. | Recurring financial obligations contribute to monthly pressure.,
703,2026-10-01,0.0027467365966426143,LOW,STABLE,SAVINGS_REINFORCEMENT,4,,MONITOR,Recurring financial obligations contribute to monthly pressure.,
704,2026-10-01,0.0016131141678403294,LOW,STABLE,SAVINGS_REINFORCEMENT,4,,MONITOR,Spending is growing faster than the configured threshold. | Spending is above the user's historical baseline. | Recurring financial obligations contribute to monthly pressure.,
705,2026-10-01,0.001736673956664234,LOW,STABLE,SAVINGS_REINFORCEMENT,4,,MONITOR,Spending is above the user's historical baseline. | Recurring financial obligations contribute to monthly pressure.,
706,2026-10-01,0.0015781953464979403,LOW,STABLE,SAVINGS_REINFORCEMENT,4,,MONITOR,Spending is above the user's historical baseline. | Recurring financial obligations contribute to monthly pressure.,
707,2026-10-01,0.0015051184483710182,LOW,STABLE,SAVINGS_REINFORCEMENT,4,,MONITOR,Recurring financial obligations contribute to monthly pressure.,
708,2026-10-01,0.0017340275472041838,LOW,STABLE,SAVINGS_REINFORCEMENT,4,,MONITOR,Recurring financial obligations contribute to monthly pressure.,
709,2026-10-01,0.0017595627868917992,LOW,STABLE,SAVINGS_REINFORCEMENT,4,,MONITOR,Recurring financial obligations contribute to monthly pressure.,
710,2026-10-01,0.0022394244501692155,LOW,STABLE,SAVINGS_REINFORCEMENT,4,,MONITOR,Expense pressure is elevated. | Spending is growing faster than the configured threshold. | Recurring financial obligations contribute to monthly pressure.,
711,2026-10-01,0.002324088788868324,LOW,STABLE,SAVINGS_REINFORCEMENT,4,,MONITOR,Expense pressure is elevated. | Spending is growing faster than the configured threshold. | Spending is above the user's historical baseline. | Recurring financial obligations contribute to monthly pressure.,
712,2026-10-01,0.001654019621790681,LOW,STABLE,SAVINGS_REINFORCEMENT,4,,MONITOR,Spending is growing faster than the configured threshold. | Recurring financial obligations contribute to monthly pressure.,
713,2026-10-01,0.0022463459481038063,LOW,STABLE,SAVINGS_REINFORCEMENT,4,,MONITOR,Recurring financial obligations contribute to monthly pressure.,
714,2026-10-01,0.0015278072420535152,LOW,STABLE,SAVINGS_REINFORCEMENT,4,,MONITOR,Spending is growing faster than the configured threshold. | Spending is above the user's historical baseline. | Recurring financial obligations contribute to monthly pressure.,
715,2026-10-01,0.0018523927897996773,LOW,STABLE,SAVINGS_REINFORCEMENT,4,,MONITOR,Spending is above the user's historical baseline. | Recurring financial obligations contribute to monthly pressure.,
716,2026-10-01,0.0020405234574877576,LOW,STABLE,SAVINGS_REINFORCEMENT,4,,MONITOR,Expense pressure is elevated. | Spending is above the user's historical baseline. | Recurring financial obligations contribute to monthly pressure.,
717,2026-10-01,0.002872127445039125,LOW,STABLE,SAVINGS_REINFORCEMENT,4,,MONITOR,Recurring financial obligations contribute to monthly pressure.,
718,2026-10-01,0.0030870918119123405,LOW,STABLE,SAVINGS_REINFORCEMENT,4,,MONITOR,Recurring financial obligations contribute to monthly pressure.,
719,2026-10-01,0.0026329326123043294,LOW,STABLE,SAVINGS_REINFORCEMENT,4,,MONITOR,Recurring financial obligations contribute to monthly pressure.,
720,2026-10-01,0.0017150202000415337,LOW,STABLE,SAVINGS_REINFORCEMENT,4,,MONITOR,Spending is growing faster than the configured threshold. | Spending is above the user's historical baseline. | Recurring financial obligations contribute to monthly pressure.,
721,2026-10-01,0.0018213229003727783,LOW,STABLE,SAVINGS_REINFORCEMENT,4,,MONITOR,Recurring financial obligations contribute to monthly pressure.,
722,2026-10-01,0.0029251226051071693,LOW,STABLE,SAVINGS_REINFORCEMENT,4,,MONITOR,Spending is above the user's historical baseline. | Recurring financial obligations contribute to monthly pressure.,
723,2026-10-01,0.0035589673414486572,LOW,STABLE,SAVINGS_REINFORCEMENT,4,,MONITOR,Expense pressure is elevated. | Recurring financial obligations contribute to monthly pressure.,
724,2026-10-01,0.0046259705720715265,LOW,STABLE,SAVINGS_REINFORCEMENT,4,,MONITOR,Expense pressure is elevated. | Recurring financial obligations contribute to monthly pressure.,
725,2026-10-01,0.002015507682196678,LOW,STABLE,SAVINGS_REINFORCEMENT,4,,MONITOR,Recurring financial obligations contribute to monthly pressure.,
726,2026-10-01,0.0033326864720208556,LOW,STABLE,SAVINGS_REINFORCEMENT,4,,MONITOR,Expense pressure is elevated. | Recurring financial obligations contribute to monthly pressure.,
727,2026-10-01,0.042141263048033006,LOW,STABLE,SAVINGS_REINFORCEMENT,4,,MONITOR,Expense pressure is elevated. | Spending is above the user's historical baseline. | Recurring financial obligations contribute to monthly pressure.,
728,2026-10-01,0.002594069729265587,LOW,STABLE,SAVINGS_REINFORCEMENT,4,,MONITOR,Spending is above the user's historical baseline. | Recurring financial obligations contribute to monthly pressure.,
729,2026-10-01,0.009734218741153797,LOW,STABLE,SAVINGS_REINFORCEMENT,4,,MONITOR,Expense pressure is elevated. | Recurring financial obligations contribute to monthly pressure.,
730,2026-10-01,0.0017513324830550636,LOW,STABLE,SAVINGS_REINFORCEMENT,4,,MONITOR,Spending is growing faster than the configured threshold. | Spending is above the user's historical baseline. | Recurring financial obligations contribute to monthly pressure.,
731,2026-10-01,0.0028211219355667814,LOW,STABLE,SAVINGS_REINFORCEMENT,4,,MONITOR,Recurring financial obligations contribute to monthly pressure.,
732,2026-10-01,0.0015494959099823687,LOW,STABLE,SAVINGS_REINFORCEMENT,4,,MONITOR,Recurring financial obligations contribute to monthly pressure.,
733,2026-10-01,0.002858867762927022,LOW,STABLE,SAVINGS_REINFORCEMENT,4,,MONITOR,Expense pressure is elevated. | Recurring financial obligations contribute to monthly pressure.,
734,2026-10-01,0.0023869661567952655,LOW,STABLE,SAVINGS_REINFORCEMENT,4,,MONITOR,Spending is growing faster than the configured threshold. | Spending is above the user's historical baseline. | Recurring financial obligations contribute to monthly pressure.,
735,2026-10-01,0.0020807622156774125,LOW,STABLE,SAVINGS_REINFORCEMENT,4,,MONITOR,Recurring financial obligations contribute to monthly pressure.,
736,2026-10-01,0.0018054471337605668,LOW,STABLE,SAVINGS_REINFORCEMENT,4,,MONITOR,Expense pressure is elevated. | Spending is growing faster than the configured threshold. | Spending is above the user's historical baseline. | Recurring financial obligations contribute to monthly pressure.,
737,2026-10-01,0.0018404861116767632,LOW,STABLE,SAVINGS_REINFORCEMENT,4,,MONITOR,Spending is growing faster than the configured threshold. | Recurring financial obligations contribute to monthly pressure.,
738,2026-10-01,0.0243787204955279,LOW,STABLE,SAVINGS_REINFORCEMENT,4,,MONITOR,Expense pressure is elevated. | Recurring financial obligations contribute to monthly pressure.,
739,2026-10-01,0.0034709457942808395,LOW,STABLE,SAVINGS_REINFORCEMENT,4,,MONITOR,Expense pressure is elevated. | Spending is growing faster than the configured threshold. | Spending is above the user's historical baseline. | Recurring financial obligations contribute to monthly pressure.,
740,2026-10-01,0.009926802076755396,LOW,STABLE,SAVINGS_REINFORCEMENT,4,,MONITOR,Recurring financial obligations contribute to monthly pressure.,
741,2026-10-01,0.0016651574537837547,LOW,STABLE,SAVINGS_REINFORCEMENT,4,,MONITOR,Spending is growing faster than the configured threshold. | Spending is above the user's historical baseline. | Recurring financial obligations contribute to monthly pressure.,
742,2026-10-01,0.0019056132314793299,LOW,STABLE,SAVINGS_REINFORCEMENT,4,,MONITOR,Spending is growing faster than the configured threshold. | Spending is above the user's historical baseline. | Recurring financial obligations contribute to monthly pressure.,
743,2026-10-01,0.0016160815520253687,LOW,STABLE,SAVINGS_REINFORCEMENT,4,,MONITOR,Spending is growing faster than the configured threshold. | Spending is above the user's historical baseline. | Recurring financial obligations contribute to monthly pressure.,
744,2026-10-01,0.0023858437882377493,LOW,STABLE,SAVINGS_REINFORCEMENT,4,,MONITOR,Recurring financial obligations contribute to monthly pressure.,
745,2026-10-01,0.0017432090368532127,LOW,STABLE,SAVINGS_REINFORCEMENT,4,,MONITOR,Recurring financial obligations contribute to monthly pressure.,
746,2026-10-01,0.006349827231697887,LOW,STABLE,SAVINGS_REINFORCEMENT,4,,MONITOR,Expense pressure is elevated. | Spending is above the user's historical baseline. | Recurring financial obligations contribute to monthly pressure.,
747,2026-10-01,0.578017248577179,MODERATE,LIQUIDITY_PRESSURE,LIQUIDITY_PROTECTION,1,,RULE_BASED_RECOMMENDATION,Cash buffer is below 50% of the reference level. | Expense pressure is elevated. | Spending is growing faster than the configured threshold. | Recurring financial obligations contribute to monthly pressure.,
748,2026-10-01,0.0015690328067985732,LOW,STABLE,SAVINGS_REINFORCEMENT,4,,MONITOR,Recurring financial obligations contribute to monthly pressure.,
749,2026-10-01,0.0016343556513449126,LOW,STABLE,SAVINGS_REINFORCEMENT,4,,MONITOR,Spending is above the user's historical baseline. | Recurring financial obligations contribute to monthly pressure.,
750,2026-10-01,0.06563859674686634,LOW,STABLE,SAVINGS_REINFORCEMENT,4,,MONITOR,Expense pressure is elevated. | Spending is growing faster than the configured threshold. | Recurring financial obligations contribute to monthly pressure.,
751,2026-10-01,0.0015984010341622223,LOW,STABLE,SAVINGS_REINFORCEMENT,4,,MONITOR,Recurring financial obligations contribute to monthly pressure.,
752,2026-10-01,0.0016813776503135365,LOW,STABLE,SAVINGS_REINFORCEMENT,4,,MONITOR,Recurring financial obligations contribute to monthly pressure.,
753,2026-10-01,0.0019568742780872277,LOW,STABLE,SAVINGS_REINFORCEMENT,4,,MONITOR,Recurring financial obligations contribute to monthly pressure.,
754,2026-10-01,0.007530621317094599,LOW,STABLE,SAVINGS_REINFORCEMENT,4,,MONITOR,Expense pressure is elevated. | Recurring financial obligations contribute to monthly pressure.,
755,2026-10-01,0.0015642206912743427,LOW,STABLE,SAVINGS_REINFORCEMENT,4,,MONITOR,Spending is above the user's historical baseline. | Recurring financial obligations contribute to monthly pressure.,
756,2026-10-01,0.0017440548530784222,LOW,STABLE,SAVINGS_REINFORCEMENT,4,,MONITOR,Spending is growing faster than the configured threshold. | Spending is above the user's historical baseline. | Recurring financial obligations contribute to monthly pressure.,
757,2026-10-01,0.1525157759843351,LOW,LIQUIDITY_PRESSURE,SAVINGS_REINFORCEMENT,4,,MONITOR,Cash buffer is below 50% of the reference level. | Expense pressure is elevated. | Recurring financial obligations contribute to monthly pressure.,
758,2026-10-01,0.002034854554767721,LOW,STABLE,SAVINGS_REINFORCEMENT,4,,MONITOR,Expense pressure is elevated. | Spending is above the user's historical baseline. | Recurring financial obligations contribute to monthly pressure.,
759,2026-10-01,0.0020110189138946,LOW,STABLE,SAVINGS_REINFORCEMENT,4,,MONITOR,Spending is growing faster than the configured threshold. | Recurring financial obligations contribute to monthly pressure.,
760,2026-10-01,0.0018569924639896505,LOW,STABLE,SAVINGS_REINFORCEMENT,4,,MONITOR,Recurring financial obligations contribute to monthly pressure.,
761,2026-10-01,0.0020168146428548835,LOW,OBLIGATION_PRESSURE,SAVINGS_REINFORCEMENT,4,,MONITOR,Expense pressure is elevated. | Spending is growing faster than the configured threshold. | Spending is above the user's historical baseline. | Recurring financial obligations contribute to monthly pressure. | The recent balance trajectory is declining.,
762,2026-10-01,0.0019403170912664584,LOW,STABLE,SAVINGS_REINFORCEMENT,4,,MONITOR,Recurring financial obligations contribute to monthly pressure.,
763,2026-10-01,0.0017972653329933331,LOW,STABLE,SAVINGS_REINFORCEMENT,4,,MONITOR,Recurring financial obligations contribute to monthly pressure.,
764,2026-10-01,0.0030191161706457047,LOW,STABLE,SAVINGS_REINFORCEMENT,4,,MONITOR,Expense pressure is elevated. | Spending is growing faster than the configured threshold. | Spending is above the user's historical baseline. | Recurring financial obligations contribute to monthly pressure.,
765,2026-10-01,0.0022515458332934475,LOW,STABLE,SAVINGS_REINFORCEMENT,4,,MONITOR,Recurring financial obligations contribute to monthly pressure.,
766,2026-10-01,0.003006448388034702,LOW,STABLE,SAVINGS_REINFORCEMENT,4,,MONITOR,Expense pressure is elevated. | Recurring financial obligations contribute to monthly pressure.,
767,2026-10-01,0.0014195843496979557,LOW,STABLE,SAVINGS_REINFORCEMENT,4,,MONITOR,Recurring financial obligations contribute to monthly pressure.,
768,2026-10-01,0.002369048882893982,LOW,STABLE,SAVINGS_REINFORCEMENT,4,,MONITOR,Expense pressure is elevated. | Spending is above the user's historical baseline. | Recurring financial obligations contribute to monthly pressure.,
769,2026-10-01,0.001658588158429463,LOW,STABLE,SAVINGS_REINFORCEMENT,4,,MONITOR,Spending is growing faster than the configured threshold. | Spending is above the user's historical baseline. | Recurring financial obligations contribute to monthly pressure.,
770,2026-10-01,0.007339128969172654,LOW,STABLE,SAVINGS_REINFORCEMENT,4,,MONITOR,Spending is growing faster than the configured threshold. | Recurring financial obligations contribute to monthly pressure.,
771,2026-10-01,0.001778391612906474,LOW,STABLE,SAVINGS_REINFORCEMENT,4,,MONITOR,Recurring financial obligations contribute to monthly pressure.,
772,2026-10-01,0.0015850267075803587,LOW,STABLE,SAVINGS_REINFORCEMENT,4,,MONITOR,Recurring financial obligations contribute to monthly pressure.,
773,2026-10-01,0.0014700577189948878,LOW,STABLE,SAVINGS_REINFORCEMENT,4,,MONITOR,Recurring financial obligations contribute to monthly pressure.,
774,2026-10-01,0.002407729423649878,LOW,STABLE,SAVINGS_REINFORCEMENT,4,,MONITOR,Spending is above the user's historical baseline. | Recurring financial obligations contribute to monthly pressure.,
775,2026-10-01,0.001870185286684499,LOW,STABLE,SAVINGS_REINFORCEMENT,4,,MONITOR,Recurring financial obligations contribute to monthly pressure.,
776,2026-10-01,0.0016995045613435965,LOW,STABLE,SAVINGS_REINFORCEMENT,4,,MONITOR,Spending is above the user's historical baseline. | Recurring financial obligations contribute to monthly pressure.,
777,2026-10-01,0.0016981929420342272,LOW,STABLE,SAVINGS_REINFORCEMENT,4,,MONITOR,Expense pressure is elevated. | Spending is growing faster than the configured threshold. | Spending is above the user's historical baseline. | Recurring financial obligations contribute to monthly pressure.,
778,2026-10-01,0.0021823848413893613,LOW,STABLE,SAVINGS_REINFORCEMENT,4,,MONITOR,Spending is growing faster than the configured threshold. | Spending is above the user's historical baseline. | Recurring financial obligations contribute to monthly pressure.,
779,2026-10-01,0.0030846123844713905,LOW,STABLE,SAVINGS_REINFORCEMENT,4,,MONITOR,Recurring financial obligations contribute to monthly pressure.,
780,2026-10-01,0.0018446447563674443,LOW,STABLE,SAVINGS_REINFORCEMENT,4,,MONITOR,Recurring financial obligations contribute to monthly pressure.,
781,2026-10-01,0.0016728931941480687,LOW,STABLE,SAVINGS_REINFORCEMENT,4,,MONITOR,Recurring financial obligations contribute to monthly pressure.,
782,2026-10-01,0.0016473159185328421,LOW,STABLE,SAVINGS_REINFORCEMENT,4,,MONITOR,Recurring financial obligations contribute to monthly pressure.,
783,2026-10-01,0.002855803936307285,LOW,STABLE,SAVINGS_REINFORCEMENT,4,,MONITOR,Spending is growing faster than the configured threshold. | Recurring financial obligations contribute to monthly pressure.,
784,2026-10-01,0.0021317562472172634,LOW,STABLE,SAVINGS_REINFORCEMENT,4,,MONITOR,Recurring financial obligations contribute to monthly pressure.,
785,2026-10-01,0.0016622011645070721,LOW,STABLE,SAVINGS_REINFORCEMENT,4,,MONITOR,Spending is growing faster than the configured threshold. | Spending is above the user's historical baseline. | Recurring financial obligations contribute to monthly pressure.,
786,2026-10-01,0.002406544388815439,LOW,STABLE,SAVINGS_REINFORCEMENT,4,,MONITOR,Expense pressure is elevated. | Spending is growing faster than the configured threshold. | Spending is above the user's historical baseline. | Recurring financial obligations contribute to monthly pressure.,
787,2026-10-01,0.0016397521735811986,LOW,STABLE,SAVINGS_REINFORCEMENT,4,,MONITOR,Expense pressure is elevated. | Spending is growing faster than the configured threshold. | Spending is above the user's historical baseline. | Recurring financial obligations contribute to monthly pressure.,
788,2026-10-01,0.0021702881120175413,LOW,STABLE,SAVINGS_REINFORCEMENT,4,,MONITOR,Expense pressure is elevated. | Spending is growing faster than the configured threshold. | Spending is above the user's historical baseline. | Recurring financial obligations contribute to monthly pressure.,
789,2026-10-01,0.0019714268227881008,LOW,OBLIGATION_PRESSURE,SAVINGS_REINFORCEMENT,4,,MONITOR,Expense pressure is elevated. | Spending is growing faster than the configured threshold. | Spending is above the user's historical baseline. | Recurring financial obligations contribute to monthly pressure. | The recent balance trajectory is declining.,
790,2026-10-01,0.0016482694725017577,LOW,STABLE,SAVINGS_REINFORCEMENT,4,,MONITOR,Recurring financial obligations contribute to monthly pressure.,
791,2026-10-01,0.001562011176370269,LOW,STABLE,SAVINGS_REINFORCEMENT,4,,MONITOR,Recurring financial obligations contribute to monthly pressure.,
792,2026-10-01,0.0018461793596134448,LOW,STABLE,SAVINGS_REINFORCEMENT,4,,MONITOR,Spending is above the user's historical baseline. | Recurring financial obligations contribute to monthly pressure.,
793,2026-10-01,0.0015427782653929477,LOW,STABLE,SAVINGS_REINFORCEMENT,4,,MONITOR,Recurring financial obligations contribute to monthly pressure.,
794,2026-10-01,0.001708424062817614,LOW,STABLE,SAVINGS_REINFORCEMENT,4,,MONITOR,Expense pressure is elevated. | Spending is growing faster than the configured threshold. | Spending is above the user's historical baseline. | Recurring financial obligations contribute to monthly pressure.,
795,2026-10-01,0.0020403324454158684,LOW,STABLE,SAVINGS_REINFORCEMENT,4,,MONITOR,Expense pressure is elevated. | Spending is above the user's historical baseline. | Recurring financial obligations contribute to monthly pressure.,
796,2026-10-01,0.010057113272971098,LOW,STABLE,SAVINGS_REINFORCEMENT,4,,MONITOR,Expense pressure is elevated. | Spending is growing faster than the configured threshold. | Recurring financial obligations contribute to monthly pressure.,
797,2026-10-01,0.002336465935883895,LOW,STABLE,SAVINGS_REINFORCEMENT,4,,MONITOR,Recurring financial obligations contribute to monthly pressure.,
798,2026-10-01,0.001665152364924156,LOW,STABLE,SAVINGS_REINFORCEMENT,4,,MONITOR,Spending is above the user's historical baseline. | Recurring financial obligations contribute to monthly pressure.,
799,2026-10-01,0.0017988336183837057,LOW,STABLE,SAVINGS_REINFORCEMENT,4,,MONITOR,Recurring financial obligations contribute to monthly pressure.,
800,2026-10-01,0.0021214064412882123,LOW,STABLE,SAVINGS_REINFORCEMENT,4,,MONITOR,Spending is growing faster than the configured threshold. | Recurring financial obligations contribute to monthly pressure.,
801,2026-10-01,0.0027604678883616056,LOW,STABLE,SAVINGS_REINFORCEMENT,4,,MONITOR,Expense pressure is elevated. | Recurring financial obligations contribute to monthly pressure.,
802,2026-10-01,0.003516927205041724,LOW,STABLE,SAVINGS_REINFORCEMENT,4,,MONITOR,Expense pressure is elevated. | Recurring financial obligations contribute to monthly pressure.,
803,2026-10-01,0.0016690716106119636,LOW,STABLE,SAVINGS_REINFORCEMENT,4,,MONITOR,Expense pressure is elevated. | Spending is growing faster than the configured threshold. | Spending is above the user's historical baseline. | Recurring financial obligations contribute to monthly pressure.,
804,2026-10-01,0.0020096758494238314,LOW,STABLE,SAVINGS_REINFORCEMENT,4,,MONITOR,Recurring financial obligations contribute to monthly pressure.,
805,2026-10-01,0.01151499748605651,LOW,STABLE,SAVINGS_REINFORCEMENT,4,,MONITOR,Expense pressure is elevated. | Spending is above the user's historical baseline. | Recurring financial obligations contribute to monthly pressure.,
806,2026-10-01,0.003172898489895724,LOW,STABLE,SAVINGS_REINFORCEMENT,4,,MONITOR,Expense pressure is elevated. | Recurring financial obligations contribute to monthly pressure.,
807,2026-10-01,0.0027319166512756927,LOW,STABLE,SAVINGS_REINFORCEMENT,4,,MONITOR,Spending is above the user's historical baseline. | Recurring financial obligations contribute to monthly pressure.,
808,2026-10-01,0.002734236338792239,LOW,STABLE,SAVINGS_REINFORCEMENT,4,,MONITOR,Recurring financial obligations contribute to monthly pressure.,
809,2026-10-01,0.0024133681403315744,LOW,STABLE,SAVINGS_REINFORCEMENT,4,,MONITOR,Expense pressure is elevated. | Spending is above the user's historical baseline. | Recurring financial obligations contribute to monthly pressure.,
810,2026-10-01,0.001321044802689447,LOW,STABLE,SAVINGS_REINFORCEMENT,4,,MONITOR,Recurring financial obligations contribute to monthly pressure.,
811,2026-10-01,0.0031380866917804138,LOW,STABLE,SAVINGS_REINFORCEMENT,4,,MONITOR,Expense pressure is elevated. | Recurring financial obligations contribute to monthly pressure.,
812,2026-10-01,0.0017974825431818925,LOW,STABLE,SAVINGS_REINFORCEMENT,4,,MONITOR,Spending is growing faster than the configured threshold. | Spending is above the user's historical baseline. | Recurring financial obligations contribute to monthly pressure.,
813,2026-10-01,0.0024266797634677584,LOW,STABLE,SAVINGS_REINFORCEMENT,4,,MONITOR,Recurring financial obligations contribute to monthly pressure.,
814,2026-10-01,0.0015995238211621986,LOW,STABLE,SAVINGS_REINFORCEMENT,4,,MONITOR,Spending is growing faster than the configured threshold. | Spending is above the user's historical baseline. | Recurring financial obligations contribute to monthly pressure.,
815,2026-10-01,0.0022588478792704334,LOW,STABLE,SAVINGS_REINFORCEMENT,4,,MONITOR,Expense pressure is elevated. | Recurring financial obligations contribute to monthly pressure.,
816,2026-10-01,0.0014702883167311933,LOW,STABLE,SAVINGS_REINFORCEMENT,4,,MONITOR,Spending is above the user's historical baseline. | Recurring financial obligations contribute to monthly pressure.,
817,2026-10-01,0.00245719502173706,LOW,STABLE,SAVINGS_REINFORCEMENT,4,,MONITOR,Recurring financial obligations contribute to monthly pressure.,
818,2026-10-01,0.0016377045636026886,LOW,STABLE,SAVINGS_REINFORCEMENT,4,,MONITOR,Recurring financial obligations contribute to monthly pressure.,
819,2026-10-01,0.008147414837373274,LOW,STABLE,SAVINGS_REINFORCEMENT,4,,MONITOR,Expense pressure is elevated. | Recurring financial obligations contribute to monthly pressure.,
820,2026-10-01,0.10956423710172855,LOW,LIQUIDITY_PRESSURE,SAVINGS_REINFORCEMENT,4,,MONITOR,Cash buffer is below 50% of the reference level. | Expense pressure is elevated. | Spending is growing faster than the configured threshold. | Spending is above the user's historical baseline. | Recurring financial obligations contribute to monthly pressure.,
821,2026-10-01,0.002206388709587383,LOW,STABLE,SAVINGS_REINFORCEMENT,4,,MONITOR,Spending is growing faster than the configured threshold. | Spending is above the user's historical baseline. | Recurring financial obligations contribute to monthly pressure.,
822,2026-10-01,0.0021115299696435937,LOW,STABLE,SAVINGS_REINFORCEMENT,4,,MONITOR,Spending is growing faster than the configured threshold. | Spending is above the user's historical baseline. | Recurring financial obligations contribute to monthly pressure.,
823,2026-10-01,0.001718087338227544,LOW,STABLE,SAVINGS_REINFORCEMENT,4,,MONITOR,Expense pressure is elevated. | Recurring financial obligations contribute to monthly pressure.,
824,2026-10-01,0.009394769927183463,LOW,STABLE,SAVINGS_REINFORCEMENT,4,,MONITOR,Expense pressure is elevated. | Spending is growing faster than the configured threshold. | Spending is above the user's historical baseline. | Recurring financial obligations contribute to monthly pressure.,
825,2026-10-01,0.002367765634236765,LOW,STABLE,SAVINGS_REINFORCEMENT,4,,MONITOR,Expense pressure is elevated. | Spending is above the user's historical baseline. | Recurring financial obligations contribute to monthly pressure.,
826,2026-10-01,0.0015856010983835288,LOW,STABLE,SAVINGS_REINFORCEMENT,4,,MONITOR,Recurring financial obligations contribute to monthly pressure.,
827,2026-10-01,0.9350853518940662,HIGH,LIQUIDITY_PRESSURE,LIQUIDITY_PROTECTION,1,,RULE_BASED_RECOMMENDATION,Cash buffer is below 50% of the reference level. | Expense pressure is elevated. | Spending is growing faster than the configured threshold. | Spending is above the user's historical baseline. | Recurring financial obligations contribute to monthly pressure.,
828,2026-10-01,0.007402714925757089,LOW,LIQUIDITY_PRESSURE,SAVINGS_REINFORCEMENT,4,,MONITOR,Cash buffer is below 50% of the reference level. | Expense pressure is elevated. | Spending is growing faster than the configured threshold. | Spending is above the user's historical baseline. | Recurring financial obligations contribute to monthly pressure.,
829,2026-10-01,0.025386873012877474,LOW,SPENDING_PRESSURE,SAVINGS_REINFORCEMENT,4,,MONITOR,Expense pressure is elevated. | Spending is growing faster than the configured threshold. | Spending is above the user's historical baseline. | Recurring financial obligations contribute to monthly pressure. | The recent balance trajectory is declining.,
830,2026-10-01,0.0018924891203803632,LOW,STABLE,SAVINGS_REINFORCEMENT,4,,MONITOR,Expense pressure is elevated. | Spending is growing faster than the configured threshold. | Spending is above the user's historical baseline. | Recurring financial obligations contribute to monthly pressure.,
831,2026-10-01,0.0018094664678152835,LOW,STABLE,SAVINGS_REINFORCEMENT,4,,MONITOR,Spending is growing faster than the configured threshold. | Spending is above the user's historical baseline. | Recurring financial obligations contribute to monthly pressure.,
832,2026-10-01,0.002302608346390405,LOW,STABLE,SAVINGS_REINFORCEMENT,4,,MONITOR,Recurring financial obligations contribute to monthly pressure.,
833,2026-10-01,0.0019405398840345567,LOW,STABLE,SAVINGS_REINFORCEMENT,4,,MONITOR,Recurring financial obligations contribute to monthly pressure.,
834,2026-10-01,0.002265475032456828,LOW,STABLE,SAVINGS_REINFORCEMENT,4,,MONITOR,Expense pressure is elevated. | Spending is growing faster than the configured threshold. | Recurring financial obligations contribute to monthly pressure.,
835,2026-10-01,0.002383537459448074,LOW,STABLE,SAVINGS_REINFORCEMENT,4,,MONITOR,Recurring financial obligations contribute to monthly pressure.,
836,2026-10-01,0.0021826281036558134,LOW,STABLE,SAVINGS_REINFORCEMENT,4,,MONITOR,Recurring financial obligations contribute to monthly pressure.,
837,2026-10-01,0.0025768712453871617,LOW,STABLE,SAVINGS_REINFORCEMENT,4,,MONITOR,Expense pressure is elevated. | Spending is growing faster than the configured threshold. | Spending is above the user's historical baseline. | Recurring financial obligations contribute to monthly pressure.,
838,2026-10-01,0.0015095902102182275,LOW,STABLE,SAVINGS_REINFORCEMENT,4,,MONITOR,Recurring financial obligations contribute to monthly pressure.,
839,2026-10-01,0.001940132960595627,LOW,STABLE,SAVINGS_REINFORCEMENT,4,,MONITOR,Recurring financial obligations contribute to monthly pressure.,
840,2026-10-01,0.0019410345370110195,LOW,STABLE,SAVINGS_REINFORCEMENT,4,,MONITOR,Spending is growing faster than the configured threshold. | Recurring financial obligations contribute to monthly pressure.,
841,2026-10-01,0.003911283028682888,LOW,STABLE,SAVINGS_REINFORCEMENT,4,,MONITOR,Recurring financial obligations contribute to monthly pressure.,
842,2026-10-01,0.0021460279524533094,LOW,OBLIGATION_PRESSURE,SAVINGS_REINFORCEMENT,4,,MONITOR,Expense pressure is elevated. | Spending is growing faster than the configured threshold. | Spending is above the user's historical baseline. | Recurring financial obligations contribute to monthly pressure. | The recent balance trajectory is declining.,
843,2026-10-01,0.0018549380088511136,LOW,STABLE,SAVINGS_REINFORCEMENT,4,,MONITOR,Recurring financial obligations contribute to monthly pressure.,
844,2026-10-01,0.0021176555139948506,LOW,STABLE,SAVINGS_REINFORCEMENT,4,,MONITOR,Recurring financial obligations contribute to monthly pressure.,
845,2026-10-01,0.00159407790178995,LOW,STABLE,SAVINGS_REINFORCEMENT,4,,MONITOR,Recurring financial obligations contribute to monthly pressure.,
846,2026-10-01,0.0014492971233570394,LOW,STABLE,SAVINGS_REINFORCEMENT,4,,MONITOR,Spending is above the user's historical baseline. | Recurring financial obligations contribute to monthly pressure.,
847,2026-10-01,0.0037392864663226494,LOW,STABLE,SAVINGS_REINFORCEMENT,4,,MONITOR,Expense pressure is elevated. | Recurring financial obligations contribute to monthly pressure.,
848,2026-10-01,0.03666478183619744,LOW,STABLE,SAVINGS_REINFORCEMENT,4,,MONITOR,Expense pressure is elevated. | Recurring financial obligations contribute to monthly pressure.,
849,2026-10-01,0.0019171012041470637,LOW,STABLE,SAVINGS_REINFORCEMENT,4,,MONITOR,Spending is above the user's historical baseline. | Recurring financial obligations contribute to monthly pressure.,
850,2026-10-01,0.0017794305621188476,LOW,STABLE,SAVINGS_REINFORCEMENT,4,,MONITOR,Spending is growing faster than the configured threshold. | Spending is above the user's historical baseline. | Recurring financial obligations contribute to monthly pressure.,
851,2026-10-01,0.0022504154893531582,LOW,STABLE,SAVINGS_REINFORCEMENT,4,,MONITOR,Recurring financial obligations contribute to monthly pressure.,
852,2026-10-01,0.002096908948846031,LOW,STABLE,SAVINGS_REINFORCEMENT,4,,MONITOR,Recurring financial obligations contribute to monthly pressure.,
853,2026-10-01,0.0026479285731798585,LOW,STABLE,SAVINGS_REINFORCEMENT,4,,MONITOR,Recurring financial obligations contribute to monthly pressure.,
854,2026-10-01,0.001849102373177361,LOW,STABLE,SAVINGS_REINFORCEMENT,4,,MONITOR,Expense pressure is elevated. | Recurring financial obligations contribute to monthly pressure.,
855,2026-10-01,0.001956239727250214,LOW,STABLE,SAVINGS_REINFORCEMENT,4,,MONITOR,Recurring financial obligations contribute to monthly pressure.,
856,2026-10-01,0.0029148204935930235,LOW,STABLE,SAVINGS_REINFORCEMENT,4,,MONITOR,Expense pressure is elevated. | Spending is growing faster than the configured threshold. | Recurring financial obligations contribute to monthly pressure.,
857,2026-10-01,0.002380584265542174,LOW,STABLE,SAVINGS_REINFORCEMENT,4,,MONITOR,Recurring financial obligations contribute to monthly pressure.,
858,2026-10-01,0.003417510170948296,LOW,STABLE,SAVINGS_REINFORCEMENT,4,,MONITOR,Expense pressure is elevated. | Spending is above the user's historical baseline. | Recurring financial obligations contribute to monthly pressure.,
859,2026-10-01,0.002010301170761655,LOW,STABLE,SAVINGS_REINFORCEMENT,4,,MONITOR,Recurring financial obligations contribute to monthly pressure.,
860,2026-10-01,0.0022882164316227163,LOW,STABLE,SAVINGS_REINFORCEMENT,4,,MONITOR,Recurring financial obligations contribute to monthly pressure.,
861,2026-10-01,0.0021273663049099162,LOW,STABLE,SAVINGS_REINFORCEMENT,4,,MONITOR,Expense pressure is elevated. | Spending is growing faster than the configured threshold. | Spending is above the user's historical baseline. | Recurring financial obligations contribute to monthly pressure.,
862,2026-10-01,0.0019308886475293719,LOW,STABLE,SAVINGS_REINFORCEMENT,4,,MONITOR,Expense pressure is elevated. | Spending is growing faster than the configured threshold. | Spending is above the user's historical baseline. | Recurring financial obligations contribute to monthly pressure.,
863,2026-10-01,0.001684131512458341,LOW,STABLE,SAVINGS_REINFORCEMENT,4,,MONITOR,Spending is growing faster than the configured threshold. | Recurring financial obligations contribute to monthly pressure.,
864,2026-10-01,0.0023157438204361716,LOW,STABLE,SAVINGS_REINFORCEMENT,4,,MONITOR,Recurring financial obligations contribute to monthly pressure.,
865,2026-10-01,0.0020511550614359933,LOW,STABLE,SAVINGS_REINFORCEMENT,4,,MONITOR,Recurring financial obligations contribute to monthly pressure.,
866,2026-10-01,0.0017486862832226898,LOW,STABLE,SAVINGS_REINFORCEMENT,4,,MONITOR,Recurring financial obligations contribute to monthly pressure.,
867,2026-10-01,0.0021940712662773102,LOW,STABLE,SAVINGS_REINFORCEMENT,4,,MONITOR,Expense pressure is elevated. | Recurring financial obligations contribute to monthly pressure.,
868,2026-10-01,0.001901619252665859,LOW,STABLE,SAVINGS_REINFORCEMENT,4,,MONITOR,Recurring financial obligations contribute to monthly pressure.,
869,2026-10-01,0.002816265757548107,LOW,STABLE,SAVINGS_REINFORCEMENT,4,,MONITOR,Spending is growing faster than the configured threshold. | Recurring financial obligations contribute to monthly pressure.,
870,2026-10-01,0.0016688477173277389,LOW,STABLE,SAVINGS_REINFORCEMENT,4,,MONITOR,Spending is growing faster than the configured threshold. | Recurring financial obligations contribute to monthly pressure.,
871,2026-10-01,0.001756991409726427,LOW,STABLE,SAVINGS_REINFORCEMENT,4,,MONITOR,Recurring financial obligations contribute to monthly pressure.,
872,2026-10-01,0.0020881400897070058,LOW,STABLE,SAVINGS_REINFORCEMENT,4,,MONITOR,Recurring financial obligations contribute to monthly pressure.,
873,2026-10-01,0.0025065062691391306,LOW,STABLE,SAVINGS_REINFORCEMENT,4,,MONITOR,Expense pressure is elevated. | Spending is growing faster than the configured threshold. | Spending is above the user's historical baseline. | Recurring financial obligations contribute to monthly pressure.,
874,2026-10-01,0.002292525328645207,LOW,STABLE,SAVINGS_REINFORCEMENT,4,,MONITOR,Recurring financial obligations contribute to monthly pressure.,
875,2026-10-01,0.0015226408989370474,LOW,STABLE,SAVINGS_REINFORCEMENT,4,,MONITOR,Recurring financial obligations contribute to monthly pressure.,
876,2026-10-01,0.002310038265503787,LOW,STABLE,SAVINGS_REINFORCEMENT,4,,MONITOR,Expense pressure is elevated. | Recurring financial obligations contribute to monthly pressure.,
877,2026-10-01,0.001520247714020322,LOW,STABLE,SAVINGS_REINFORCEMENT,4,,MONITOR,Spending is growing faster than the configured threshold. | Spending is above the user's historical baseline. | Recurring financial obligations contribute to monthly pressure.,
878,2026-10-01,0.0028879535257595812,LOW,STABLE,SAVINGS_REINFORCEMENT,4,,MONITOR,Spending is above the user's historical baseline. | Recurring financial obligations contribute to monthly pressure.,
879,2026-10-01,0.0025147979536486566,LOW,STABLE,SAVINGS_REINFORCEMENT,4,,MONITOR,Recurring financial obligations contribute to monthly pressure.,
880,2026-10-01,0.002365423413288336,LOW,STABLE,SAVINGS_REINFORCEMENT,4,,MONITOR,Recurring financial obligations contribute to monthly pressure.,
881,2026-10-01,0.014640760061712702,LOW,LIQUIDITY_PRESSURE,SAVINGS_REINFORCEMENT,4,,MONITOR,Cash buffer is below 50% of the reference level. | Expense pressure is elevated. | Spending is growing faster than the configured threshold. | Recurring financial obligations contribute to monthly pressure.,
882,2026-10-01,0.0018646509191714115,LOW,STABLE,SAVINGS_REINFORCEMENT,4,,MONITOR,Recurring financial obligations contribute to monthly pressure.,
883,2026-10-01,0.0015403721167210713,LOW,STABLE,SAVINGS_REINFORCEMENT,4,,MONITOR,Spending is growing faster than the configured threshold. | Recurring financial obligations contribute to monthly pressure.,
884,2026-10-01,0.0037110295159025917,LOW,STABLE,SAVINGS_REINFORCEMENT,4,,MONITOR,Recurring financial obligations contribute to monthly pressure.,
885,2026-10-01,0.002701379621864719,LOW,STABLE,SAVINGS_REINFORCEMENT,4,,MONITOR,Spending is growing faster than the configured threshold. | Recurring financial obligations contribute to monthly pressure.,
886,2026-10-01,0.0014987244329977586,LOW,STABLE,SAVINGS_REINFORCEMENT,4,,MONITOR,Recurring financial obligations contribute to monthly pressure.,
887,2026-10-01,0.0023768912199810498,LOW,STABLE,SAVINGS_REINFORCEMENT,4,,MONITOR,Expense pressure is elevated. | Spending is growing faster than the configured threshold. | Recurring financial obligations contribute to monthly pressure.,
888,2026-10-01,0.002840646871788914,LOW,STABLE,SAVINGS_REINFORCEMENT,4,,MONITOR,Recurring financial obligations contribute to monthly pressure.,
889,2026-10-01,0.0015685572835593725,LOW,STABLE,SAVINGS_REINFORCEMENT,4,,MONITOR,Recurring financial obligations contribute to monthly pressure.,
890,2026-10-01,0.0020913346560191225,LOW,STABLE,SAVINGS_REINFORCEMENT,4,,MONITOR,Recurring financial obligations contribute to monthly pressure.,
891,2026-10-01,0.6391434862171079,HIGH,LIQUIDITY_PRESSURE,LIQUIDITY_PROTECTION,1,,RULE_BASED_RECOMMENDATION,Cash buffer is below 50% of the reference level. | Expense pressure is elevated. | Recurring financial obligations contribute to monthly pressure. | The recent balance trajectory is declining.,
892,2026-10-01,0.0018404925292978959,LOW,STABLE,SAVINGS_REINFORCEMENT,4,,MONITOR,Recurring financial obligations contribute to monthly pressure.,
893,2026-10-01,0.0017743870107262566,LOW,STABLE,SAVINGS_REINFORCEMENT,4,,MONITOR,Recurring financial obligations contribute to monthly pressure.,
894,2026-10-01,0.001837400285681308,LOW,STABLE,SAVINGS_REINFORCEMENT,4,,MONITOR,Spending is growing faster than the configured threshold. | Spending is above the user's historical baseline. | Recurring financial obligations contribute to monthly pressure.,
895,2026-10-01,0.0020602388593565476,LOW,STABLE,SAVINGS_REINFORCEMENT,4,,MONITOR,Spending is growing faster than the configured threshold. | Spending is above the user's historical baseline. | Recurring financial obligations contribute to monthly pressure.,
896,2026-10-01,0.002529152858794015,LOW,STABLE,SAVINGS_REINFORCEMENT,4,,MONITOR,Recurring financial obligations contribute to monthly pressure.,
897,2026-10-01,0.0019299991470190594,LOW,STABLE,SAVINGS_REINFORCEMENT,4,,MONITOR,Recurring financial obligations contribute to monthly pressure.,
898,2026-10-01,0.0015332541357741373,LOW,STABLE,SAVINGS_REINFORCEMENT,4,,MONITOR,Recurring financial obligations contribute to monthly pressure.,
899,2026-10-01,0.0021531978584313953,LOW,STABLE,SAVINGS_REINFORCEMENT,4,,MONITOR,Spending is above the user's historical baseline. | Recurring financial obligations contribute to monthly pressure.,
900,2026-10-01,0.0048763193232441195,LOW,STABLE,SAVINGS_REINFORCEMENT,4,,MONITOR,Spending is growing faster than the configured threshold. | Spending is above the user's historical baseline. | Recurring financial obligations contribute to monthly pressure.,
901,2026-10-01,0.0024838493575498693,LOW,STABLE,SAVINGS_REINFORCEMENT,4,,MONITOR,Expense pressure is elevated. | Recurring financial obligations contribute to monthly pressure.,
902,2026-10-01,0.001956578901040372,LOW,STABLE,SAVINGS_REINFORCEMENT,4,,MONITOR,Recurring financial obligations contribute to monthly pressure.,
903,2026-10-01,0.0015433766772397796,LOW,STABLE,SAVINGS_REINFORCEMENT,4,,MONITOR,Spending is growing faster than the configured threshold. | Spending is above the user's historical baseline. | Recurring financial obligations contribute to monthly pressure.,
904,2026-10-01,0.001679512731136447,LOW,STABLE,SAVINGS_REINFORCEMENT,4,,MONITOR,Recurring financial obligations contribute to monthly pressure.,
905,2026-10-01,0.0017433161794120282,LOW,STABLE,SAVINGS_REINFORCEMENT,4,,MONITOR,Expense pressure is elevated. | Recurring financial obligations contribute to monthly pressure.,
906,2026-10-01,0.002263520648725326,LOW,STABLE,SAVINGS_REINFORCEMENT,4,,MONITOR,Recurring financial obligations contribute to monthly pressure.,
907,2026-10-01,0.0029924787839257522,LOW,STABLE,SAVINGS_REINFORCEMENT,4,,MONITOR,Expense pressure is elevated. | Recurring financial obligations contribute to monthly pressure.,
908,2026-10-01,0.0017958751672309508,LOW,STABLE,SAVINGS_REINFORCEMENT,4,,MONITOR,Spending is above the user's historical baseline. | Recurring financial obligations contribute to monthly pressure.,
909,2026-10-01,0.0015678286768666442,LOW,STABLE,SAVINGS_REINFORCEMENT,4,,MONITOR,Spending is growing faster than the configured threshold. | Recurring financial obligations contribute to monthly pressure.,
910,2026-10-01,0.0024868971455242776,LOW,STABLE,SAVINGS_REINFORCEMENT,4,,MONITOR,Expense pressure is elevated. | Recurring financial obligations contribute to monthly pressure.,
911,2026-10-01,0.0019572187605638052,LOW,STABLE,SAVINGS_REINFORCEMENT,4,,MONITOR,Spending is above the user's historical baseline. | Recurring financial obligations contribute to monthly pressure.,
912,2026-10-01,0.0022577690359508124,LOW,STABLE,SAVINGS_REINFORCEMENT,4,,MONITOR,Recurring financial obligations contribute to monthly pressure.,
913,2026-10-01,0.002035367763609791,LOW,STABLE,SAVINGS_REINFORCEMENT,4,,MONITOR,Recurring financial obligations contribute to monthly pressure.,
914,2026-10-01,0.0013896149758361011,LOW,STABLE,SAVINGS_REINFORCEMENT,4,,MONITOR,Recurring financial obligations contribute to monthly pressure.,
915,2026-10-01,0.0015300858068312117,LOW,STABLE,SAVINGS_REINFORCEMENT,4,,MONITOR,Recurring financial obligations contribute to monthly pressure.,
916,2026-10-01,0.001814973467891273,LOW,STABLE,SAVINGS_REINFORCEMENT,4,,MONITOR,Spending is growing faster than the configured threshold. | Recurring financial obligations contribute to monthly pressure.,
917,2026-10-01,0.0017481098124180311,LOW,STABLE,SAVINGS_REINFORCEMENT,4,,MONITOR,Spending is growing faster than the configured threshold. | Recurring financial obligations contribute to monthly pressure.,
918,2026-10-01,0.0021694510864223764,LOW,STABLE,SAVINGS_REINFORCEMENT,4,,MONITOR,Expense pressure is elevated. | Recurring financial obligations contribute to monthly pressure.,
919,2026-10-01,0.00372762773709437,LOW,STABLE,SAVINGS_REINFORCEMENT,4,,MONITOR,Spending is growing faster than the configured threshold. | Spending is above the user's historical baseline. | Recurring financial obligations contribute to monthly pressure.,
920,2026-10-01,0.0016885105358083311,LOW,STABLE,SAVINGS_REINFORCEMENT,4,,MONITOR,Recurring financial obligations contribute to monthly pressure.,
921,2026-10-01,0.0020571180875772867,LOW,STABLE,SAVINGS_REINFORCEMENT,4,,MONITOR,Expense pressure is elevated. | Spending is growing faster than the configured threshold. | Spending is above the user's historical baseline. | Recurring financial obligations contribute to monthly pressure.,
922,2026-10-01,0.003329768670952351,LOW,STABLE,SAVINGS_REINFORCEMENT,4,,MONITOR,Expense pressure is elevated. | Spending is growing faster than the configured threshold. | Spending is above the user's historical baseline. | Recurring financial obligations contribute to monthly pressure.,
923,2026-10-01,0.002532962854787545,LOW,STABLE,SAVINGS_REINFORCEMENT,4,,MONITOR,Expense pressure is elevated. | Recurring financial obligations contribute to monthly pressure.,
924,2026-10-01,0.0015906530270192165,LOW,STABLE,SAVINGS_REINFORCEMENT,4,,MONITOR,Recurring financial obligations contribute to monthly pressure.,
925,2026-10-01,0.0018813957455742496,LOW,OBLIGATION_PRESSURE,SAVINGS_REINFORCEMENT,4,,MONITOR,Expense pressure is elevated. | Spending is above the user's historical baseline. | Recurring financial obligations contribute to monthly pressure. | The recent balance trajectory is declining.,
926,2026-10-01,0.027542606821411388,LOW,LIQUIDITY_PRESSURE,SAVINGS_REINFORCEMENT,4,,MONITOR,Cash buffer is below 50% of the reference level. | Expense pressure is elevated. | Spending is growing faster than the configured threshold. | Spending is above the user's historical baseline. | Recurring financial obligations contribute to monthly pressure.,
927,2026-10-01,0.0021663526822688927,LOW,STABLE,SAVINGS_REINFORCEMENT,4,,MONITOR,Recurring financial obligations contribute to monthly pressure.,
928,2026-10-01,0.0018179596555979703,LOW,STABLE,SAVINGS_REINFORCEMENT,4,,MONITOR,Spending is growing faster than the configured threshold. | Spending is above the user's historical baseline. | Recurring financial obligations contribute to monthly pressure.,
929,2026-10-01,0.00243066942787304,LOW,STABLE,SAVINGS_REINFORCEMENT,4,,MONITOR,Spending is above the user's historical baseline. | Recurring financial obligations contribute to monthly pressure.,
930,2026-10-01,0.002237790178644088,LOW,STABLE,SAVINGS_REINFORCEMENT,4,,MONITOR,Expense pressure is elevated. | Spending is growing faster than the configured threshold. | Spending is above the user's historical baseline. | Recurring financial obligations contribute to monthly pressure.,
931,2026-10-01,0.0019132005231101013,LOW,STABLE,SAVINGS_REINFORCEMENT,4,,MONITOR,Recurring financial obligations contribute to monthly pressure.,
932,2026-10-01,0.0016128649916980666,LOW,STABLE,SAVINGS_REINFORCEMENT,4,,MONITOR,Spending is above the user's historical baseline. | Recurring financial obligations contribute to monthly pressure.,
933,2026-10-01,0.001951720373968809,LOW,STABLE,SAVINGS_REINFORCEMENT,4,,MONITOR,Recurring financial obligations contribute to monthly pressure.,
934,2026-10-01,0.0028550478091820563,LOW,STABLE,SAVINGS_REINFORCEMENT,4,,MONITOR,Expense pressure is elevated. | Recurring financial obligations contribute to monthly pressure.,
935,2026-10-01,0.0016120224858149745,LOW,STABLE,SAVINGS_REINFORCEMENT,4,,MONITOR,Spending is above the user's historical baseline. | Recurring financial obligations contribute to monthly pressure.,
936,2026-10-01,0.0017799876213883074,LOW,OBLIGATION_PRESSURE,SAVINGS_REINFORCEMENT,4,,MONITOR,Expense pressure is elevated. | Spending is growing faster than the configured threshold. | Spending is above the user's historical baseline. | Recurring financial obligations contribute to monthly pressure. | The recent balance trajectory is declining.,
937,2026-10-01,0.0020850290292258886,LOW,STABLE,SAVINGS_REINFORCEMENT,4,,MONITOR,Expense pressure is elevated. | Recurring financial obligations contribute to monthly pressure.,
938,2026-10-01,0.040319783955280346,LOW,LIQUIDITY_PRESSURE,SAVINGS_REINFORCEMENT,4,,MONITOR,Cash buffer is below 50% of the reference level. | Expense pressure is elevated. | Recurring financial obligations contribute to monthly pressure.,
939,2026-10-01,0.0027480371211294763,LOW,STABLE,SAVINGS_REINFORCEMENT,4,,MONITOR,Expense pressure is elevated. | Recurring financial obligations contribute to monthly pressure.,
940,2026-10-01,0.011648774062325697,LOW,STABLE,SAVINGS_REINFORCEMENT,4,,MONITOR,Expense pressure is elevated. | Recurring financial obligations contribute to monthly pressure.,
941,2026-10-01,0.0016877569887133411,LOW,STABLE,SAVINGS_REINFORCEMENT,4,,MONITOR,Recurring financial obligations contribute to monthly pressure.,
942,2026-10-01,0.002503673309899315,LOW,STABLE,SAVINGS_REINFORCEMENT,4,,MONITOR,Expense pressure is elevated. | Spending is growing faster than the configured threshold. | Spending is above the user's historical baseline. | Recurring financial obligations contribute to monthly pressure.,
943,2026-10-01,0.0015959150866648585,LOW,STABLE,SAVINGS_REINFORCEMENT,4,,MONITOR,Spending is growing faster than the configured threshold. | Recurring financial obligations contribute to monthly pressure.,
944,2026-10-01,0.0015380485711286144,LOW,STABLE,SAVINGS_REINFORCEMENT,4,,MONITOR,Recurring financial obligations contribute to monthly pressure.,
945,2026-10-01,0.0026743924741727152,LOW,STABLE,SAVINGS_REINFORCEMENT,4,,MONITOR,Expense pressure is elevated. | Spending is growing faster than the configured threshold. | Recurring financial obligations contribute to monthly pressure.,
946,2026-10-01,0.008837464337331761,LOW,OBLIGATION_PRESSURE,SAVINGS_REINFORCEMENT,4,,MONITOR,Expense pressure is elevated. | Spending is growing faster than the configured threshold. | Spending is above the user's historical baseline. | Recurring financial obligations contribute to monthly pressure. | The recent balance trajectory is declining.,
947,2026-10-01,0.0022783198789644373,LOW,STABLE,SAVINGS_REINFORCEMENT,4,,MONITOR,Recurring financial obligations contribute to monthly pressure.,
948,2026-10-01,0.025716793442698744,LOW,STABLE,SAVINGS_REINFORCEMENT,4,,MONITOR,Expense pressure is elevated. | Spending is growing faster than the configured threshold. | Spending is above the user's historical baseline. | Recurring financial obligations contribute to monthly pressure.,
949,2026-10-01,0.0015063496965820526,LOW,STABLE,SAVINGS_REINFORCEMENT,4,,MONITOR,Recurring financial obligations contribute to monthly pressure.,
950,2026-10-01,0.002531359315941882,LOW,STABLE,SAVINGS_REINFORCEMENT,4,,MONITOR,Recurring financial obligations contribute to monthly pressure.,
951,2026-10-01,0.0020357563460724716,LOW,STABLE,SAVINGS_REINFORCEMENT,4,,MONITOR,Spending is growing faster than the configured threshold. | Recurring financial obligations contribute to monthly pressure.,
952,2026-10-01,0.0021509995322065733,LOW,STABLE,SAVINGS_REINFORCEMENT,4,,MONITOR,Expense pressure is elevated. | Spending is above the user's historical baseline. | Recurring financial obligations contribute to monthly pressure.,
953,2026-10-01,0.00250423588152515,LOW,STABLE,SAVINGS_REINFORCEMENT,4,,MONITOR,Expense pressure is elevated. | Recurring financial obligations contribute to monthly pressure.,
954,2026-10-01,0.006599163069001502,LOW,STABLE,SAVINGS_REINFORCEMENT,4,,MONITOR,Expense pressure is elevated. | Spending is above the user's historical baseline. | Recurring financial obligations contribute to monthly pressure.,
955,2026-10-01,0.002666732315409836,LOW,STABLE,SAVINGS_REINFORCEMENT,4,,MONITOR,Expense pressure is elevated. | Spending is growing faster than the configured threshold. | Recurring financial obligations contribute to monthly pressure.,
956,2026-10-01,0.0028430272672209608,LOW,OBLIGATION_PRESSURE,SAVINGS_REINFORCEMENT,4,,MONITOR,Expense pressure is elevated. | Spending is growing faster than the configured threshold. | Spending is above the user's historical baseline. | Recurring financial obligations contribute to monthly pressure. | The recent balance trajectory is declining.,
957,2026-10-01,0.0016033680841094056,LOW,STABLE,SAVINGS_REINFORCEMENT,4,,MONITOR,Spending is growing faster than the configured threshold. | Spending is above the user's historical baseline. | Recurring financial obligations contribute to monthly pressure.,
958,2026-10-01,0.0016891115920311607,LOW,STABLE,SAVINGS_REINFORCEMENT,4,,MONITOR,Recurring financial obligations contribute to monthly pressure.,
959,2026-10-01,0.0015650779965016004,LOW,STABLE,SAVINGS_REINFORCEMENT,4,,MONITOR,Spending is above the user's historical baseline. | Recurring financial obligations contribute to monthly pressure.,
960,2026-10-01,0.0015984255044739308,LOW,STABLE,SAVINGS_REINFORCEMENT,4,,MONITOR,Recurring financial obligations contribute to monthly pressure.,
961,2026-10-01,0.0019384936627026717,LOW,STABLE,SAVINGS_REINFORCEMENT,4,,MONITOR,Recurring financial obligations contribute to monthly pressure.,
962,2026-10-01,0.00251803192400333,LOW,STABLE,SAVINGS_REINFORCEMENT,4,,MONITOR,Recurring financial obligations contribute to monthly pressure.,
963,2026-10-01,0.001787935878252956,LOW,STABLE,SAVINGS_REINFORCEMENT,4,,MONITOR,Recurring financial obligations contribute to monthly pressure.,
964,2026-10-01,0.00308540718886124,LOW,STABLE,SAVINGS_REINFORCEMENT,4,,MONITOR,Expense pressure is elevated. | Spending is growing faster than the configured threshold. | Spending is above the user's historical baseline. | Recurring financial obligations contribute to monthly pressure.,
965,2026-10-01,0.0024434870235421685,LOW,STABLE,SAVINGS_REINFORCEMENT,4,,MONITOR,Expense pressure is elevated. | Spending is above the user's historical baseline. | Recurring financial obligations contribute to monthly pressure.,
966,2026-10-01,0.002135932039303473,LOW,STABLE,SAVINGS_REINFORCEMENT,4,,MONITOR,Recurring financial obligations contribute to monthly pressure.,
967,2026-10-01,0.00653154770375179,LOW,STABLE,SAVINGS_REINFORCEMENT,4,,MONITOR,Expense pressure is elevated. | Spending is above the user's historical baseline. | Recurring financial obligations contribute to monthly pressure.,
968,2026-10-01,0.0019307625551146766,LOW,STABLE,SAVINGS_REINFORCEMENT,4,,MONITOR,Spending is growing faster than the configured threshold. | Spending is above the user's historical baseline. | Recurring financial obligations contribute to monthly pressure.,
969,2026-10-01,0.0017510256730307503,LOW,STABLE,SAVINGS_REINFORCEMENT,4,,MONITOR,Spending is growing faster than the configured threshold. | Spending is above the user's historical baseline. | Recurring financial obligations contribute to monthly pressure.,
970,2026-10-01,0.0025558583799822577,LOW,STABLE,SAVINGS_REINFORCEMENT,4,,MONITOR,Recurring financial obligations contribute to monthly pressure.,
971,2026-10-01,0.002326922932973189,LOW,STABLE,SAVINGS_REINFORCEMENT,4,,MONITOR,Expense pressure is elevated. | Recurring financial obligations contribute to monthly pressure.,
972,2026-10-01,0.0019065046156090978,LOW,STABLE,SAVINGS_REINFORCEMENT,4,,MONITOR,Recurring financial obligations contribute to monthly pressure.,
973,2026-10-01,0.43036916656025515,MODERATE,LIQUIDITY_PRESSURE,LIQUIDITY_PROTECTION,1,,RULE_BASED_RECOMMENDATION,Cash buffer is below 50% of the reference level. | Expense pressure is elevated. | Recurring financial obligations contribute to monthly pressure.,
974,2026-10-01,0.0017100256081255438,LOW,STABLE,SAVINGS_REINFORCEMENT,4,,MONITOR,Spending is growing faster than the configured threshold. | Recurring financial obligations contribute to monthly pressure.,
975,2026-10-01,0.03990932737112314,LOW,STABLE,SAVINGS_REINFORCEMENT,4,,MONITOR,Expense pressure is elevated. | Spending is growing faster than the configured threshold. | Spending is above the user's historical baseline. | Recurring financial obligations contribute to monthly pressure.,
976,2026-10-01,0.0016504296723884812,LOW,STABLE,SAVINGS_REINFORCEMENT,4,,MONITOR,Recurring financial obligations contribute to monthly pressure.,
977,2026-10-01,0.0023274236454374425,LOW,STABLE,SAVINGS_REINFORCEMENT,4,,MONITOR,Spending is growing faster than the configured threshold. | Recurring financial obligations contribute to monthly pressure.,
978,2026-10-01,0.0018504072904851655,LOW,STABLE,SAVINGS_REINFORCEMENT,4,,MONITOR,Recurring financial obligations contribute to monthly pressure.,
979,2026-10-01,0.001904140082559912,LOW,STABLE,SAVINGS_REINFORCEMENT,4,,MONITOR,Recurring financial obligations contribute to monthly pressure.,
980,2026-10-01,0.00206726688253062,LOW,STABLE,SAVINGS_REINFORCEMENT,4,,MONITOR,Expense pressure is elevated. | Spending is growing faster than the configured threshold. | Recurring financial obligations contribute to monthly pressure.,
981,2026-10-01,0.001794769194359612,LOW,STABLE,SAVINGS_REINFORCEMENT,4,,MONITOR,Recurring financial obligations contribute to monthly pressure.,
982,2026-10-01,0.0018301662490604839,LOW,STABLE,SAVINGS_REINFORCEMENT,4,,MONITOR,Spending is growing faster than the configured threshold. | Spending is above the user's historical baseline. | Recurring financial obligations contribute to monthly pressure.,
983,2026-10-01,0.0017071482182677861,LOW,STABLE,SAVINGS_REINFORCEMENT,4,,MONITOR,Spending is growing faster than the configured threshold. | Recurring financial obligations contribute to monthly pressure.,
984,2026-10-01,0.003164706802139053,LOW,STABLE,SAVINGS_REINFORCEMENT,4,,MONITOR,Expense pressure is elevated. | Recurring financial obligations contribute to monthly pressure.,
985,2026-10-01,0.0023694268494880424,LOW,STABLE,SAVINGS_REINFORCEMENT,4,,MONITOR,Spending is above the user's historical baseline. | Recurring financial obligations contribute to monthly pressure.,
986,2026-10-01,0.00224990241867381,LOW,STABLE,SAVINGS_REINFORCEMENT,4,,MONITOR,Expense pressure is elevated. | Spending is growing faster than the configured threshold. | Spending is above the user's historical baseline. | Recurring financial obligations contribute to monthly pressure.,
987,2026-10-01,0.001533978148913321,LOW,STABLE,SAVINGS_REINFORCEMENT,4,,MONITOR,Spending is growing faster than the configured threshold. | Spending is above the user's historical baseline. | Recurring financial obligations contribute to monthly pressure.,
988,2026-10-01,0.002788251267892232,LOW,OBLIGATION_PRESSURE,SAVINGS_REINFORCEMENT,4,,MONITOR,Expense pressure is elevated. | Spending is growing faster than the configured threshold. | Spending is above the user's historical baseline. | Recurring financial obligations contribute to monthly pressure. | The recent balance trajectory is declining.,
989,2026-10-01,0.0019969747566460803,LOW,STABLE,SAVINGS_REINFORCEMENT,4,,MONITOR,Recurring financial obligations contribute to monthly pressure.,
990,2026-10-01,0.0034636368295042656,LOW,STABLE,SAVINGS_REINFORCEMENT,4,,MONITOR,Spending is growing faster than the configured threshold. | Spending is above the user's historical baseline. | Recurring financial obligations contribute to monthly pressure.,
991,2026-10-01,0.02785803482217437,LOW,STABLE,SAVINGS_REINFORCEMENT,4,,MONITOR,Cash buffer is below 50% of the reference level. | Spending is growing faster than the configured threshold. | Spending is above the user's historical baseline. | Recurring financial obligations contribute to monthly pressure.,
992,2026-10-01,0.0021170233354300535,LOW,STABLE,SAVINGS_REINFORCEMENT,4,,MONITOR,Expense pressure is elevated. | Spending is above the user's historical baseline. | Recurring financial obligations contribute to monthly pressure.,
993,2026-10-01,0.0023742861301768053,LOW,OBLIGATION_PRESSURE,SAVINGS_REINFORCEMENT,4,,MONITOR,Expense pressure is elevated. | Spending is growing faster than the configured threshold. | Spending is above the user's historical baseline. | Recurring financial obligations contribute to monthly pressure. | The recent balance trajectory is declining.,
994,2026-10-01,0.0022772854799600587,LOW,STABLE,SAVINGS_REINFORCEMENT,4,,MONITOR,Expense pressure is elevated. | Spending is above the user's historical baseline. | Recurring financial obligations contribute to monthly pressure.,
995,2026-10-01,0.001891646384161616,LOW,STABLE,SAVINGS_REINFORCEMENT,4,,MONITOR,Spending is growing faster than the configured threshold. | Spending is above the user's historical baseline. | Recurring financial obligations contribute to monthly pressure.,
996,2026-10-01,0.003309409698393525,LOW,STABLE,SAVINGS_REINFORCEMENT,4,,MONITOR,Recurring financial obligations contribute to monthly pressure.,
997,2026-10-01,0.266338249441475,LOW,STABLE,SAVINGS_REINFORCEMENT,4,,MONITOR,Cash buffer is below 50% of the reference level. | Recurring financial obligations contribute to monthly pressure.,
998,2026-10-01,0.0023853417815023815,LOW,SPENDING_PRESSURE,SAVINGS_REINFORCEMENT,4,,MONITOR,Expense pressure is elevated. | Spending is growing faster than the configured threshold. | Spending is above the user's historical baseline. | Recurring financial obligations contribute to monthly pressure. | The recent balance trajectory is declining.,
999,2026-10-01,0.0016297971049140734,LOW,STABLE,SAVINGS_REINFORCEMENT,4,,MONITOR,Spending is growing faster than the configured threshold. | Spending is above the user's historical baseline. | Recurring financial obligations contribute to monthly pressure.,
0,2026-11-01,0.0016625762637931811,LOW,STABLE,SAVINGS_REINFORCEMENT,4,,MONITOR,Spending is growing faster than the configured threshold. | Spending is above the user's historical baseline. | Recurring financial obligations contribute to monthly pressure.,
1,2026-11-01,0.0016639519968532353,LOW,STABLE,SAVINGS_REINFORCEMENT,4,,MONITOR,Spending is growing faster than the configured threshold. | Spending is above the user's historical baseline. | Recurring financial obligations contribute to monthly pressure.,
2,2026-11-01,0.001974156838460935,LOW,STABLE,SAVINGS_REINFORCEMENT,4,,MONITOR,Recurring financial obligations contribute to monthly pressure.,
3,2026-11-01,0.0019718333247069285,LOW,STABLE,SAVINGS_REINFORCEMENT,4,,MONITOR,Expense pressure is elevated. | Spending is growing faster than the configured threshold. | Spending is above the user's historical baseline. | Recurring financial obligations contribute to monthly pressure.,
4,2026-11-01,0.001981821899083948,LOW,STABLE,SAVINGS_REINFORCEMENT,4,,MONITOR,Expense pressure is elevated. | Recurring financial obligations contribute to monthly pressure.,
5,2026-11-01,0.002500892765286179,LOW,STABLE,SAVINGS_REINFORCEMENT,4,,MONITOR,Expense pressure is elevated. | Recurring financial obligations contribute to monthly pressure.,
6,2026-11-01,0.0022699277665031875,LOW,STABLE,SAVINGS_REINFORCEMENT,4,,MONITOR,Recurring financial obligations contribute to monthly pressure.,
7,2026-11-01,0.0015273917570695094,LOW,STABLE,SAVINGS_REINFORCEMENT,4,,MONITOR,Recurring financial obligations contribute to monthly pressure.,
8,2026-11-01,0.002288294681151091,LOW,STABLE,SAVINGS_REINFORCEMENT,4,,MONITOR,Recurring financial obligations contribute to monthly pressure.,
9,2026-11-01,0.002013542915918331,LOW,STABLE,SAVINGS_REINFORCEMENT,4,,MONITOR,Expense pressure is elevated. | Recurring financial obligations contribute to monthly pressure.,
10,2026-11-01,0.0028817146236195493,LOW,STABLE,SAVINGS_REINFORCEMENT,4,,MONITOR,Expense pressure is elevated. | Recurring financial obligations contribute to monthly pressure.,
11,2026-11-01,0.0015912160885832947,LOW,STABLE,SAVINGS_REINFORCEMENT,4,,MONITOR,Recurring financial obligations contribute to monthly pressure.,
12,2026-11-01,0.0015316341652340487,LOW,STABLE,SAVINGS_REINFORCEMENT,4,,MONITOR,Spending is growing faster than the configured threshold. | Spending is above the user's historical baseline. | Recurring financial obligations contribute to monthly pressure.,
13,2026-11-01,0.0017473215424675982,LOW,STABLE,SAVINGS_REINFORCEMENT,4,,MONITOR,Recurring financial obligations contribute to monthly pressure.,
14,2026-11-01,0.002088004956196673,LOW,STABLE,SAVINGS_REINFORCEMENT,4,,MONITOR,Spending is growing faster than the configured threshold. | Recurring financial obligations contribute to monthly pressure.,
15,2026-11-01,0.00158508890973003,LOW,STABLE,SAVINGS_REINFORCEMENT,4,,MONITOR,Recurring financial obligations contribute to monthly pressure.,
16,2026-11-01,0.001457461795299423,LOW,STABLE,SAVINGS_REINFORCEMENT,4,,MONITOR,Recurring financial obligations contribute to monthly pressure.,
17,2026-11-01,0.002068434111364239,LOW,STABLE,SAVINGS_REINFORCEMENT,4,,MONITOR,Recurring financial obligations contribute to monthly pressure.,
18,2026-11-01,0.001475720798590299,LOW,STABLE,SAVINGS_REINFORCEMENT,4,,MONITOR,Spending is growing faster than the configured threshold. | Spending is above the user's historical baseline. | Recurring financial obligations contribute to monthly pressure.,
19,2026-11-01,0.0013521597074300578,LOW,STABLE,SAVINGS_REINFORCEMENT,4,,MONITOR,Spending is growing faster than the configured threshold. | Spending is above the user's historical baseline. | Recurring financial obligations contribute to monthly pressure.,
20,2026-11-01,0.002426142897716788,LOW,STABLE,SAVINGS_REINFORCEMENT,4,,MONITOR,Spending is growing faster than the configured threshold. | Recurring financial obligations contribute to monthly pressure.,
21,2026-11-01,0.002716247000069256,LOW,STABLE,SAVINGS_REINFORCEMENT,4,,MONITOR,Recurring financial obligations contribute to monthly pressure.,
22,2026-11-01,0.0035691870830054455,LOW,STABLE,SAVINGS_REINFORCEMENT,4,,MONITOR,Expense pressure is elevated. | Recurring financial obligations contribute to monthly pressure.,
23,2026-11-01,0.0019170227471116685,LOW,STABLE,SAVINGS_REINFORCEMENT,4,,MONITOR,Recurring financial obligations contribute to monthly pressure.,
24,2026-11-01,0.002163506691832584,LOW,STABLE,SAVINGS_REINFORCEMENT,4,,MONITOR,Spending is growing faster than the configured threshold. | Spending is above the user's historical baseline. | Recurring financial obligations contribute to monthly pressure.,
25,2026-11-01,0.002417047334254992,LOW,STABLE,SAVINGS_REINFORCEMENT,4,,MONITOR,Recurring financial obligations contribute to monthly pressure.,
26,2026-11-01,0.0022253888949211173,LOW,STABLE,SAVINGS_REINFORCEMENT,4,,MONITOR,Spending is above the user's historical baseline. | Recurring financial obligations contribute to monthly pressure.,
27,2026-11-01,0.002322590056405485,LOW,STABLE,SAVINGS_REINFORCEMENT,4,,MONITOR,Expense pressure is elevated. | Spending is growing faster than the configured threshold. | Spending is above the user's historical baseline. | Recurring financial obligations contribute to monthly pressure.,
28,2026-11-01,0.012091274760182678,LOW,LIQUIDITY_PRESSURE,SAVINGS_REINFORCEMENT,4,,MONITOR,Cash buffer is below 50% of the reference level. | Expense pressure is elevated. | Spending is growing faster than the configured threshold. | Spending is above the user's historical baseline. | Recurring financial obligations contribute to monthly pressure.,
29,2026-11-01,0.002767181350875917,LOW,STABLE,SAVINGS_REINFORCEMENT,4,,MONITOR,Recurring financial obligations contribute to monthly pressure.,
30,2026-11-01,0.0018373740785732283,LOW,STABLE,SAVINGS_REINFORCEMENT,4,,MONITOR,Spending is growing faster than the configured threshold. | Spending is above the user's historical baseline. | Recurring financial obligations contribute to monthly pressure.,
31,2026-11-01,0.0030807399900842935,LOW,STABLE,SAVINGS_REINFORCEMENT,4,,MONITOR,Recurring financial obligations contribute to monthly pressure.,
32,2026-11-01,0.003389717829681181,LOW,STABLE,SAVINGS_REINFORCEMENT,4,,MONITOR,Expense pressure is elevated. | Spending is above the user's historical baseline. | Recurring financial obligations contribute to monthly pressure.,
33,2026-11-01,0.0017166148072711035,LOW,STABLE,SAVINGS_REINFORCEMENT,4,,MONITOR,Recurring financial obligations contribute to monthly pressure.,
34,2026-11-01,0.001567751116900401,LOW,STABLE,SAVINGS_REINFORCEMENT,4,,MONITOR,Recurring financial obligations contribute to monthly pressure.,
35,2026-11-01,0.001781497233674678,LOW,STABLE,SAVINGS_REINFORCEMENT,4,,MONITOR,Recurring financial obligations contribute to monthly pressure.,
36,2026-11-01,0.001837163736792846,LOW,STABLE,SAVINGS_REINFORCEMENT,4,,MONITOR,Recurring financial obligations contribute to monthly pressure.,
37,2026-11-01,0.0025937342236816603,LOW,STABLE,SAVINGS_REINFORCEMENT,4,,MONITOR,Spending is growing faster than the configured threshold. | Spending is above the user's historical baseline. | Recurring financial obligations contribute to monthly pressure.,
38,2026-11-01,0.0020980489389376255,LOW,STABLE,SAVINGS_REINFORCEMENT,4,,MONITOR,Spending is growing faster than the configured threshold. | Spending is above the user's historical baseline. | Recurring financial obligations contribute to monthly pressure.,
39,2026-11-01,0.003196081923277748,LOW,STABLE,SAVINGS_REINFORCEMENT,4,,MONITOR,Recurring financial obligations contribute to monthly pressure.,
40,2026-11-01,0.001665173682696389,LOW,STABLE,SAVINGS_REINFORCEMENT,4,,MONITOR,Recurring financial obligations contribute to monthly pressure.,
41,2026-11-01,0.0015281756423573428,LOW,STABLE,SAVINGS_REINFORCEMENT,4,,MONITOR,Recurring financial obligations contribute to monthly pressure.,
42,2026-11-01,0.12247990271670876,LOW,LIQUIDITY_PRESSURE,SAVINGS_REINFORCEMENT,4,,MONITOR,Cash buffer is below 50% of the reference level. | Expense pressure is elevated. | Spending is growing faster than the configured threshold. | Spending is above the user's historical baseline. | Recurring financial obligations contribute to monthly pressure.,
43,2026-11-01,0.0023420821197994816,LOW,STABLE,SAVINGS_REINFORCEMENT,4,,MONITOR,Recurring financial obligations contribute to monthly pressure.,
44,2026-11-01,0.002464602314849299,LOW,STABLE,SAVINGS_REINFORCEMENT,4,,MONITOR,Spending is growing faster than the configured threshold. | Spending is above the user's historical baseline. | Recurring financial obligations contribute to monthly pressure.,
45,2026-11-01,0.002423982603022704,LOW,STABLE,SAVINGS_REINFORCEMENT,4,,MONITOR,Expense pressure is elevated. | Spending is above the user's historical baseline. | Recurring financial obligations contribute to monthly pressure.,
46,2026-11-01,0.0017186926716540665,LOW,STABLE,SAVINGS_REINFORCEMENT,4,,MONITOR,Spending is growing faster than the configured threshold. | Spending is above the user's historical baseline. | Recurring financial obligations contribute to monthly pressure.,
47,2026-11-01,0.0030935354817101654,LOW,OBLIGATION_PRESSURE,SAVINGS_REINFORCEMENT,4,,MONITOR,Expense pressure is elevated. | Spending is above the user's historical baseline. | Recurring financial obligations contribute to monthly pressure. | The recent balance trajectory is declining.,
48,2026-11-01,0.0016723115104773662,LOW,STABLE,SAVINGS_REINFORCEMENT,4,,MONITOR,Recurring financial obligations contribute to monthly pressure.,
49,2026-11-01,0.0017104735245758351,LOW,STABLE,SAVINGS_REINFORCEMENT,4,,MONITOR,Spending is growing faster than the configured threshold. | Spending is above the user's historical baseline. | Recurring financial obligations contribute to monthly pressure.,
50,2026-11-01,0.0028313063779568668,LOW,STABLE,SAVINGS_REINFORCEMENT,4,,MONITOR,Expense pressure is elevated. | Spending is growing faster than the configured threshold. | Spending is above the user's historical baseline. | Recurring financial obligations contribute to monthly pressure.,
51,2026-11-01,0.0018379342231921783,LOW,STABLE,SAVINGS_REINFORCEMENT,4,,MONITOR,Spending is growing faster than the configured threshold. | Spending is above the user's historical baseline. | Recurring financial obligations contribute to monthly pressure.,
52,2026-11-01,0.0017540752131941784,LOW,STABLE,SAVINGS_REINFORCEMENT,4,,MONITOR,Spending is growing faster than the configured threshold. | Recurring financial obligations contribute to monthly pressure.,
53,2026-11-01,0.0071703875900597765,LOW,STABLE,SAVINGS_REINFORCEMENT,4,,MONITOR,Expense pressure is elevated. | Spending is above the user's historical baseline. | Recurring financial obligations contribute to monthly pressure.,
54,2026-11-01,0.0029100708843794046,LOW,STABLE,SAVINGS_REINFORCEMENT,4,,MONITOR,Expense pressure is elevated. | Recurring financial obligations contribute to monthly pressure.,
55,2026-11-01,0.002174033558726532,LOW,STABLE,SAVINGS_REINFORCEMENT,4,,MONITOR,Recurring financial obligations contribute to monthly pressure.,
56,2026-11-01,0.0019232195919059766,LOW,STABLE,SAVINGS_REINFORCEMENT,4,,MONITOR,Spending is growing faster than the configured threshold. | Recurring financial obligations contribute to monthly pressure.,
57,2026-11-01,0.0020955386784604524,LOW,STABLE,SAVINGS_REINFORCEMENT,4,,MONITOR,Spending is growing faster than the configured threshold. | Recurring financial obligations contribute to monthly pressure.,
58,2026-11-01,0.003573856830018083,LOW,STABLE,SAVINGS_REINFORCEMENT,4,,MONITOR,Expense pressure is elevated. | Recurring financial obligations contribute to monthly pressure.,
59,2026-11-01,0.0018662631585730928,LOW,STABLE,SAVINGS_REINFORCEMENT,4,,MONITOR,Recurring financial obligations contribute to monthly pressure.,
60,2026-11-01,0.0020491463445894372,LOW,STABLE,SAVINGS_REINFORCEMENT,4,,MONITOR,Recurring financial obligations contribute to monthly pressure.,
61,2026-11-01,0.0018908958639663465,LOW,STABLE,SAVINGS_REINFORCEMENT,4,,MONITOR,Spending is above the user's historical baseline. | Recurring financial obligations contribute to monthly pressure.,
62,2026-11-01,0.0019618039411640927,LOW,STABLE,SAVINGS_REINFORCEMENT,4,,MONITOR,Expense pressure is elevated. | Spending is growing faster than the configured threshold. | Spending is above the user's historical baseline. | Recurring financial obligations contribute to monthly pressure.,
63,2026-11-01,0.0020269539694001944,LOW,STABLE,SAVINGS_REINFORCEMENT,4,,MONITOR,Spending is above the user's historical baseline. | Recurring financial obligations contribute to monthly pressure.,
64,2026-11-01,0.0017050825890722967,LOW,STABLE,SAVINGS_REINFORCEMENT,4,,MONITOR,Spending is growing faster than the configured threshold. | Spending is above the user's historical baseline. | Recurring financial obligations contribute to monthly pressure.,
65,2026-11-01,0.0014274506130255366,LOW,STABLE,SAVINGS_REINFORCEMENT,4,,MONITOR,Recurring financial obligations contribute to monthly pressure.,
66,2026-11-01,0.0020310419705404465,LOW,STABLE,SAVINGS_REINFORCEMENT,4,,MONITOR,Recurring financial obligations contribute to monthly pressure.,
67,2026-11-01,0.002067119237437037,LOW,STABLE,SAVINGS_REINFORCEMENT,4,,MONITOR,Recurring financial obligations contribute to monthly pressure.,
68,2026-11-01,0.8695341388306698,HIGH,LIQUIDITY_PRESSURE,LIQUIDITY_PROTECTION,1,,RULE_BASED_RECOMMENDATION,Cash buffer is below 50% of the reference level. | Expense pressure is elevated. | Recurring financial obligations contribute to monthly pressure. | The recent balance trajectory is declining.,
69,2026-11-01,0.0016177447035994545,LOW,STABLE,SAVINGS_REINFORCEMENT,4,,MONITOR,Recurring financial obligations contribute to monthly pressure.,
70,2026-11-01,0.0031137623025266625,LOW,STABLE,SAVINGS_REINFORCEMENT,4,,MONITOR,Expense pressure is elevated. | Recurring financial obligations contribute to monthly pressure.,
71,2026-11-01,0.002137743306973915,LOW,STABLE,SAVINGS_REINFORCEMENT,4,,MONITOR,Recurring financial obligations contribute to monthly pressure.,
72,2026-11-01,0.0018075696715258564,LOW,STABLE,SAVINGS_REINFORCEMENT,4,,MONITOR,Spending is above the user's historical baseline. | Recurring financial obligations contribute to monthly pressure.,
73,2026-11-01,0.0018536534204333082,LOW,STABLE,SAVINGS_REINFORCEMENT,4,,MONITOR,Recurring financial obligations contribute to monthly pressure.,
74,2026-11-01,0.0020916934659281823,LOW,STABLE,SAVINGS_REINFORCEMENT,4,,MONITOR,Spending is above the user's historical baseline. | Recurring financial obligations contribute to monthly pressure.,
75,2026-11-01,0.0022319694193303524,LOW,STABLE,SAVINGS_REINFORCEMENT,4,,MONITOR,Spending is growing faster than the configured threshold. | Recurring financial obligations contribute to monthly pressure.,
76,2026-11-01,0.0015879598152190298,LOW,STABLE,SAVINGS_REINFORCEMENT,4,,MONITOR,Spending is growing faster than the configured threshold. | Spending is above the user's historical baseline. | Recurring financial obligations contribute to monthly pressure.,
77,2026-11-01,0.0019091996554930339,LOW,STABLE,SAVINGS_REINFORCEMENT,4,,MONITOR,Spending is growing faster than the configured threshold. | Recurring financial obligations contribute to monthly pressure.,
78,2026-11-01,0.0019039145601070253,LOW,STABLE,SAVINGS_REINFORCEMENT,4,,MONITOR,Spending is growing faster than the configured threshold. | Spending is above the user's historical baseline. | Recurring financial obligations contribute to monthly pressure.,
79,2026-11-01,0.0016056634233281874,LOW,STABLE,SAVINGS_REINFORCEMENT,4,,MONITOR,Recurring financial obligations contribute to monthly pressure.,
80,2026-11-01,0.0016078999367393969,LOW,STABLE,SAVINGS_REINFORCEMENT,4,,MONITOR,Spending is above the user's historical baseline. | Recurring financial obligations contribute to monthly pressure.,
81,2026-11-01,0.0017276426609392401,LOW,STABLE,SAVINGS_REINFORCEMENT,4,,MONITOR,Recurring financial obligations contribute to monthly pressure.,
82,2026-11-01,0.0020774116576768283,LOW,STABLE,SAVINGS_REINFORCEMENT,4,,MONITOR,Expense pressure is elevated. | Recurring financial obligations contribute to monthly pressure.,
83,2026-11-01,0.0022836618574741505,LOW,STABLE,SAVINGS_REINFORCEMENT,4,,MONITOR,Expense pressure is elevated. | Spending is growing faster than the configured threshold. | Spending is above the user's historical baseline. | Recurring financial obligations contribute to monthly pressure.,
84,2026-11-01,0.9512272171887609,HIGH,LIQUIDITY_PRESSURE,LIQUIDITY_PROTECTION,1,,RULE_BASED_RECOMMENDATION,Cash buffer is below 50% of the reference level. | Expense pressure is elevated. | Recurring financial obligations contribute to monthly pressure.,
85,2026-11-01,0.0018415359959005565,LOW,STABLE,SAVINGS_REINFORCEMENT,4,,MONITOR,Spending is growing faster than the configured threshold. | Spending is above the user's historical baseline. | Recurring financial obligations contribute to monthly pressure.,
86,2026-11-01,0.0021740810860155046,LOW,STABLE,SAVINGS_REINFORCEMENT,4,,MONITOR,Recurring financial obligations contribute to monthly pressure.,
87,2026-11-01,0.001843498835751091,LOW,STABLE,SAVINGS_REINFORCEMENT,4,,MONITOR,Spending is above the user's historical baseline. | Recurring financial obligations contribute to monthly pressure.,
88,2026-11-01,0.0026146370294573276,LOW,OBLIGATION_PRESSURE,SAVINGS_REINFORCEMENT,4,,MONITOR,Expense pressure is elevated. | Spending is above the user's historical baseline. | Recurring financial obligations contribute to monthly pressure. | The recent balance trajectory is declining.,
89,2026-11-01,0.00195361692395801,LOW,OBLIGATION_PRESSURE,SAVINGS_REINFORCEMENT,4,,MONITOR,Expense pressure is elevated. | Spending is above the user's historical baseline. | Recurring financial obligations contribute to monthly pressure. | The recent balance trajectory is declining.,
90,2026-11-01,0.0023078212810440507,LOW,STABLE,SAVINGS_REINFORCEMENT,4,,MONITOR,Expense pressure is elevated. | Spending is growing faster than the configured threshold. | Spending is above the user's historical baseline. | Recurring financial obligations contribute to monthly pressure.,
91,2026-11-01,0.0015131413499766696,LOW,STABLE,SAVINGS_REINFORCEMENT,4,,MONITOR,Spending is above the user's historical baseline. | Recurring financial obligations contribute to monthly pressure.,
92,2026-11-01,0.004040355763595684,LOW,STABLE,SAVINGS_REINFORCEMENT,4,,MONITOR,Spending is growing faster than the configured threshold. | Recurring financial obligations contribute to monthly pressure.,
93,2026-11-01,0.0017133862101923543,LOW,STABLE,SAVINGS_REINFORCEMENT,4,,MONITOR,Recurring financial obligations contribute to monthly pressure.,
94,2026-11-01,0.0018049071643757304,LOW,STABLE,SAVINGS_REINFORCEMENT,4,,MONITOR,Spending is growing faster than the configured threshold. | Spending is above the user's historical baseline. | Recurring financial obligations contribute to monthly pressure.,
95,2026-11-01,0.0022335510996011067,LOW,STABLE,SAVINGS_REINFORCEMENT,4,,MONITOR,Expense pressure is elevated. | Recurring financial obligations contribute to monthly pressure.,
96,2026-11-01,0.039640990444801884,LOW,LIQUIDITY_PRESSURE,SAVINGS_REINFORCEMENT,4,,MONITOR,Cash buffer is below 50% of the reference level. | Expense pressure is elevated. | Spending is growing faster than the configured threshold. | Spending is above the user's historical baseline. | Recurring financial obligations contribute to monthly pressure.,
97,2026-11-01,0.0023951853523497264,LOW,STABLE,SAVINGS_REINFORCEMENT,4,,MONITOR,Expense pressure is elevated. | Recurring financial obligations contribute to monthly pressure.,
98,2026-11-01,0.0015068507151398132,LOW,STABLE,SAVINGS_REINFORCEMENT,4,,MONITOR,Expense pressure is elevated. | Spending is growing faster than the configured threshold. | Spending is above the user's historical baseline. | Recurring financial obligations contribute to monthly pressure.,
99,2026-11-01,0.0016323501826879274,LOW,STABLE,SAVINGS_REINFORCEMENT,4,,MONITOR,Spending is growing faster than the configured threshold. | Recurring financial obligations contribute to monthly pressure.,
100,2026-11-01,0.00232752893674142,LOW,STABLE,SAVINGS_REINFORCEMENT,4,,MONITOR,Expense pressure is elevated. | Spending is above the user's historical baseline. | Recurring financial obligations contribute to monthly pressure.,
101,2026-11-01,0.0027929912000872895,LOW,OBLIGATION_PRESSURE,SAVINGS_REINFORCEMENT,4,,MONITOR,Expense pressure is elevated. | Spending is growing faster than the configured threshold. | Spending is above the user's historical baseline. | Recurring financial obligations contribute to monthly pressure. | The recent balance trajectory is declining.,
102,2026-11-01,0.12795313112756096,LOW,LIQUIDITY_PRESSURE,SAVINGS_REINFORCEMENT,4,,MONITOR,Cash buffer is below 50% of the reference level. | Expense pressure is elevated. | Spending is above the user's historical baseline. | Recurring financial obligations contribute to monthly pressure.,
103,2026-11-01,0.0021426697699002428,LOW,STABLE,SAVINGS_REINFORCEMENT,4,,MONITOR,Spending is above the user's historical baseline. | Recurring financial obligations contribute to monthly pressure.,
104,2026-11-01,0.001548817487636236,LOW,STABLE,SAVINGS_REINFORCEMENT,4,,MONITOR,Recurring financial obligations contribute to monthly pressure.,
105,2026-11-01,0.0018155102812704989,LOW,STABLE,SAVINGS_REINFORCEMENT,4,,MONITOR,Recurring financial obligations contribute to monthly pressure.,
106,2026-11-01,0.002137253887261898,LOW,STABLE,SAVINGS_REINFORCEMENT,4,,MONITOR,Spending is growing faster than the configured threshold. | Recurring financial obligations contribute to monthly pressure.,
107,2026-11-01,0.0020484280928803286,LOW,OBLIGATION_PRESSURE,SAVINGS_REINFORCEMENT,4,,MONITOR,Expense pressure is elevated. | Spending is growing faster than the configured threshold. | Spending is above the user's historical baseline. | Recurring financial obligations contribute to monthly pressure. | The recent balance trajectory is declining.,
108,2026-11-01,0.0018026133391004077,LOW,STABLE,SAVINGS_REINFORCEMENT,4,,MONITOR,Recurring financial obligations contribute to monthly pressure.,
109,2026-11-01,0.0015973699027736943,LOW,STABLE,SAVINGS_REINFORCEMENT,4,,MONITOR,Spending is growing faster than the configured threshold. | Spending is above the user's historical baseline. | Recurring financial obligations contribute to monthly pressure.,
110,2026-11-01,0.0020623889038134165,LOW,STABLE,SAVINGS_REINFORCEMENT,4,,MONITOR,Spending is above the user's historical baseline. | Recurring financial obligations contribute to monthly pressure.,
111,2026-11-01,0.002356918725769235,LOW,STABLE,SAVINGS_REINFORCEMENT,4,,MONITOR,Recurring financial obligations contribute to monthly pressure.,
112,2026-11-01,0.002102309182564361,LOW,STABLE,SAVINGS_REINFORCEMENT,4,,MONITOR,Recurring financial obligations contribute to monthly pressure.,
113,2026-11-01,0.0014526372399600923,LOW,STABLE,SAVINGS_REINFORCEMENT,4,,MONITOR,Spending is growing faster than the configured threshold. | Spending is above the user's historical baseline. | Recurring financial obligations contribute to monthly pressure.,
114,2026-11-01,0.0019121279586136086,LOW,STABLE,SAVINGS_REINFORCEMENT,4,,MONITOR,Expense pressure is elevated. | Spending is above the user's historical baseline. | Recurring financial obligations contribute to monthly pressure.,
115,2026-11-01,0.0021523922608365706,LOW,STABLE,SAVINGS_REINFORCEMENT,4,,MONITOR,Expense pressure is elevated. | Recurring financial obligations contribute to monthly pressure.,
116,2026-11-01,0.001770791177668904,LOW,STABLE,SAVINGS_REINFORCEMENT,4,,MONITOR,Spending is growing faster than the configured threshold. | Spending is above the user's historical baseline. | Recurring financial obligations contribute to monthly pressure.,
117,2026-11-01,0.0019332658788648964,LOW,STABLE,SAVINGS_REINFORCEMENT,4,,MONITOR,Spending is above the user's historical baseline. | Recurring financial obligations contribute to monthly pressure.,
118,2026-11-01,0.0020846163097629706,LOW,STABLE,SAVINGS_REINFORCEMENT,4,,MONITOR,Spending is growing faster than the configured threshold. | Spending is above the user's historical baseline. | Recurring financial obligations contribute to monthly pressure.,
119,2026-11-01,0.0021184175913912784,LOW,STABLE,SAVINGS_REINFORCEMENT,4,,MONITOR,Spending is growing faster than the configured threshold. | Spending is above the user's historical baseline. | Recurring financial obligations contribute to monthly pressure.,
120,2026-11-01,0.002260212961407295,LOW,STABLE,SAVINGS_REINFORCEMENT,4,,MONITOR,Expense pressure is elevated. | Spending is growing faster than the configured threshold. | Recurring financial obligations contribute to monthly pressure.,
121,2026-11-01,0.0025451517235108097,LOW,STABLE,SAVINGS_REINFORCEMENT,4,,MONITOR,Spending is growing faster than the configured threshold. | Recurring financial obligations contribute to monthly pressure.,
122,2026-11-01,0.0016658825732121445,LOW,STABLE,SAVINGS_REINFORCEMENT,4,,MONITOR,Spending is above the user's historical baseline. | Recurring financial obligations contribute to monthly pressure.,
123,2026-11-01,0.002409810478975843,LOW,STABLE,SAVINGS_REINFORCEMENT,4,,MONITOR,Expense pressure is elevated. | Spending is above the user's historical baseline. | Recurring financial obligations contribute to monthly pressure.,
124,2026-11-01,0.0023202011142551683,LOW,STABLE,SAVINGS_REINFORCEMENT,4,,MONITOR,Recurring financial obligations contribute to monthly pressure.,
125,2026-11-01,0.001506534104558642,LOW,STABLE,SAVINGS_REINFORCEMENT,4,,MONITOR,Recurring financial obligations contribute to monthly pressure.,
126,2026-11-01,0.001678113209938515,LOW,STABLE,SAVINGS_REINFORCEMENT,4,,MONITOR,Spending is growing faster than the configured threshold. | Recurring financial obligations contribute to monthly pressure.,
127,2026-11-01,0.0021194666487605045,LOW,STABLE,SAVINGS_REINFORCEMENT,4,,MONITOR,Expense pressure is elevated. | Spending is growing faster than the configured threshold. | Spending is above the user's historical baseline. | Recurring financial obligations contribute to monthly pressure.,
128,2026-11-01,0.002604084328232093,LOW,STABLE,SAVINGS_REINFORCEMENT,4,,MONITOR,Expense pressure is elevated. | Recurring financial obligations contribute to monthly pressure.,
129,2026-11-01,0.001815744020459365,LOW,STABLE,SAVINGS_REINFORCEMENT,4,,MONITOR,Spending is above the user's historical baseline. | Recurring financial obligations contribute to monthly pressure.,
130,2026-11-01,0.0014595250905342057,LOW,STABLE,SAVINGS_REINFORCEMENT,4,,MONITOR,Spending is above the user's historical baseline. | Recurring financial obligations contribute to monthly pressure.,
131,2026-11-01,0.0015209052970131954,LOW,STABLE,SAVINGS_REINFORCEMENT,4,,MONITOR,Recurring financial obligations contribute to monthly pressure.,
132,2026-11-01,0.001995404584977144,LOW,STABLE,SAVINGS_REINFORCEMENT,4,,MONITOR,Spending is above the user's historical baseline. | Recurring financial obligations contribute to monthly pressure.,
133,2026-11-01,0.003394761409924202,LOW,STABLE,SAVINGS_REINFORCEMENT,4,,MONITOR,Expense pressure is elevated. | Recurring financial obligations contribute to monthly pressure.,
134,2026-11-01,0.001739151826121019,LOW,STABLE,SAVINGS_REINFORCEMENT,4,,MONITOR,Recurring financial obligations contribute to monthly pressure.,
135,2026-11-01,0.00223249716508543,LOW,STABLE,SAVINGS_REINFORCEMENT,4,,MONITOR,Expense pressure is elevated. | Spending is growing faster than the configured threshold. | Recurring financial obligations contribute to monthly pressure.,
136,2026-11-01,0.0019669235521338354,LOW,STABLE,SAVINGS_REINFORCEMENT,4,,MONITOR,Recurring financial obligations contribute to monthly pressure.,
137,2026-11-01,0.00198798381959364,LOW,STABLE,SAVINGS_REINFORCEMENT,4,,MONITOR,Spending is growing faster than the configured threshold. | Spending is above the user's historical baseline. | Recurring financial obligations contribute to monthly pressure.,
138,2026-11-01,0.0015110872081479942,LOW,STABLE,SAVINGS_REINFORCEMENT,4,,MONITOR,Expense pressure is elevated. | Spending is growing faster than the configured threshold. | Spending is above the user's historical baseline. | Recurring financial obligations contribute to monthly pressure.,
139,2026-11-01,0.0014469384361951055,LOW,STABLE,SAVINGS_REINFORCEMENT,4,,MONITOR,Recurring financial obligations contribute to monthly pressure.,
140,2026-11-01,0.003141206840463046,LOW,STABLE,SAVINGS_REINFORCEMENT,4,,MONITOR,Expense pressure is elevated. | Recurring financial obligations contribute to monthly pressure.,
141,2026-11-01,0.0016963887684801858,LOW,STABLE,SAVINGS_REINFORCEMENT,4,,MONITOR,Recurring financial obligations contribute to monthly pressure.,
142,2026-11-01,0.001986668720299497,LOW,STABLE,SAVINGS_REINFORCEMENT,4,,MONITOR,Spending is growing faster than the configured threshold. | Recurring financial obligations contribute to monthly pressure.,
143,2026-11-01,0.0019869749529520505,LOW,STABLE,SAVINGS_REINFORCEMENT,4,,MONITOR,Spending is growing faster than the configured threshold. | Spending is above the user's historical baseline. | Recurring financial obligations contribute to monthly pressure.,
144,2026-11-01,0.001683444047525,LOW,STABLE,SAVINGS_REINFORCEMENT,4,,MONITOR,Recurring financial obligations contribute to monthly pressure.,
145,2026-11-01,0.002014614424818433,LOW,STABLE,SAVINGS_REINFORCEMENT,4,,MONITOR,Spending is growing faster than the configured threshold. | Recurring financial obligations contribute to monthly pressure.,
146,2026-11-01,0.0021565460211131356,LOW,STABLE,SAVINGS_REINFORCEMENT,4,,MONITOR,Spending is above the user's historical baseline. | Recurring financial obligations contribute to monthly pressure.,
147,2026-11-01,0.002434701710803426,LOW,STABLE,SAVINGS_REINFORCEMENT,4,,MONITOR,Expense pressure is elevated. | Spending is above the user's historical baseline. | Recurring financial obligations contribute to monthly pressure.,
148,2026-11-01,0.002270145486509921,LOW,STABLE,SAVINGS_REINFORCEMENT,4,,MONITOR,Recurring financial obligations contribute to monthly pressure.,
149,2026-11-01,0.0020089885518427566,LOW,STABLE,SAVINGS_REINFORCEMENT,4,,MONITOR,Recurring financial obligations contribute to monthly pressure.,
150,2026-11-01,0.002466090145273982,LOW,STABLE,SAVINGS_REINFORCEMENT,4,,MONITOR,Recurring financial obligations contribute to monthly pressure.,
151,2026-11-01,0.0017372777380917424,LOW,STABLE,SAVINGS_REINFORCEMENT,4,,MONITOR,Spending is growing faster than the configured threshold. | Spending is above the user's historical baseline. | Recurring financial obligations contribute to monthly pressure.,
152,2026-11-01,0.0018041805925305195,LOW,STABLE,SAVINGS_REINFORCEMENT,4,,MONITOR,Recurring financial obligations contribute to monthly pressure.,
153,2026-11-01,0.0016645195321079963,LOW,STABLE,SAVINGS_REINFORCEMENT,4,,MONITOR,Recurring financial obligations contribute to monthly pressure.,
154,2026-11-01,0.015299629880825913,LOW,LIQUIDITY_PRESSURE,SAVINGS_REINFORCEMENT,4,,MONITOR,Cash buffer is below 50% of the reference level. | Expense pressure is elevated. | Spending is growing faster than the configured threshold. | Spending is above the user's historical baseline. | Recurring financial obligations contribute to monthly pressure.,
155,2026-11-01,0.0019060014054971478,LOW,STABLE,SAVINGS_REINFORCEMENT,4,,MONITOR,Spending is growing faster than the configured threshold. | Spending is above the user's historical baseline. | Recurring financial obligations contribute to monthly pressure.,
156,2026-11-01,0.0016528245242835732,LOW,STABLE,SAVINGS_REINFORCEMENT,4,,MONITOR,Spending is growing faster than the configured threshold. | Spending is above the user's historical baseline. | Recurring financial obligations contribute to monthly pressure.,
157,2026-11-01,0.001995268050068417,LOW,STABLE,SAVINGS_REINFORCEMENT,4,,MONITOR,Spending is growing faster than the configured threshold. | Spending is above the user's historical baseline. | Recurring financial obligations contribute to monthly pressure.,
158,2026-11-01,0.0032964685796424663,LOW,SPENDING_PRESSURE,SAVINGS_REINFORCEMENT,4,,MONITOR,Expense pressure is elevated. | Spending is growing faster than the configured threshold. | Spending is above the user's historical baseline. | Recurring financial obligations contribute to monthly pressure. | The recent balance trajectory is declining.,
159,2026-11-01,0.0015040085093904559,LOW,STABLE,SAVINGS_REINFORCEMENT,4,,MONITOR,Spending is growing faster than the configured threshold. | Spending is above the user's historical baseline. | Recurring financial obligations contribute to monthly pressure.,
160,2026-11-01,0.0020002259800323964,LOW,STABLE,SAVINGS_REINFORCEMENT,4,,MONITOR,Spending is growing faster than the configured threshold. | Spending is above the user's historical baseline. | Recurring financial obligations contribute to monthly pressure.,
161,2026-11-01,0.0017016599508756862,LOW,STABLE,SAVINGS_REINFORCEMENT,4,,MONITOR,Recurring financial obligations contribute to monthly pressure.,
162,2026-11-01,0.0024046316181981415,LOW,STABLE,SAVINGS_REINFORCEMENT,4,,MONITOR,Spending is growing faster than the configured threshold. | Recurring financial obligations contribute to monthly pressure.,
163,2026-11-01,0.0020380451907502707,LOW,STABLE,SAVINGS_REINFORCEMENT,4,,MONITOR,Recurring financial obligations contribute to monthly pressure.,
164,2026-11-01,0.0021660136146976184,LOW,STABLE,SAVINGS_REINFORCEMENT,4,,MONITOR,Recurring financial obligations contribute to monthly pressure.,
165,2026-11-01,0.0017957465217732262,LOW,STABLE,SAVINGS_REINFORCEMENT,4,,MONITOR,Recurring financial obligations contribute to monthly pressure.,
166,2026-11-01,0.0015173114919270277,LOW,STABLE,SAVINGS_REINFORCEMENT,4,,MONITOR,Spending is growing faster than the configured threshold. | Spending is above the user's historical baseline. | Recurring financial obligations contribute to monthly pressure.,
167,2026-11-01,0.4443237348245527,MODERATE,LIQUIDITY_PRESSURE,LIQUIDITY_PROTECTION,1,,RULE_BASED_RECOMMENDATION,Cash buffer is below 50% of the reference level. | Expense pressure is elevated. | Spending is growing faster than the configured threshold. | Recurring financial obligations contribute to monthly pressure.,
168,2026-11-01,0.002098638149264774,LOW,STABLE,SAVINGS_REINFORCEMENT,4,,MONITOR,Recurring financial obligations contribute to monthly pressure.,
169,2026-11-01,0.008192015437877955,LOW,STABLE,SAVINGS_REINFORCEMENT,4,,MONITOR,Expense pressure is elevated. | Recurring financial obligations contribute to monthly pressure.,
170,2026-11-01,0.0019289136067262753,LOW,STABLE,SAVINGS_REINFORCEMENT,4,,MONITOR,Spending is growing faster than the configured threshold. | Spending is above the user's historical baseline. | Recurring financial obligations contribute to monthly pressure.,
171,2026-11-01,0.0017194621845004758,LOW,STABLE,SAVINGS_REINFORCEMENT,4,,MONITOR,Recurring financial obligations contribute to monthly pressure.,
172,2026-11-01,0.002813667108969689,LOW,STABLE,SAVINGS_REINFORCEMENT,4,,MONITOR,Recurring financial obligations contribute to monthly pressure.,
173,2026-11-01,0.006820525451564832,LOW,STABLE,SAVINGS_REINFORCEMENT,4,,MONITOR,Recurring financial obligations contribute to monthly pressure.,
174,2026-11-01,0.0016595514397426958,LOW,STABLE,SAVINGS_REINFORCEMENT,4,,MONITOR,Recurring financial obligations contribute to monthly pressure.,
175,2026-11-01,0.0018125050804827562,LOW,STABLE,SAVINGS_REINFORCEMENT,4,,MONITOR,Recurring financial obligations contribute to monthly pressure.,
176,2026-11-01,0.001804107571583956,LOW,STABLE,SAVINGS_REINFORCEMENT,4,,MONITOR,Spending is growing faster than the configured threshold. | Spending is above the user's historical baseline. | Recurring financial obligations contribute to monthly pressure.,
177,2026-11-01,0.0019458902777723876,LOW,STABLE,SAVINGS_REINFORCEMENT,4,,MONITOR,Expense pressure is elevated. | Spending is above the user's historical baseline. | Recurring financial obligations contribute to monthly pressure.,
178,2026-11-01,0.00211950252510826,LOW,STABLE,SAVINGS_REINFORCEMENT,4,,MONITOR,Recurring financial obligations contribute to monthly pressure.,
179,2026-11-01,0.002368461943435451,LOW,STABLE,SAVINGS_REINFORCEMENT,4,,MONITOR,Spending is growing faster than the configured threshold. | Spending is above the user's historical baseline. | Recurring financial obligations contribute to monthly pressure.,
180,2026-11-01,0.0036292218064303237,LOW,STABLE,SAVINGS_REINFORCEMENT,4,,MONITOR,Expense pressure is elevated. | Recurring financial obligations contribute to monthly pressure.,
181,2026-11-01,0.0017230427458543411,LOW,STABLE,SAVINGS_REINFORCEMENT,4,,MONITOR,Recurring financial obligations contribute to monthly pressure.,
182,2026-11-01,0.0018242353861718005,LOW,STABLE,SAVINGS_REINFORCEMENT,4,,MONITOR,Recurring financial obligations contribute to monthly pressure.,
183,2026-11-01,0.0018509945746448258,LOW,STABLE,SAVINGS_REINFORCEMENT,4,,MONITOR,Recurring financial obligations contribute to monthly pressure.,
184,2026-11-01,0.0026947644504042214,LOW,STABLE,SAVINGS_REINFORCEMENT,4,,MONITOR,Expense pressure is elevated. | Spending is growing faster than the configured threshold. | Recurring financial obligations contribute to monthly pressure.,
185,2026-11-01,0.0016156251408686359,LOW,STABLE,SAVINGS_REINFORCEMENT,4,,MONITOR,Recurring financial obligations contribute to monthly pressure.,
186,2026-11-01,0.001579851067749527,LOW,STABLE,SAVINGS_REINFORCEMENT,4,,MONITOR,Recurring financial obligations contribute to monthly pressure.,
187,2026-11-01,0.0018680234543847498,LOW,STABLE,SAVINGS_REINFORCEMENT,4,,MONITOR,Expense pressure is elevated. | Recurring financial obligations contribute to monthly pressure.,
188,2026-11-01,0.0015933522497110254,LOW,STABLE,SAVINGS_REINFORCEMENT,4,,MONITOR,Spending is growing faster than the configured threshold. | Spending is above the user's historical baseline. | Recurring financial obligations contribute to monthly pressure.,
189,2026-11-01,0.002295476395168635,LOW,STABLE,SAVINGS_REINFORCEMENT,4,,MONITOR,Recurring financial obligations contribute to monthly pressure.,
190,2026-11-01,0.002959801848234057,LOW,STABLE,SAVINGS_REINFORCEMENT,4,,MONITOR,Expense pressure is elevated. | Spending is above the user's historical baseline. | Recurring financial obligations contribute to monthly pressure.,
191,2026-11-01,0.0022624340897856995,LOW,STABLE,SAVINGS_REINFORCEMENT,4,,MONITOR,Expense pressure is elevated. | Spending is growing faster than the configured threshold. | Spending is above the user's historical baseline. | Recurring financial obligations contribute to monthly pressure.,
192,2026-11-01,0.002219470407263682,LOW,STABLE,SAVINGS_REINFORCEMENT,4,,MONITOR,Recurring financial obligations contribute to monthly pressure.,
193,2026-11-01,0.002287456670765181,LOW,STABLE,SAVINGS_REINFORCEMENT,4,,MONITOR,Spending is above the user's historical baseline. | Recurring financial obligations contribute to monthly pressure.,
194,2026-11-01,0.0025961016428987177,LOW,STABLE,SAVINGS_REINFORCEMENT,4,,MONITOR,Expense pressure is elevated. | Spending is growing faster than the configured threshold. | Spending is above the user's historical baseline. | Recurring financial obligations contribute to monthly pressure.,
195,2026-11-01,0.020032488304323838,LOW,STABLE,SAVINGS_REINFORCEMENT,4,,MONITOR,Expense pressure is elevated. | Recurring financial obligations contribute to monthly pressure.,
196,2026-11-01,0.0017193572496457092,LOW,STABLE,SAVINGS_REINFORCEMENT,4,,MONITOR,Spending is above the user's historical baseline. | Recurring financial obligations contribute to monthly pressure.,
197,2026-11-01,0.001645390543265002,LOW,STABLE,SAVINGS_REINFORCEMENT,4,,MONITOR,Recurring financial obligations contribute to monthly pressure.,
198,2026-11-01,0.001982494264951961,LOW,STABLE,SAVINGS_REINFORCEMENT,4,,MONITOR,Recurring financial obligations contribute to monthly pressure.,
199,2026-11-01,0.0019185750627543144,LOW,STABLE,SAVINGS_REINFORCEMENT,4,,MONITOR,Spending is growing faster than the configured threshold. | Recurring financial obligations contribute to monthly pressure.,
200,2026-11-01,0.00270769644463709,LOW,STABLE,SAVINGS_REINFORCEMENT,4,,MONITOR,Expense pressure is elevated. | Spending is above the user's historical baseline. | Recurring financial obligations contribute to monthly pressure.,
201,2026-11-01,0.0019509685567297825,LOW,STABLE,SAVINGS_REINFORCEMENT,4,,MONITOR,Recurring financial obligations contribute to monthly pressure.,
202,2026-11-01,0.0017050530175446318,LOW,STABLE,SAVINGS_REINFORCEMENT,4,,MONITOR,Recurring financial obligations contribute to monthly pressure.,
203,2026-11-01,0.0019069806680029645,LOW,OBLIGATION_PRESSURE,SAVINGS_REINFORCEMENT,4,,MONITOR,Expense pressure is elevated. | Spending is growing faster than the configured threshold. | Spending is above the user's historical baseline. | Recurring financial obligations contribute to monthly pressure. | The recent balance trajectory is declining.,
204,2026-11-01,0.004419223857858636,LOW,OBLIGATION_PRESSURE,SAVINGS_REINFORCEMENT,4,,MONITOR,Expense pressure is elevated. | Spending is growing faster than the configured threshold. | Spending is above the user's historical baseline. | Recurring financial obligations contribute to monthly pressure. | The recent balance trajectory is declining.,
205,2026-11-01,0.001972317444779792,LOW,STABLE,SAVINGS_REINFORCEMENT,4,,MONITOR,Spending is growing faster than the configured threshold. | Spending is above the user's historical baseline. | Recurring financial obligations contribute to monthly pressure.,
206,2026-11-01,0.001993684156661248,LOW,OBLIGATION_PRESSURE,SAVINGS_REINFORCEMENT,4,,MONITOR,Expense pressure is elevated. | Spending is growing faster than the configured threshold. | Spending is above the user's historical baseline. | Recurring financial obligations contribute to monthly pressure. | The recent balance trajectory is declining.,
207,2026-11-01,0.007244963103533372,LOW,STABLE,SAVINGS_REINFORCEMENT,4,,MONITOR,Expense pressure is elevated. | Spending is above the user's historical baseline. | Recurring financial obligations contribute to monthly pressure.,
208,2026-11-01,0.0020606171369571625,LOW,STABLE,SAVINGS_REINFORCEMENT,4,,MONITOR,Recurring financial obligations contribute to monthly pressure.,
209,2026-11-01,0.0014885217801968182,LOW,STABLE,SAVINGS_REINFORCEMENT,4,,MONITOR,Spending is growing faster than the configured threshold. | Spending is above the user's historical baseline. | Recurring financial obligations contribute to monthly pressure.,
210,2026-11-01,0.001603642854462077,LOW,STABLE,SAVINGS_REINFORCEMENT,4,,MONITOR,Recurring financial obligations contribute to monthly pressure.,
211,2026-11-01,0.002449482511631588,LOW,STABLE,SAVINGS_REINFORCEMENT,4,,MONITOR,Recurring financial obligations contribute to monthly pressure.,
212,2026-11-01,0.0017211581563599692,LOW,STABLE,SAVINGS_REINFORCEMENT,4,,MONITOR,Spending is growing faster than the configured threshold. | Spending is above the user's historical baseline. | Recurring financial obligations contribute to monthly pressure.,
213,2026-11-01,0.0028068612321891125,LOW,STABLE,SAVINGS_REINFORCEMENT,4,,MONITOR,Expense pressure is elevated. | Recurring financial obligations contribute to monthly pressure.,
214,2026-11-01,0.001536357501389285,LOW,STABLE,SAVINGS_REINFORCEMENT,4,,MONITOR,Recurring financial obligations contribute to monthly pressure.,
215,2026-11-01,0.0019108289523045454,LOW,STABLE,SAVINGS_REINFORCEMENT,4,,MONITOR,Spending is growing faster than the configured threshold. | Spending is above the user's historical baseline. | Recurring financial obligations contribute to monthly pressure.,
216,2026-11-01,0.0021107994508145103,LOW,STABLE,SAVINGS_REINFORCEMENT,4,,MONITOR,Spending is above the user's historical baseline. | Recurring financial obligations contribute to monthly pressure.,
217,2026-11-01,0.001730893224467077,LOW,STABLE,SAVINGS_REINFORCEMENT,4,,MONITOR,Spending is above the user's historical baseline. | Recurring financial obligations contribute to monthly pressure.,
218,2026-11-01,0.0016663852654756658,LOW,STABLE,SAVINGS_REINFORCEMENT,4,,MONITOR,Spending is above the user's historical baseline. | Recurring financial obligations contribute to monthly pressure.,
219,2026-11-01,0.0024783772980056747,LOW,STABLE,SAVINGS_REINFORCEMENT,4,,MONITOR,Recurring financial obligations contribute to monthly pressure.,
220,2026-11-01,0.003277959521812759,LOW,STABLE,SAVINGS_REINFORCEMENT,4,,MONITOR,Expense pressure is elevated. | Spending is above the user's historical baseline. | Recurring financial obligations contribute to monthly pressure.,
221,2026-11-01,0.0015587737444139893,LOW,STABLE,SAVINGS_REINFORCEMENT,4,,MONITOR,Spending is growing faster than the configured threshold. | Recurring financial obligations contribute to monthly pressure.,
222,2026-11-01,0.0022507903513719557,LOW,STABLE,SAVINGS_REINFORCEMENT,4,,MONITOR,Expense pressure is elevated. | Spending is growing faster than the configured threshold. | Spending is above the user's historical baseline. | Recurring financial obligations contribute to monthly pressure.,
223,2026-11-01,0.001967286046131945,LOW,STABLE,SAVINGS_REINFORCEMENT,4,,MONITOR,Recurring financial obligations contribute to monthly pressure.,
224,2026-11-01,0.0016209705376914363,LOW,STABLE,SAVINGS_REINFORCEMENT,4,,MONITOR,Recurring financial obligations contribute to monthly pressure.,
225,2026-11-01,0.002279310016560108,LOW,OBLIGATION_PRESSURE,SAVINGS_REINFORCEMENT,4,,MONITOR,Expense pressure is elevated. | Spending is growing faster than the configured threshold. | Spending is above the user's historical baseline. | Recurring financial obligations contribute to monthly pressure. | The recent balance trajectory is declining.,
226,2026-11-01,0.00196674808233744,LOW,STABLE,SAVINGS_REINFORCEMENT,4,,MONITOR,Recurring financial obligations contribute to monthly pressure.,
227,2026-11-01,0.0017683587116435547,LOW,STABLE,SAVINGS_REINFORCEMENT,4,,MONITOR,Recurring financial obligations contribute to monthly pressure.,
228,2026-11-01,0.002326572579091086,LOW,STABLE,SAVINGS_REINFORCEMENT,4,,MONITOR,Recurring financial obligations contribute to monthly pressure.,
229,2026-11-01,0.02287738750507251,LOW,STABLE,SAVINGS_REINFORCEMENT,4,,MONITOR,Cash buffer is below 50% of the reference level. | Spending is growing faster than the configured threshold. | Spending is above the user's historical baseline. | Recurring financial obligations contribute to monthly pressure.,
230,2026-11-01,0.002515864213710122,LOW,STABLE,SAVINGS_REINFORCEMENT,4,,MONITOR,Recurring financial obligations contribute to monthly pressure.,
231,2026-11-01,0.0026457606132982954,LOW,STABLE,SAVINGS_REINFORCEMENT,4,,MONITOR,Expense pressure is elevated. | Recurring financial obligations contribute to monthly pressure.,
232,2026-11-01,0.003983603473973555,LOW,STABLE,SAVINGS_REINFORCEMENT,4,,MONITOR,Expense pressure is elevated. | Spending is growing faster than the configured threshold. | Spending is above the user's historical baseline. | Recurring financial obligations contribute to monthly pressure.,
233,2026-11-01,0.0019955892171038612,LOW,STABLE,SAVINGS_REINFORCEMENT,4,,MONITOR,Recurring financial obligations contribute to monthly pressure.,
234,2026-11-01,0.0017730777067377843,LOW,STABLE,SAVINGS_REINFORCEMENT,4,,MONITOR,Spending is above the user's historical baseline. | Recurring financial obligations contribute to monthly pressure.,
235,2026-11-01,0.0016117658948940447,LOW,STABLE,SAVINGS_REINFORCEMENT,4,,MONITOR,Spending is growing faster than the configured threshold. | Recurring financial obligations contribute to monthly pressure.,
236,2026-11-01,0.0017217349707804204,LOW,STABLE,SAVINGS_REINFORCEMENT,4,,MONITOR,Recurring financial obligations contribute to monthly pressure.,
237,2026-11-01,0.005332833544688368,LOW,SPENDING_PRESSURE,SAVINGS_REINFORCEMENT,4,,MONITOR,Expense pressure is elevated. | Spending is growing faster than the configured threshold. | Spending is above the user's historical baseline. | Recurring financial obligations contribute to monthly pressure. | The recent balance trajectory is declining.,
238,2026-11-01,0.011738953320373967,LOW,LIQUIDITY_PRESSURE,SAVINGS_REINFORCEMENT,4,,MONITOR,Cash buffer is below 50% of the reference level. | Expense pressure is elevated. | Spending is growing faster than the configured threshold. | Spending is above the user's historical baseline. | Recurring financial obligations contribute to monthly pressure.,
239,2026-11-01,0.0018761784124199754,LOW,STABLE,SAVINGS_REINFORCEMENT,4,,MONITOR,Recurring financial obligations contribute to monthly pressure.,
240,2026-11-01,0.002700285532717016,LOW,STABLE,SAVINGS_REINFORCEMENT,4,,MONITOR,Recurring financial obligations contribute to monthly pressure.,
241,2026-11-01,0.0023403862438906675,LOW,STABLE,SAVINGS_REINFORCEMENT,4,,MONITOR,Expense pressure is elevated. | Spending is growing faster than the configured threshold. | Spending is above the user's historical baseline. | Recurring financial obligations contribute to monthly pressure.,
242,2026-11-01,0.0020308591789149335,LOW,SPENDING_PRESSURE,SAVINGS_REINFORCEMENT,4,,MONITOR,Expense pressure is elevated. | Spending is growing faster than the configured threshold. | Spending is above the user's historical baseline. | Recurring financial obligations contribute to monthly pressure.,
243,2026-11-01,0.0013981980320686533,LOW,STABLE,SAVINGS_REINFORCEMENT,4,,MONITOR,Recurring financial obligations contribute to monthly pressure.,
244,2026-11-01,0.0019677671244482634,LOW,STABLE,SAVINGS_REINFORCEMENT,4,,MONITOR,Spending is growing faster than the configured threshold. | Spending is above the user's historical baseline. | Recurring financial obligations contribute to monthly pressure.,
245,2026-11-01,0.0016372870283283525,LOW,STABLE,SAVINGS_REINFORCEMENT,4,,MONITOR,Spending is growing faster than the configured threshold. | Spending is above the user's historical baseline. | Recurring financial obligations contribute to monthly pressure.,
246,2026-11-01,0.0022839167778632265,LOW,STABLE,SAVINGS_REINFORCEMENT,4,,MONITOR,Spending is growing faster than the configured threshold. | Spending is above the user's historical baseline. | Recurring financial obligations contribute to monthly pressure.,
247,2026-11-01,0.0022282874219542634,LOW,SPENDING_PRESSURE,SAVINGS_REINFORCEMENT,4,,MONITOR,Expense pressure is elevated. | Spending is growing faster than the configured threshold. | Spending is above the user's historical baseline. | Recurring financial obligations contribute to monthly pressure.,
248,2026-11-01,0.00262458055781145,LOW,STABLE,SAVINGS_REINFORCEMENT,4,,MONITOR,Recurring financial obligations contribute to monthly pressure.,
249,2026-11-01,0.0021661006042425104,LOW,STABLE,SAVINGS_REINFORCEMENT,4,,MONITOR,Expense pressure is elevated. | Recurring financial obligations contribute to monthly pressure.,
250,2026-11-01,0.0018406968040084394,LOW,STABLE,SAVINGS_REINFORCEMENT,4,,MONITOR,Spending is above the user's historical baseline. | Recurring financial obligations contribute to monthly pressure.,
251,2026-11-01,0.0017178912730904292,LOW,STABLE,SAVINGS_REINFORCEMENT,4,,MONITOR,Spending is growing faster than the configured threshold. | Spending is above the user's historical baseline. | Recurring financial obligations contribute to monthly pressure.,
252,2026-11-01,0.0020058582005357604,LOW,STABLE,SAVINGS_REINFORCEMENT,4,,MONITOR,Spending is growing faster than the configured threshold. | Spending is above the user's historical baseline. | Recurring financial obligations contribute to monthly pressure.,
253,2026-11-01,0.0022394565501422923,LOW,STABLE,SAVINGS_REINFORCEMENT,4,,MONITOR,Recurring financial obligations contribute to monthly pressure.,
254,2026-11-01,0.0021756660705523575,LOW,STABLE,SAVINGS_REINFORCEMENT,4,,MONITOR,Spending is growing faster than the configured threshold. | Recurring financial obligations contribute to monthly pressure.,
255,2026-11-01,0.0014701741781893523,LOW,STABLE,SAVINGS_REINFORCEMENT,4,,MONITOR,Spending is growing faster than the configured threshold. | Spending is above the user's historical baseline. | Recurring financial obligations contribute to monthly pressure.,
256,2026-11-01,0.0019470225304350764,LOW,STABLE,SAVINGS_REINFORCEMENT,4,,MONITOR,Recurring financial obligations contribute to monthly pressure.,
257,2026-11-01,0.0016301365383438453,LOW,STABLE,SAVINGS_REINFORCEMENT,4,,MONITOR,Spending is growing faster than the configured threshold. | Spending is above the user's historical baseline. | Recurring financial obligations contribute to monthly pressure.,
258,2026-11-01,0.0021146915570215657,LOW,STABLE,SAVINGS_REINFORCEMENT,4,,MONITOR,Expense pressure is elevated. | Spending is growing faster than the configured threshold. | Spending is above the user's historical baseline. | Recurring financial obligations contribute to monthly pressure.,
259,2026-11-01,0.0020966442579987915,LOW,STABLE,SAVINGS_REINFORCEMENT,4,,MONITOR,Spending is above the user's historical baseline. | Recurring financial obligations contribute to monthly pressure.,
260,2026-11-01,0.0023209466263710288,LOW,STABLE,SAVINGS_REINFORCEMENT,4,,MONITOR,Expense pressure is elevated. | Recurring financial obligations contribute to monthly pressure.,
261,2026-11-01,0.00303181526505862,LOW,STABLE,SAVINGS_REINFORCEMENT,4,,MONITOR,Spending is above the user's historical baseline. | Recurring financial obligations contribute to monthly pressure.,
262,2026-11-01,0.001874412055133156,LOW,STABLE,SAVINGS_REINFORCEMENT,4,,MONITOR,Expense pressure is elevated. | Spending is above the user's historical baseline. | Recurring financial obligations contribute to monthly pressure.,
263,2026-11-01,0.022391703693299958,LOW,STABLE,SAVINGS_REINFORCEMENT,4,,MONITOR,Expense pressure is elevated. | Spending is growing faster than the configured threshold. | Spending is above the user's historical baseline. | Recurring financial obligations contribute to monthly pressure.,
264,2026-11-01,0.0017813983844199729,LOW,STABLE,SAVINGS_REINFORCEMENT,4,,MONITOR,Spending is growing faster than the configured threshold. | Recurring financial obligations contribute to monthly pressure.,
265,2026-11-01,0.001832670990837527,LOW,STABLE,SAVINGS_REINFORCEMENT,4,,MONITOR,Spending is growing faster than the configured threshold. | Spending is above the user's historical baseline. | Recurring financial obligations contribute to monthly pressure.,
266,2026-11-01,0.0018340796316845113,LOW,STABLE,SAVINGS_REINFORCEMENT,4,,MONITOR,Spending is above the user's historical baseline. | Recurring financial obligations contribute to monthly pressure.,
267,2026-11-01,0.0021685876978987362,LOW,STABLE,SAVINGS_REINFORCEMENT,4,,MONITOR,Recurring financial obligations contribute to monthly pressure.,
268,2026-11-01,0.0021882424398529353,LOW,STABLE,SAVINGS_REINFORCEMENT,4,,MONITOR,Expense pressure is elevated. | Spending is growing faster than the configured threshold. | Spending is above the user's historical baseline. | Recurring financial obligations contribute to monthly pressure.,
269,2026-11-01,0.0017130565354601796,LOW,STABLE,SAVINGS_REINFORCEMENT,4,,MONITOR,Recurring financial obligations contribute to monthly pressure.,
270,2026-11-01,0.0013122965138916375,LOW,STABLE,SAVINGS_REINFORCEMENT,4,,MONITOR,Recurring financial obligations contribute to monthly pressure.,
271,2026-11-01,0.0016539263333924877,LOW,STABLE,SAVINGS_REINFORCEMENT,4,,MONITOR,Recurring financial obligations contribute to monthly pressure.,
272,2026-11-01,0.0015172636667436575,LOW,STABLE,SAVINGS_REINFORCEMENT,4,,MONITOR,Spending is above the user's historical baseline. | Recurring financial obligations contribute to monthly pressure.,
273,2026-11-01,0.0026972845695600704,LOW,SPENDING_PRESSURE,SAVINGS_REINFORCEMENT,4,,MONITOR,Expense pressure is elevated. | Spending is growing faster than the configured threshold. | Spending is above the user's historical baseline. | Recurring financial obligations contribute to monthly pressure.,
274,2026-11-01,0.00260995219258734,LOW,STABLE,SAVINGS_REINFORCEMENT,4,,MONITOR,Recurring financial obligations contribute to monthly pressure.,
275,2026-11-01,0.001878835898231547,LOW,STABLE,SAVINGS_REINFORCEMENT,4,,MONITOR,Spending is growing faster than the configured threshold. | Spending is above the user's historical baseline. | Recurring financial obligations contribute to monthly pressure.,
276,2026-11-01,0.002794159629170787,LOW,STABLE,SAVINGS_REINFORCEMENT,4,,MONITOR,Spending is growing faster than the configured threshold. | Spending is above the user's historical baseline. | Recurring financial obligations contribute to monthly pressure.,
277,2026-11-01,0.0014545528430218366,LOW,STABLE,SAVINGS_REINFORCEMENT,4,,MONITOR,Recurring financial obligations contribute to monthly pressure.,
278,2026-11-01,0.0022626529318983783,LOW,STABLE,SAVINGS_REINFORCEMENT,4,,MONITOR,Expense pressure is elevated. | Recurring financial obligations contribute to monthly pressure.,
279,2026-11-01,0.0027644721761386493,LOW,STABLE,SAVINGS_REINFORCEMENT,4,,MONITOR,Expense pressure is elevated. | Spending is above the user's historical baseline. | Recurring financial obligations contribute to monthly pressure.,
280,2026-11-01,0.0023780671366878323,LOW,OBLIGATION_PRESSURE,SAVINGS_REINFORCEMENT,4,,MONITOR,Expense pressure is elevated. | Spending is growing faster than the configured threshold. | Spending is above the user's historical baseline. | Recurring financial obligations contribute to monthly pressure. | The recent balance trajectory is declining.,
281,2026-11-01,0.0015218735782351338,LOW,STABLE,SAVINGS_REINFORCEMENT,4,,MONITOR,Spending is above the user's historical baseline. | Recurring financial obligations contribute to monthly pressure.,
282,2026-11-01,0.0016572668319034419,LOW,STABLE,SAVINGS_REINFORCEMENT,4,,MONITOR,Spending is growing faster than the configured threshold. | Spending is above the user's historical baseline. | Recurring financial obligations contribute to monthly pressure.,
283,2026-11-01,0.0016188239960000337,LOW,STABLE,SAVINGS_REINFORCEMENT,4,,MONITOR,Recurring financial obligations contribute to monthly pressure.,
284,2026-11-01,0.0016100952645956162,LOW,STABLE,SAVINGS_REINFORCEMENT,4,,MONITOR,Recurring financial obligations contribute to monthly pressure.,
285,2026-11-01,0.001978037755155599,LOW,STABLE,SAVINGS_REINFORCEMENT,4,,MONITOR,Spending is growing faster than the configured threshold. | Recurring financial obligations contribute to monthly pressure.,
286,2026-11-01,0.0018253564486043344,LOW,STABLE,SAVINGS_REINFORCEMENT,4,,MONITOR,Expense pressure is elevated. | Spending is growing faster than the configured threshold. | Spending is above the user's historical baseline. | Recurring financial obligations contribute to monthly pressure.,
287,2026-11-01,0.001519547502493258,LOW,STABLE,SAVINGS_REINFORCEMENT,4,,MONITOR,Spending is growing faster than the configured threshold. | Spending is above the user's historical baseline. | Recurring financial obligations contribute to monthly pressure.,
288,2026-11-01,0.0030350842950692984,LOW,STABLE,SAVINGS_REINFORCEMENT,4,,MONITOR,Recurring financial obligations contribute to monthly pressure.,
289,2026-11-01,0.0024758871076593168,LOW,STABLE,SAVINGS_REINFORCEMENT,4,,MONITOR,Recurring financial obligations contribute to monthly pressure.,
290,2026-11-01,0.0027308752712597124,LOW,STABLE,SAVINGS_REINFORCEMENT,4,,MONITOR,Recurring financial obligations contribute to monthly pressure.,
291,2026-11-01,0.0018368413707670742,LOW,STABLE,SAVINGS_REINFORCEMENT,4,,MONITOR,Recurring financial obligations contribute to monthly pressure.,
292,2026-11-01,0.002149750295368357,LOW,STABLE,SAVINGS_REINFORCEMENT,4,,MONITOR,Recurring financial obligations contribute to monthly pressure.,
293,2026-11-01,0.0015841301886037305,LOW,STABLE,SAVINGS_REINFORCEMENT,4,,MONITOR,Recurring financial obligations contribute to monthly pressure.,
294,2026-11-01,0.0020968058104620635,LOW,STABLE,SAVINGS_REINFORCEMENT,4,,MONITOR,Recurring financial obligations contribute to monthly pressure.,
295,2026-11-01,0.0026414722301254133,LOW,STABLE,SAVINGS_REINFORCEMENT,4,,MONITOR,Recurring financial obligations contribute to monthly pressure.,
296,2026-11-01,0.002704039822661773,LOW,STABLE,SAVINGS_REINFORCEMENT,4,,MONITOR,Expense pressure is elevated. | Spending is growing faster than the configured threshold. | Spending is above the user's historical baseline. | Recurring financial obligations contribute to monthly pressure.,
297,2026-11-01,0.002307614757806376,LOW,STABLE,SAVINGS_REINFORCEMENT,4,,MONITOR,Spending is growing faster than the configured threshold. | Recurring financial obligations contribute to monthly pressure.,
298,2026-11-01,0.001544093467464536,LOW,STABLE,SAVINGS_REINFORCEMENT,4,,MONITOR,Recurring financial obligations contribute to monthly pressure.,
299,2026-11-01,0.001737941805192205,LOW,STABLE,SAVINGS_REINFORCEMENT,4,,MONITOR,Recurring financial obligations contribute to monthly pressure.,
300,2026-11-01,0.002469713189060081,LOW,STABLE,SAVINGS_REINFORCEMENT,4,,MONITOR,Expense pressure is elevated. | Spending is growing faster than the configured threshold. | Recurring financial obligations contribute to monthly pressure.,
301,2026-11-01,0.001742332397473529,LOW,STABLE,SAVINGS_REINFORCEMENT,4,,MONITOR,Expense pressure is elevated. | Spending is growing faster than the configured threshold. | Spending is above the user's historical baseline. | Recurring financial obligations contribute to monthly pressure.,
302,2026-11-01,0.0018142162710803474,LOW,STABLE,SAVINGS_REINFORCEMENT,4,,MONITOR,Spending is above the user's historical baseline. | Recurring financial obligations contribute to monthly pressure.,
303,2026-11-01,0.002482982564957986,LOW,STABLE,SAVINGS_REINFORCEMENT,4,,MONITOR,Recurring financial obligations contribute to monthly pressure.,
304,2026-11-01,0.001710193504029885,LOW,STABLE,SAVINGS_REINFORCEMENT,4,,MONITOR,Spending is above the user's historical baseline. | Recurring financial obligations contribute to monthly pressure.,
305,2026-11-01,0.0019409179976083407,LOW,STABLE,SAVINGS_REINFORCEMENT,4,,MONITOR,Recurring financial obligations contribute to monthly pressure.,
306,2026-11-01,0.0015354884848913005,LOW,STABLE,SAVINGS_REINFORCEMENT,4,,MONITOR,Recurring financial obligations contribute to monthly pressure.,
307,2026-11-01,0.002081248931101982,LOW,STABLE,SAVINGS_REINFORCEMENT,4,,MONITOR,Spending is growing faster than the configured threshold. | Recurring financial obligations contribute to monthly pressure.,
308,2026-11-01,0.0018996882081249132,LOW,STABLE,SAVINGS_REINFORCEMENT,4,,MONITOR,Spending is growing faster than the configured threshold. | Recurring financial obligations contribute to monthly pressure.,
309,2026-11-01,0.00281438577501277,LOW,STABLE,SAVINGS_REINFORCEMENT,4,,MONITOR,Spending is above the user's historical baseline. | Recurring financial obligations contribute to monthly pressure.,
310,2026-11-01,0.0014759781549453246,LOW,STABLE,SAVINGS_REINFORCEMENT,4,,MONITOR,Recurring financial obligations contribute to monthly pressure.,
311,2026-11-01,0.001660102983600066,LOW,STABLE,SAVINGS_REINFORCEMENT,4,,MONITOR,Spending is growing faster than the configured threshold. | Recurring financial obligations contribute to monthly pressure.,
312,2026-11-01,0.0017982713600080767,LOW,STABLE,SAVINGS_REINFORCEMENT,4,,MONITOR,Recurring financial obligations contribute to monthly pressure.,
314,2026-11-01,0.0016158271068397855,LOW,STABLE,SAVINGS_REINFORCEMENT,4,,MONITOR,Spending is growing faster than the configured threshold. | Recurring financial obligations contribute to monthly pressure.,
315,2026-11-01,0.0018425345523294685,LOW,STABLE,SAVINGS_REINFORCEMENT,4,,MONITOR,Recurring financial obligations contribute to monthly pressure.,
316,2026-11-01,0.0017256692874234598,LOW,STABLE,SAVINGS_REINFORCEMENT,4,,MONITOR,Recurring financial obligations contribute to monthly pressure.,
317,2026-11-01,0.0018111622499780659,LOW,STABLE,SAVINGS_REINFORCEMENT,4,,MONITOR,Spending is growing faster than the configured threshold. | Recurring financial obligations contribute to monthly pressure.,
318,2026-11-01,0.0023265714806832176,LOW,OBLIGATION_PRESSURE,SAVINGS_REINFORCEMENT,4,,MONITOR,Expense pressure is elevated. | Recurring financial obligations contribute to monthly pressure. | The recent balance trajectory is declining.,
319,2026-11-01,0.0031926729595619955,LOW,STABLE,SAVINGS_REINFORCEMENT,4,,MONITOR,Expense pressure is elevated. | Spending is growing faster than the configured threshold. | Spending is above the user's historical baseline. | Recurring financial obligations contribute to monthly pressure.,
320,2026-11-01,0.0020410889122706223,LOW,STABLE,SAVINGS_REINFORCEMENT,4,,MONITOR,Recurring financial obligations contribute to monthly pressure.,
321,2026-11-01,0.001355637226677363,LOW,STABLE,SAVINGS_REINFORCEMENT,4,,MONITOR,Recurring financial obligations contribute to monthly pressure.,
322,2026-11-01,0.0020953275836492974,LOW,STABLE,SAVINGS_REINFORCEMENT,4,,MONITOR,Recurring financial obligations contribute to monthly pressure.,
323,2026-11-01,0.0022094946711632923,LOW,STABLE,SAVINGS_REINFORCEMENT,4,,MONITOR,Recurring financial obligations contribute to monthly pressure.,
324,2026-11-01,0.002033894584586901,LOW,STABLE,SAVINGS_REINFORCEMENT,4,,MONITOR,Spending is growing faster than the configured threshold. | Spending is above the user's historical baseline. | Recurring financial obligations contribute to monthly pressure.,
325,2026-11-01,0.0015059293938637617,LOW,STABLE,SAVINGS_REINFORCEMENT,4,,MONITOR,Spending is above the user's historical baseline. | Recurring financial obligations contribute to monthly pressure.,
326,2026-11-01,0.0020943471189700884,LOW,STABLE,SAVINGS_REINFORCEMENT,4,,MONITOR,Recurring financial obligations contribute to monthly pressure.,
327,2026-11-01,0.003823239724030261,LOW,STABLE,SAVINGS_REINFORCEMENT,4,,MONITOR,Expense pressure is elevated. | Recurring financial obligations contribute to monthly pressure.,
328,2026-11-01,0.001623848073925925,LOW,STABLE,SAVINGS_REINFORCEMENT,4,,MONITOR,Spending is growing faster than the configured threshold. | Spending is above the user's historical baseline. | Recurring financial obligations contribute to monthly pressure.,
329,2026-11-01,0.002306592168672518,LOW,STABLE,SAVINGS_REINFORCEMENT,4,,MONITOR,Recurring financial obligations contribute to monthly pressure.,
330,2026-11-01,0.001914322597497152,LOW,STABLE,SAVINGS_REINFORCEMENT,4,,MONITOR,Spending is above the user's historical baseline. | Recurring financial obligations contribute to monthly pressure.,
331,2026-11-01,0.0022112224193046237,LOW,STABLE,SAVINGS_REINFORCEMENT,4,,MONITOR,Expense pressure is elevated. | Spending is above the user's historical baseline. | Recurring financial obligations contribute to monthly pressure.,
332,2026-11-01,0.0035181929373864092,LOW,STABLE,SAVINGS_REINFORCEMENT,4,,MONITOR,Expense pressure is elevated. | Recurring financial obligations contribute to monthly pressure.,
333,2026-11-01,0.006215969893131214,LOW,STABLE,SAVINGS_REINFORCEMENT,4,,MONITOR,Expense pressure is elevated. | Recurring financial obligations contribute to monthly pressure.,
334,2026-11-01,0.0021490447533220594,LOW,STABLE,SAVINGS_REINFORCEMENT,4,,MONITOR,Spending is above the user's historical baseline. | Recurring financial obligations contribute to monthly pressure.,
335,2026-11-01,0.0015401662768346857,LOW,STABLE,SAVINGS_REINFORCEMENT,4,,MONITOR,Spending is growing faster than the configured threshold. | Spending is above the user's historical baseline. | Recurring financial obligations contribute to monthly pressure.,
336,2026-11-01,0.01617896666491147,LOW,STABLE,SAVINGS_REINFORCEMENT,4,,MONITOR,Spending is growing faster than the configured threshold. | Recurring financial obligations contribute to monthly pressure.,
337,2026-11-01,0.001707895445048745,LOW,STABLE,SAVINGS_REINFORCEMENT,4,,MONITOR,Recurring financial obligations contribute to monthly pressure.,
338,2026-11-01,0.002860645065117634,LOW,STABLE,SAVINGS_REINFORCEMENT,4,,MONITOR,Expense pressure is elevated. | Recurring financial obligations contribute to monthly pressure.,
339,2026-11-01,0.002263850465165209,LOW,STABLE,SAVINGS_REINFORCEMENT,4,,MONITOR,Spending is above the user's historical baseline. | Recurring financial obligations contribute to monthly pressure.,
340,2026-11-01,0.002363832714337952,LOW,STABLE,SAVINGS_REINFORCEMENT,4,,MONITOR,Recurring financial obligations contribute to monthly pressure.,
341,2026-11-01,0.7416847980819378,HIGH,LIQUIDITY_PRESSURE,LIQUIDITY_PROTECTION,1,,RULE_BASED_RECOMMENDATION,Cash buffer is below 50% of the reference level. | Expense pressure is elevated. | Recurring financial obligations contribute to monthly pressure. | The recent balance trajectory is declining.,
342,2026-11-01,0.0016380814391522738,LOW,STABLE,SAVINGS_REINFORCEMENT,4,,MONITOR,Spending is above the user's historical baseline. | Recurring financial obligations contribute to monthly pressure.,
343,2026-11-01,0.0019172120590505361,LOW,STABLE,SAVINGS_REINFORCEMENT,4,,MONITOR,Spending is above the user's historical baseline. | Recurring financial obligations contribute to monthly pressure.,
344,2026-11-01,0.0015139765661450835,LOW,STABLE,SAVINGS_REINFORCEMENT,4,,MONITOR,Spending is growing faster than the configured threshold. | Spending is above the user's historical baseline. | Recurring financial obligations contribute to monthly pressure.,
345,2026-11-01,0.0014934684460124708,LOW,STABLE,SAVINGS_REINFORCEMENT,4,,MONITOR,Recurring financial obligations contribute to monthly pressure.,
346,2026-11-01,0.0015975898182630486,LOW,STABLE,SAVINGS_REINFORCEMENT,4,,MONITOR,Recurring financial obligations contribute to monthly pressure.,
347,2026-11-01,0.001407397971445127,LOW,STABLE,SAVINGS_REINFORCEMENT,4,,MONITOR,Recurring financial obligations contribute to monthly pressure.,
348,2026-11-01,0.0014951144077485305,LOW,STABLE,SAVINGS_REINFORCEMENT,4,,MONITOR,Recurring financial obligations contribute to monthly pressure.,
349,2026-11-01,0.0014803546088170859,LOW,STABLE,SAVINGS_REINFORCEMENT,4,,MONITOR,Recurring financial obligations contribute to monthly pressure.,
350,2026-11-01,0.0021917681532715363,LOW,STABLE,SAVINGS_REINFORCEMENT,4,,MONITOR,Recurring financial obligations contribute to monthly pressure.,
351,2026-11-01,0.002069484023599965,LOW,STABLE,SAVINGS_REINFORCEMENT,4,,MONITOR,Spending is above the user's historical baseline. | Recurring financial obligations contribute to monthly pressure.,
352,2026-11-01,0.00280955401358402,LOW,STABLE,SAVINGS_REINFORCEMENT,4,,MONITOR,Recurring financial obligations contribute to monthly pressure.,
353,2026-11-01,0.0017177791186436166,LOW,STABLE,SAVINGS_REINFORCEMENT,4,,MONITOR,Recurring financial obligations contribute to monthly pressure.,
354,2026-11-01,0.0021968846621687695,LOW,STABLE,SAVINGS_REINFORCEMENT,4,,MONITOR,Spending is above the user's historical baseline. | Recurring financial obligations contribute to monthly pressure.,
355,2026-11-01,0.0016877388940160641,LOW,STABLE,SAVINGS_REINFORCEMENT,4,,MONITOR,Expense pressure is elevated. | Recurring financial obligations contribute to monthly pressure.,
356,2026-11-01,0.0016737311709762582,LOW,STABLE,SAVINGS_REINFORCEMENT,4,,MONITOR,Recurring financial obligations contribute to monthly pressure.,
357,2026-11-01,0.0058425421655239375,LOW,STABLE,SAVINGS_REINFORCEMENT,4,,MONITOR,Expense pressure is elevated. | Recurring financial obligations contribute to monthly pressure.,
358,2026-11-01,0.07136250293560525,LOW,LIQUIDITY_PRESSURE,SAVINGS_REINFORCEMENT,4,,MONITOR,Cash buffer is below 50% of the reference level. | Expense pressure is elevated. | Recurring financial obligations contribute to monthly pressure.,
359,2026-11-01,0.0023735486718389895,LOW,STABLE,SAVINGS_REINFORCEMENT,4,,MONITOR,Expense pressure is elevated. | Spending is growing faster than the configured threshold. | Spending is above the user's historical baseline. | Recurring financial obligations contribute to monthly pressure.,
360,2026-11-01,0.0027446913187176587,LOW,STABLE,SAVINGS_REINFORCEMENT,4,,MONITOR,Expense pressure is elevated. | Recurring financial obligations contribute to monthly pressure.,
361,2026-11-01,0.01896078247353829,LOW,STABLE,SAVINGS_REINFORCEMENT,4,,MONITOR,Expense pressure is elevated. | Recurring financial obligations contribute to monthly pressure.,
362,2026-11-01,0.007447640322853314,LOW,OBLIGATION_PRESSURE,SAVINGS_REINFORCEMENT,4,,MONITOR,Expense pressure is elevated. | Spending is above the user's historical baseline. | Recurring financial obligations contribute to monthly pressure. | The recent balance trajectory is declining.,
363,2026-11-01,0.0019477328919771774,LOW,STABLE,SAVINGS_REINFORCEMENT,4,,MONITOR,Spending is growing faster than the configured threshold. | Spending is above the user's historical baseline. | Recurring financial obligations contribute to monthly pressure.,
364,2026-11-01,0.002194774238978093,LOW,STABLE,SAVINGS_REINFORCEMENT,4,,MONITOR,Expense pressure is elevated. | Recurring financial obligations contribute to monthly pressure.,
365,2026-11-01,0.0017158496913778018,LOW,STABLE,SAVINGS_REINFORCEMENT,4,,MONITOR,Recurring financial obligations contribute to monthly pressure.,
366,2026-11-01,0.003218925687380271,LOW,STABLE,SAVINGS_REINFORCEMENT,4,,MONITOR,Expense pressure is elevated. | Recurring financial obligations contribute to monthly pressure.,
367,2026-11-01,0.0019199126367969784,LOW,STABLE,SAVINGS_REINFORCEMENT,4,,MONITOR,Recurring financial obligations contribute to monthly pressure.,
368,2026-11-01,0.0024578363572986387,LOW,STABLE,SAVINGS_REINFORCEMENT,4,,MONITOR,Spending is growing faster than the configured threshold. | Spending is above the user's historical baseline. | Recurring financial obligations contribute to monthly pressure.,
369,2026-11-01,0.0023782280270960026,LOW,STABLE,SAVINGS_REINFORCEMENT,4,,MONITOR,Expense pressure is elevated. | Recurring financial obligations contribute to monthly pressure.,
370,2026-11-01,0.0016656600710682362,LOW,STABLE,SAVINGS_REINFORCEMENT,4,,MONITOR,Recurring financial obligations contribute to monthly pressure.,
371,2026-11-01,0.0019381487678535234,LOW,STABLE,SAVINGS_REINFORCEMENT,4,,MONITOR,Recurring financial obligations contribute to monthly pressure.,
372,2026-11-01,0.027344436620736212,LOW,STABLE,SAVINGS_REINFORCEMENT,4,,MONITOR,Expense pressure is elevated. | Recurring financial obligations contribute to monthly pressure.,
373,2026-11-01,0.0020405929273529903,LOW,STABLE,SAVINGS_REINFORCEMENT,4,,MONITOR,Spending is above the user's historical baseline. | Recurring financial obligations contribute to monthly pressure.,
374,2026-11-01,0.0019144134558536166,LOW,STABLE,SAVINGS_REINFORCEMENT,4,,MONITOR,Recurring financial obligations contribute to monthly pressure.,
375,2026-11-01,0.0019071669096732747,LOW,STABLE,SAVINGS_REINFORCEMENT,4,,MONITOR,Recurring financial obligations contribute to monthly pressure.,
376,2026-11-01,0.0017406784089800745,LOW,STABLE,SAVINGS_REINFORCEMENT,4,,MONITOR,Recurring financial obligations contribute to monthly pressure.,
377,2026-11-01,0.0015294827223632397,LOW,STABLE,SAVINGS_REINFORCEMENT,4,,MONITOR,Spending is above the user's historical baseline. | Recurring financial obligations contribute to monthly pressure.,
378,2026-11-01,0.0018878507786558349,LOW,STABLE,SAVINGS_REINFORCEMENT,4,,MONITOR,Spending is growing faster than the configured threshold. | Recurring financial obligations contribute to monthly pressure.,
379,2026-11-01,0.0024245664352500695,LOW,STABLE,SAVINGS_REINFORCEMENT,4,,MONITOR,Spending is above the user's historical baseline. | Recurring financial obligations contribute to monthly pressure.,
380,2026-11-01,0.0015388115874098661,LOW,STABLE,SAVINGS_REINFORCEMENT,4,,MONITOR,Recurring financial obligations contribute to monthly pressure.,
381,2026-11-01,0.0019400923279867927,LOW,STABLE,SAVINGS_REINFORCEMENT,4,,MONITOR,Spending is growing faster than the configured threshold. | Recurring financial obligations contribute to monthly pressure.,
382,2026-11-01,0.0021036646443724754,LOW,OBLIGATION_PRESSURE,SAVINGS_REINFORCEMENT,4,,MONITOR,Expense pressure is elevated. | Spending is growing faster than the configured threshold. | Spending is above the user's historical baseline. | Recurring financial obligations contribute to monthly pressure. | The recent balance trajectory is declining.,
383,2026-11-01,0.0015630513687386615,LOW,STABLE,SAVINGS_REINFORCEMENT,4,,MONITOR,Recurring financial obligations contribute to monthly pressure.,
384,2026-11-01,0.001551653341569366,LOW,STABLE,SAVINGS_REINFORCEMENT,4,,MONITOR,Spending is above the user's historical baseline. | Recurring financial obligations contribute to monthly pressure.,
385,2026-11-01,0.0018942463040963066,LOW,STABLE,SAVINGS_REINFORCEMENT,4,,MONITOR,Recurring financial obligations contribute to monthly pressure.,
386,2026-11-01,0.002125378131744808,LOW,STABLE,SAVINGS_REINFORCEMENT,4,,MONITOR,Recurring financial obligations contribute to monthly pressure.,
387,2026-11-01,0.09884788674094458,LOW,LIQUIDITY_PRESSURE,SAVINGS_REINFORCEMENT,4,,MONITOR,Cash buffer is below 50% of the reference level. | Expense pressure is elevated. | Spending is growing faster than the configured threshold. | Spending is above the user's historical baseline. | Recurring financial obligations contribute to monthly pressure.,
388,2026-11-01,0.0020559492668396824,LOW,STABLE,SAVINGS_REINFORCEMENT,4,,MONITOR,Recurring financial obligations contribute to monthly pressure.,
389,2026-11-01,0.0026696578302009373,LOW,STABLE,SAVINGS_REINFORCEMENT,4,,MONITOR,Expense pressure is elevated. | Recurring financial obligations contribute to monthly pressure.,
390,2026-11-01,0.0016392609236118953,LOW,STABLE,SAVINGS_REINFORCEMENT,4,,MONITOR,Recurring financial obligations contribute to monthly pressure.,
391,2026-11-01,0.0021026467569789046,LOW,STABLE,SAVINGS_REINFORCEMENT,4,,MONITOR,Expense pressure is elevated. | Spending is above the user's historical baseline. | Recurring financial obligations contribute to monthly pressure.,
392,2026-11-01,0.0014531217953355192,LOW,STABLE,SAVINGS_REINFORCEMENT,4,,MONITOR,Recurring financial obligations contribute to monthly pressure.,
393,2026-11-01,0.0020965086846979715,LOW,STABLE,SAVINGS_REINFORCEMENT,4,,MONITOR,Spending is growing faster than the configured threshold. | Spending is above the user's historical baseline. | Recurring financial obligations contribute to monthly pressure.,
394,2026-11-01,0.002140587633530658,LOW,STABLE,SAVINGS_REINFORCEMENT,4,,MONITOR,Recurring financial obligations contribute to monthly pressure.,
395,2026-11-01,0.00213207698487884,LOW,STABLE,SAVINGS_REINFORCEMENT,4,,MONITOR,Recurring financial obligations contribute to monthly pressure.,
396,2026-11-01,0.002178745531352165,LOW,STABLE,SAVINGS_REINFORCEMENT,4,,MONITOR,Spending is growing faster than the configured threshold. | Recurring financial obligations contribute to monthly pressure.,
397,2026-11-01,0.0024704387278883812,LOW,STABLE,SAVINGS_REINFORCEMENT,4,,MONITOR,Spending is above the user's historical baseline. | Recurring financial obligations contribute to monthly pressure.,
398,2026-11-01,0.0020661577789683958,LOW,STABLE,SAVINGS_REINFORCEMENT,4,,MONITOR,Spending is growing faster than the configured threshold. | Spending is above the user's historical baseline. | Recurring financial obligations contribute to monthly pressure.,
399,2026-11-01,0.0018229458430605756,LOW,STABLE,SAVINGS_REINFORCEMENT,4,,MONITOR,Recurring financial obligations contribute to monthly pressure.,
400,2026-11-01,0.00142590766308323,LOW,STABLE,SAVINGS_REINFORCEMENT,4,,MONITOR,Spending is above the user's historical baseline. | Recurring financial obligations contribute to monthly pressure.,
401,2026-11-01,0.0022109135436163647,LOW,OBLIGATION_PRESSURE,SAVINGS_REINFORCEMENT,4,,MONITOR,Expense pressure is elevated. | Spending is growing faster than the configured threshold. | Spending is above the user's historical baseline. | Recurring financial obligations contribute to monthly pressure. | The recent balance trajectory is declining.,
402,2026-11-01,0.002355718387994425,LOW,STABLE,SAVINGS_REINFORCEMENT,4,,MONITOR,Spending is growing faster than the configured threshold. | Recurring financial obligations contribute to monthly pressure.,
403,2026-11-01,0.0034287686953251087,LOW,STABLE,SAVINGS_REINFORCEMENT,4,,MONITOR,Expense pressure is elevated. | Recurring financial obligations contribute to monthly pressure.,
404,2026-11-01,0.002640870299647182,LOW,STABLE,SAVINGS_REINFORCEMENT,4,,MONITOR,Recurring financial obligations contribute to monthly pressure.,
405,2026-11-01,0.003104179151685707,LOW,STABLE,SAVINGS_REINFORCEMENT,4,,MONITOR,Expense pressure is elevated. | Spending is growing faster than the configured threshold. | Recurring financial obligations contribute to monthly pressure.,
406,2026-11-01,0.0019157384579290965,LOW,STABLE,SAVINGS_REINFORCEMENT,4,,MONITOR,Recurring financial obligations contribute to monthly pressure.,
407,2026-11-01,0.0022706762651377986,LOW,STABLE,SAVINGS_REINFORCEMENT,4,,MONITOR,Expense pressure is elevated. | Recurring financial obligations contribute to monthly pressure.,
408,2026-11-01,0.0019888886084492813,LOW,STABLE,SAVINGS_REINFORCEMENT,4,,MONITOR,Spending is growing faster than the configured threshold. | Recurring financial obligations contribute to monthly pressure.,
409,2026-11-01,0.002308868856581896,LOW,STABLE,SAVINGS_REINFORCEMENT,4,,MONITOR,Spending is above the user's historical baseline. | Recurring financial obligations contribute to monthly pressure.,
410,2026-11-01,0.002471680266044299,LOW,STABLE,SAVINGS_REINFORCEMENT,4,,MONITOR,Recurring financial obligations contribute to monthly pressure.,
411,2026-11-01,0.0017949609894324665,LOW,STABLE,SAVINGS_REINFORCEMENT,4,,MONITOR,Expense pressure is elevated. | Spending is growing faster than the configured threshold. | Spending is above the user's historical baseline. | Recurring financial obligations contribute to monthly pressure.,
412,2026-11-01,0.03650574980533301,LOW,OBLIGATION_PRESSURE,SAVINGS_REINFORCEMENT,4,,MONITOR,Expense pressure is elevated. | Recurring financial obligations contribute to monthly pressure. | The recent balance trajectory is declining.,
413,2026-11-01,0.002354505278146173,LOW,STABLE,SAVINGS_REINFORCEMENT,4,,MONITOR,Recurring financial obligations contribute to monthly pressure.,
414,2026-11-01,0.0014356637458093854,LOW,STABLE,SAVINGS_REINFORCEMENT,4,,MONITOR,Spending is growing faster than the configured threshold. | Recurring financial obligations contribute to monthly pressure.,
415,2026-11-01,0.0016319183851064775,LOW,STABLE,SAVINGS_REINFORCEMENT,4,,MONITOR,Spending is growing faster than the configured threshold. | Spending is above the user's historical baseline. | Recurring financial obligations contribute to monthly pressure.,
416,2026-11-01,0.0026501667679471237,LOW,STABLE,SAVINGS_REINFORCEMENT,4,,MONITOR,Expense pressure is elevated. | Recurring financial obligations contribute to monthly pressure.,
417,2026-11-01,0.001874232376314124,LOW,STABLE,SAVINGS_REINFORCEMENT,4,,MONITOR,Spending is growing faster than the configured threshold. | Spending is above the user's historical baseline. | Recurring financial obligations contribute to monthly pressure.,
418,2026-11-01,0.0017322834884623919,LOW,STABLE,SAVINGS_REINFORCEMENT,4,,MONITOR,Recurring financial obligations contribute to monthly pressure.,
419,2026-11-01,0.002362588690091735,LOW,STABLE,SAVINGS_REINFORCEMENT,4,,MONITOR,Spending is growing faster than the configured threshold. | Spending is above the user's historical baseline. | Recurring financial obligations contribute to monthly pressure.,
420,2026-11-01,0.0015033436481745378,LOW,STABLE,SAVINGS_REINFORCEMENT,4,,MONITOR,Expense pressure is elevated. | Spending is growing faster than the configured threshold. | Recurring financial obligations contribute to monthly pressure.,
421,2026-11-01,0.0018351159349316213,LOW,STABLE,SAVINGS_REINFORCEMENT,4,,MONITOR,Spending is growing faster than the configured threshold. | Spending is above the user's historical baseline. | Recurring financial obligations contribute to monthly pressure.,
422,2026-11-01,0.0016551182729027277,LOW,STABLE,SAVINGS_REINFORCEMENT,4,,MONITOR,Recurring financial obligations contribute to monthly pressure.,
423,2026-11-01,0.003598088633488711,LOW,STABLE,SAVINGS_REINFORCEMENT,4,,MONITOR,Recurring financial obligations contribute to monthly pressure.,
424,2026-11-01,0.002032839012532751,LOW,OBLIGATION_PRESSURE,SAVINGS_REINFORCEMENT,4,,MONITOR,Expense pressure is elevated. | Spending is growing faster than the configured threshold. | Spending is above the user's historical baseline. | Recurring financial obligations contribute to monthly pressure. | The recent balance trajectory is declining.,
425,2026-11-01,0.03229058411309066,LOW,LIQUIDITY_PRESSURE,SAVINGS_REINFORCEMENT,4,,MONITOR,Cash buffer is below 50% of the reference level. | Expense pressure is elevated. | Spending is growing faster than the configured threshold. | Recurring financial obligations contribute to monthly pressure.,
426,2026-11-01,0.001555639674027214,LOW,STABLE,SAVINGS_REINFORCEMENT,4,,MONITOR,Spending is growing faster than the configured threshold. | Recurring financial obligations contribute to monthly pressure.,
427,2026-11-01,0.002103389551965565,LOW,STABLE,SAVINGS_REINFORCEMENT,4,,MONITOR,Expense pressure is elevated. | Spending is growing faster than the configured threshold. | Spending is above the user's historical baseline. | Recurring financial obligations contribute to monthly pressure.,
428,2026-11-01,0.002177264378656096,LOW,STABLE,SAVINGS_REINFORCEMENT,4,,MONITOR,Expense pressure is elevated. | Spending is growing faster than the configured threshold. | Recurring financial obligations contribute to monthly pressure.,
429,2026-11-01,0.0016862559351063541,LOW,STABLE,SAVINGS_REINFORCEMENT,4,,MONITOR,Spending is growing faster than the configured threshold. | Spending is above the user's historical baseline. | Recurring financial obligations contribute to monthly pressure.,
430,2026-11-01,0.002326919625789914,LOW,STABLE,SAVINGS_REINFORCEMENT,4,,MONITOR,Recurring financial obligations contribute to monthly pressure.,
431,2026-11-01,0.0015552239804511893,LOW,STABLE,SAVINGS_REINFORCEMENT,4,,MONITOR,Expense pressure is elevated. | Spending is growing faster than the configured threshold. | Spending is above the user's historical baseline. | Recurring financial obligations contribute to monthly pressure.,
432,2026-11-01,0.0027680120370278697,LOW,STABLE,SAVINGS_REINFORCEMENT,4,,MONITOR,Expense pressure is elevated. | Spending is growing faster than the configured threshold. | Recurring financial obligations contribute to monthly pressure.,
433,2026-11-01,0.002303249133821361,LOW,OBLIGATION_PRESSURE,SAVINGS_REINFORCEMENT,4,,MONITOR,Expense pressure is elevated. | Spending is growing faster than the configured threshold. | Spending is above the user's historical baseline. | Recurring financial obligations contribute to monthly pressure. | The recent balance trajectory is declining.,
434,2026-11-01,0.0025898902917972973,LOW,STABLE,SAVINGS_REINFORCEMENT,4,,MONITOR,Expense pressure is elevated. | Recurring financial obligations contribute to monthly pressure.,
435,2026-11-01,0.0016186188490696595,LOW,STABLE,SAVINGS_REINFORCEMENT,4,,MONITOR,Recurring financial obligations contribute to monthly pressure.,
436,2026-11-01,0.001596003948435123,LOW,STABLE,SAVINGS_REINFORCEMENT,4,,MONITOR,Spending is growing faster than the configured threshold. | Recurring financial obligations contribute to monthly pressure.,
437,2026-11-01,0.0017828475709744961,LOW,STABLE,SAVINGS_REINFORCEMENT,4,,MONITOR,Spending is above the user's historical baseline. | Recurring financial obligations contribute to monthly pressure.,
438,2026-11-01,0.0016528514201796767,LOW,STABLE,SAVINGS_REINFORCEMENT,4,,MONITOR,Spending is growing faster than the configured threshold. | Recurring financial obligations contribute to monthly pressure.,
439,2026-11-01,0.0019866891796411785,LOW,STABLE,SAVINGS_REINFORCEMENT,4,,MONITOR,Recurring financial obligations contribute to monthly pressure.,
440,2026-11-01,0.0025979081249496916,LOW,STABLE,SAVINGS_REINFORCEMENT,4,,MONITOR,Expense pressure is elevated. | Recurring financial obligations contribute to monthly pressure.,
441,2026-11-01,0.0015024903878554986,LOW,STABLE,SAVINGS_REINFORCEMENT,4,,MONITOR,Spending is growing faster than the configured threshold. | Spending is above the user's historical baseline. | Recurring financial obligations contribute to monthly pressure.,
442,2026-11-01,0.0029670011297642214,LOW,STABLE,SAVINGS_REINFORCEMENT,4,,MONITOR,Recurring financial obligations contribute to monthly pressure.,
443,2026-11-01,0.0016960917700889126,LOW,STABLE,SAVINGS_REINFORCEMENT,4,,MONITOR,Recurring financial obligations contribute to monthly pressure.,
444,2026-11-01,0.002067639835352826,LOW,STABLE,SAVINGS_REINFORCEMENT,4,,MONITOR,Expense pressure is elevated. | Spending is growing faster than the configured threshold. | Spending is above the user's historical baseline. | Recurring financial obligations contribute to monthly pressure.,
445,2026-11-01,0.0021393217695830124,LOW,STABLE,SAVINGS_REINFORCEMENT,4,,MONITOR,Expense pressure is elevated. | Recurring financial obligations contribute to monthly pressure.,
446,2026-11-01,0.0018606226094198513,LOW,STABLE,SAVINGS_REINFORCEMENT,4,,MONITOR,Expense pressure is elevated. | Spending is growing faster than the configured threshold. | Spending is above the user's historical baseline. | Recurring financial obligations contribute to monthly pressure.,
447,2026-11-01,0.0018368744645496436,LOW,STABLE,SAVINGS_REINFORCEMENT,4,,MONITOR,Spending is growing faster than the configured threshold. | Recurring financial obligations contribute to monthly pressure.,
448,2026-11-01,0.0016696039534172286,LOW,STABLE,SAVINGS_REINFORCEMENT,4,,MONITOR,Recurring financial obligations contribute to monthly pressure.,
449,2026-11-01,0.001955471939397599,LOW,STABLE,SAVINGS_REINFORCEMENT,4,,MONITOR,Expense pressure is elevated. | Spending is growing faster than the configured threshold. | Spending is above the user's historical baseline. | Recurring financial obligations contribute to monthly pressure.,
450,2026-11-01,0.00193975367236402,LOW,STABLE,SAVINGS_REINFORCEMENT,4,,MONITOR,Recurring financial obligations contribute to monthly pressure.,
451,2026-11-01,0.0022492216811219644,LOW,STABLE,SAVINGS_REINFORCEMENT,4,,MONITOR,Recurring financial obligations contribute to monthly pressure.,
452,2026-11-01,0.002051630974651609,LOW,STABLE,SAVINGS_REINFORCEMENT,4,,MONITOR,Spending is growing faster than the configured threshold. | Recurring financial obligations contribute to monthly pressure.,
453,2026-11-01,0.0017821196876258796,LOW,STABLE,SAVINGS_REINFORCEMENT,4,,MONITOR,Recurring financial obligations contribute to monthly pressure.,
454,2026-11-01,0.002021103845692605,LOW,STABLE,SAVINGS_REINFORCEMENT,4,,MONITOR,Expense pressure is elevated. | Spending is growing faster than the configured threshold. | Spending is above the user's historical baseline. | Recurring financial obligations contribute to monthly pressure.,
455,2026-11-01,0.0015444208886490538,LOW,STABLE,SAVINGS_REINFORCEMENT,4,,MONITOR,Spending is above the user's historical baseline. | Recurring financial obligations contribute to monthly pressure.,
456,2026-11-01,0.0021389049233227113,LOW,STABLE,SAVINGS_REINFORCEMENT,4,,MONITOR,Recurring financial obligations contribute to monthly pressure.,
457,2026-11-01,0.00295889089816583,LOW,STABLE,SAVINGS_REINFORCEMENT,4,,MONITOR,Recurring financial obligations contribute to monthly pressure.,
458,2026-11-01,0.002054209274099854,LOW,STABLE,SAVINGS_REINFORCEMENT,4,,MONITOR,Recurring financial obligations contribute to monthly pressure.,
459,2026-11-01,0.0027105429949214293,LOW,STABLE,SAVINGS_REINFORCEMENT,4,,MONITOR,Recurring financial obligations contribute to monthly pressure.,
460,2026-11-01,0.0015982193252081108,LOW,STABLE,SAVINGS_REINFORCEMENT,4,,MONITOR,Spending is growing faster than the configured threshold. | Spending is above the user's historical baseline. | Recurring financial obligations contribute to monthly pressure.,
461,2026-11-01,0.001953879686101143,LOW,STABLE,SAVINGS_REINFORCEMENT,4,,MONITOR,Spending is growing faster than the configured threshold. | Spending is above the user's historical baseline. | Recurring financial obligations contribute to monthly pressure.,
462,2026-11-01,0.0017471880116028634,LOW,STABLE,SAVINGS_REINFORCEMENT,4,,MONITOR,Recurring financial obligations contribute to monthly pressure.,
463,2026-11-01,0.0018585875737776587,LOW,STABLE,SAVINGS_REINFORCEMENT,4,,MONITOR,Spending is above the user's historical baseline. | Recurring financial obligations contribute to monthly pressure.,
464,2026-11-01,0.001654666991689212,LOW,STABLE,SAVINGS_REINFORCEMENT,4,,MONITOR,Expense pressure is elevated. | Spending is growing faster than the configured threshold. | Spending is above the user's historical baseline. | Recurring financial obligations contribute to monthly pressure.,
465,2026-11-01,0.0019154493415661313,LOW,STABLE,SAVINGS_REINFORCEMENT,4,,MONITOR,Recurring financial obligations contribute to monthly pressure.,
466,2026-11-01,0.0017308306632577409,LOW,STABLE,SAVINGS_REINFORCEMENT,4,,MONITOR,Spending is growing faster than the configured threshold. | Spending is above the user's historical baseline. | Recurring financial obligations contribute to monthly pressure.,
467,2026-11-01,0.0017789882966491575,LOW,STABLE,SAVINGS_REINFORCEMENT,4,,MONITOR,Recurring financial obligations contribute to monthly pressure.,
468,2026-11-01,0.0016255506561033666,LOW,STABLE,SAVINGS_REINFORCEMENT,4,,MONITOR,Spending is growing faster than the configured threshold. | Spending is above the user's historical baseline. | Recurring financial obligations contribute to monthly pressure.,
469,2026-11-01,0.0019405548465182445,LOW,STABLE,SAVINGS_REINFORCEMENT,4,,MONITOR,Spending is growing faster than the configured threshold. | Spending is above the user's historical baseline. | Recurring financial obligations contribute to monthly pressure.,
470,2026-11-01,0.001772773339204919,LOW,STABLE,SAVINGS_REINFORCEMENT,4,,MONITOR,Recurring financial obligations contribute to monthly pressure.,
471,2026-11-01,0.002042000809627327,LOW,STABLE,SAVINGS_REINFORCEMENT,4,,MONITOR,Recurring financial obligations contribute to monthly pressure.,
472,2026-11-01,0.0021259492488485796,LOW,STABLE,SAVINGS_REINFORCEMENT,4,,MONITOR,Spending is growing faster than the configured threshold. | Spending is above the user's historical baseline. | Recurring financial obligations contribute to monthly pressure.,
473,2026-11-01,0.002040136288721224,LOW,STABLE,SAVINGS_REINFORCEMENT,4,,MONITOR,Expense pressure is elevated. | Spending is above the user's historical baseline. | Recurring financial obligations contribute to monthly pressure.,
474,2026-11-01,0.002957360852021833,LOW,STABLE,SAVINGS_REINFORCEMENT,4,,MONITOR,Expense pressure is elevated. | Recurring financial obligations contribute to monthly pressure.,
475,2026-11-01,0.0017849792675088856,LOW,STABLE,SAVINGS_REINFORCEMENT,4,,MONITOR,Recurring financial obligations contribute to monthly pressure.,
476,2026-11-01,0.0021100555116254313,LOW,STABLE,SAVINGS_REINFORCEMENT,4,,MONITOR,Expense pressure is elevated. | Recurring financial obligations contribute to monthly pressure.,
477,2026-11-01,0.0015704075012520368,LOW,STABLE,SAVINGS_REINFORCEMENT,4,,MONITOR,Recurring financial obligations contribute to monthly pressure.,
478,2026-11-01,0.0019926230077459,LOW,STABLE,SAVINGS_REINFORCEMENT,4,,MONITOR,Recurring financial obligations contribute to monthly pressure.,
479,2026-11-01,0.001479873683150773,LOW,STABLE,SAVINGS_REINFORCEMENT,4,,MONITOR,Recurring financial obligations contribute to monthly pressure.,
480,2026-11-01,0.0018334871616544387,LOW,OBLIGATION_PRESSURE,SAVINGS_REINFORCEMENT,4,,MONITOR,Expense pressure is elevated. | Spending is growing faster than the configured threshold. | Spending is above the user's historical baseline. | Recurring financial obligations contribute to monthly pressure. | The recent balance trajectory is declining.,
481,2026-11-01,0.0015985459401824432,LOW,STABLE,SAVINGS_REINFORCEMENT,4,,MONITOR,Recurring financial obligations contribute to monthly pressure.,
482,2026-11-01,0.001933249402663632,LOW,STABLE,SAVINGS_REINFORCEMENT,4,,MONITOR,Recurring financial obligations contribute to monthly pressure.,
483,2026-11-01,0.002723393189676372,LOW,STABLE,SAVINGS_REINFORCEMENT,4,,MONITOR,Expense pressure is elevated. | Recurring financial obligations contribute to monthly pressure.,
484,2026-11-01,0.002253166729087311,LOW,STABLE,SAVINGS_REINFORCEMENT,4,,MONITOR,Expense pressure is elevated. | Spending is above the user's historical baseline. | Recurring financial obligations contribute to monthly pressure.,
485,2026-11-01,0.003706901882799486,LOW,STABLE,SAVINGS_REINFORCEMENT,4,,MONITOR,Expense pressure is elevated. | Recurring financial obligations contribute to monthly pressure.,
486,2026-11-01,0.001724037814217019,LOW,STABLE,SAVINGS_REINFORCEMENT,4,,MONITOR,Recurring financial obligations contribute to monthly pressure.,
487,2026-11-01,0.036721564413667904,LOW,LIQUIDITY_PRESSURE,SAVINGS_REINFORCEMENT,4,,MONITOR,Cash buffer is below 50% of the reference level. | Expense pressure is elevated. | Spending is growing faster than the configured threshold. | Spending is above the user's historical baseline. | Recurring financial obligations contribute to monthly pressure.,
488,2026-11-01,0.0017064338516097287,LOW,STABLE,SAVINGS_REINFORCEMENT,4,,MONITOR,Spending is growing faster than the configured threshold. | Spending is above the user's historical baseline. | Recurring financial obligations contribute to monthly pressure.,
489,2026-11-01,0.0030323643674039164,LOW,STABLE,SAVINGS_REINFORCEMENT,4,,MONITOR,Expense pressure is elevated. | Spending is growing faster than the configured threshold. | Spending is above the user's historical baseline. | Recurring financial obligations contribute to monthly pressure.,
490,2026-11-01,0.0016998172228224091,LOW,STABLE,SAVINGS_REINFORCEMENT,4,,MONITOR,Spending is growing faster than the configured threshold. | Spending is above the user's historical baseline. | Recurring financial obligations contribute to monthly pressure.,
491,2026-11-01,0.0015115897743726893,LOW,STABLE,SAVINGS_REINFORCEMENT,4,,MONITOR,Recurring financial obligations contribute to monthly pressure.,
492,2026-11-01,0.0018966894717390207,LOW,STABLE,SAVINGS_REINFORCEMENT,4,,MONITOR,Recurring financial obligations contribute to monthly pressure.,
493,2026-11-01,0.00170676605427674,LOW,STABLE,SAVINGS_REINFORCEMENT,4,,MONITOR,Spending is growing faster than the configured threshold. | Spending is above the user's historical baseline. | Recurring financial obligations contribute to monthly pressure.,
494,2026-11-01,0.003406176916361333,LOW,STABLE,SAVINGS_REINFORCEMENT,4,,MONITOR,Expense pressure is elevated. | Spending is growing faster than the configured threshold. | Spending is above the user's historical baseline. | Recurring financial obligations contribute to monthly pressure.,
495,2026-11-01,0.0021257256683071216,LOW,STABLE,SAVINGS_REINFORCEMENT,4,,MONITOR,Recurring financial obligations contribute to monthly pressure.,
496,2026-11-01,0.0023357385087630976,LOW,STABLE,SAVINGS_REINFORCEMENT,4,,MONITOR,Expense pressure is elevated. | Spending is growing faster than the configured threshold. | Recurring financial obligations contribute to monthly pressure.,
497,2026-11-01,0.0021782543061016576,LOW,OBLIGATION_PRESSURE,SAVINGS_REINFORCEMENT,4,,MONITOR,Expense pressure is elevated. | Spending is growing faster than the configured threshold. | Spending is above the user's historical baseline. | Recurring financial obligations contribute to monthly pressure. | The recent balance trajectory is declining.,
498,2026-11-01,0.0019781546648954913,LOW,STABLE,SAVINGS_REINFORCEMENT,4,,MONITOR,Recurring financial obligations contribute to monthly pressure.,
499,2026-11-01,0.0017474209193702995,LOW,STABLE,SAVINGS_REINFORCEMENT,4,,MONITOR,Recurring financial obligations contribute to monthly pressure.,
500,2026-11-01,0.0027725522962666676,LOW,STABLE,SAVINGS_REINFORCEMENT,4,,MONITOR,Expense pressure is elevated. | Recurring financial obligations contribute to monthly pressure.,
501,2026-11-01,0.002799204060892917,LOW,SPENDING_PRESSURE,SAVINGS_REINFORCEMENT,4,,MONITOR,Expense pressure is elevated. | Spending is growing faster than the configured threshold. | Spending is above the user's historical baseline. | Recurring financial obligations contribute to monthly pressure. | The recent balance trajectory is declining.,
502,2026-11-01,0.0018925029505678745,LOW,STABLE,SAVINGS_REINFORCEMENT,4,,MONITOR,Expense pressure is elevated. | Spending is growing faster than the configured threshold. | Spending is above the user's historical baseline. | Recurring financial obligations contribute to monthly pressure.,
503,2026-11-01,0.0014759631463232986,LOW,STABLE,SAVINGS_REINFORCEMENT,4,,MONITOR,Spending is growing faster than the configured threshold. | Recurring financial obligations contribute to monthly pressure.,
504,2026-11-01,0.004659319575110105,LOW,STABLE,SAVINGS_REINFORCEMENT,4,,MONITOR,Expense pressure is elevated. | Recurring financial obligations contribute to monthly pressure.,
505,2026-11-01,0.05025519297377541,LOW,STABLE,SAVINGS_REINFORCEMENT,4,,MONITOR,Expense pressure is elevated. | Spending is growing faster than the configured threshold. | Recurring financial obligations contribute to monthly pressure.,
506,2026-11-01,0.0019243624346743729,LOW,STABLE,SAVINGS_REINFORCEMENT,4,,MONITOR,Recurring financial obligations contribute to monthly pressure.,
507,2026-11-01,0.0025517554987610357,LOW,STABLE,SAVINGS_REINFORCEMENT,4,,MONITOR,Expense pressure is elevated. | Recurring financial obligations contribute to monthly pressure.,
508,2026-11-01,0.0023802533584890437,LOW,STABLE,SAVINGS_REINFORCEMENT,4,,MONITOR,Expense pressure is elevated. | Recurring financial obligations contribute to monthly pressure.,
509,2026-11-01,0.002111976602423262,LOW,STABLE,SAVINGS_REINFORCEMENT,4,,MONITOR,Expense pressure is elevated. | Recurring financial obligations contribute to monthly pressure.,
510,2026-11-01,0.0017337779606516116,LOW,STABLE,SAVINGS_REINFORCEMENT,4,,MONITOR,Recurring financial obligations contribute to monthly pressure.,
511,2026-11-01,0.0033611546379115577,LOW,STABLE,SAVINGS_REINFORCEMENT,4,,MONITOR,Recurring financial obligations contribute to monthly pressure.,
512,2026-11-01,0.0018615331223319563,LOW,STABLE,SAVINGS_REINFORCEMENT,4,,MONITOR,Spending is growing faster than the configured threshold. | Spending is above the user's historical baseline. | Recurring financial obligations contribute to monthly pressure.,
513,2026-11-01,0.0020047557375913556,LOW,STABLE,SAVINGS_REINFORCEMENT,4,,MONITOR,Recurring financial obligations contribute to monthly pressure.,
514,2026-11-01,0.0017551047806101082,LOW,STABLE,SAVINGS_REINFORCEMENT,4,,MONITOR,Recurring financial obligations contribute to monthly pressure.,
515,2026-11-01,0.003395338707468467,LOW,OBLIGATION_PRESSURE,SAVINGS_REINFORCEMENT,4,,MONITOR,Expense pressure is elevated. | Spending is growing faster than the configured threshold. | Spending is above the user's historical baseline. | Recurring financial obligations contribute to monthly pressure. | The recent balance trajectory is declining.,
516,2026-11-01,0.0017106659641381223,LOW,STABLE,SAVINGS_REINFORCEMENT,4,,MONITOR,Recurring financial obligations contribute to monthly pressure.,
517,2026-11-01,0.00151062029514227,LOW,STABLE,SAVINGS_REINFORCEMENT,4,,MONITOR,Recurring financial obligations contribute to monthly pressure.,
518,2026-11-01,0.0023027475744589036,LOW,STABLE,SAVINGS_REINFORCEMENT,4,,MONITOR,Spending is growing faster than the configured threshold. | Spending is above the user's historical baseline. | Recurring financial obligations contribute to monthly pressure.,
519,2026-11-01,0.002818408298819957,LOW,STABLE,SAVINGS_REINFORCEMENT,4,,MONITOR,Recurring financial obligations contribute to monthly pressure.,
520,2026-11-01,0.0022391543771354836,LOW,STABLE,SAVINGS_REINFORCEMENT,4,,MONITOR,Recurring financial obligations contribute to monthly pressure.,
521,2026-11-01,0.0014482093417986998,LOW,STABLE,SAVINGS_REINFORCEMENT,4,,MONITOR,Recurring financial obligations contribute to monthly pressure.,
522,2026-11-01,0.0018816763885888287,LOW,STABLE,SAVINGS_REINFORCEMENT,4,,MONITOR,Spending is growing faster than the configured threshold. | Spending is above the user's historical baseline. | Recurring financial obligations contribute to monthly pressure.,
523,2026-11-01,0.8038816665769781,HIGH,LIQUIDITY_PRESSURE,LIQUIDITY_PROTECTION,1,,RULE_BASED_RECOMMENDATION,Cash buffer is below 50% of the reference level. | Expense pressure is elevated. | Spending is growing faster than the configured threshold. | Spending is above the user's historical baseline. | Recurring financial obligations contribute to monthly pressure.,
524,2026-11-01,0.0023092049715346093,LOW,STABLE,SAVINGS_REINFORCEMENT,4,,MONITOR,Spending is above the user's historical baseline. | Recurring financial obligations contribute to monthly pressure.,
525,2026-11-01,0.0017323084489714452,LOW,STABLE,SAVINGS_REINFORCEMENT,4,,MONITOR,Spending is above the user's historical baseline. | Recurring financial obligations contribute to monthly pressure.,
526,2026-11-01,0.0019003673250989465,LOW,STABLE,SAVINGS_REINFORCEMENT,4,,MONITOR,Recurring financial obligations contribute to monthly pressure.,
527,2026-11-01,0.0027903976454123577,LOW,STABLE,SAVINGS_REINFORCEMENT,4,,MONITOR,Expense pressure is elevated. | Spending is growing faster than the configured threshold. | Spending is above the user's historical baseline. | Recurring financial obligations contribute to monthly pressure.,
528,2026-11-01,0.0017030074590607797,LOW,STABLE,SAVINGS_REINFORCEMENT,4,,MONITOR,Spending is growing faster than the configured threshold. | Recurring financial obligations contribute to monthly pressure.,
529,2026-11-01,0.0012107459406958923,LOW,STABLE,SAVINGS_REINFORCEMENT,4,,MONITOR,Recurring financial obligations contribute to monthly pressure.,
530,2026-11-01,0.9612835044228347,HIGH,LIQUIDITY_PRESSURE,LIQUIDITY_PROTECTION,1,,RULE_BASED_RECOMMENDATION,Cash buffer is below 50% of the reference level. | Expense pressure is elevated. | Spending is above the user's historical baseline. | Recurring financial obligations contribute to monthly pressure.,
531,2026-11-01,0.0019415719927443592,LOW,SPENDING_PRESSURE,SAVINGS_REINFORCEMENT,4,,MONITOR,Expense pressure is elevated. | Spending is growing faster than the configured threshold. | Spending is above the user's historical baseline. | Recurring financial obligations contribute to monthly pressure.,
532,2026-11-01,0.0019090523348636377,LOW,STABLE,SAVINGS_REINFORCEMENT,4,,MONITOR,Spending is growing faster than the configured threshold. | Spending is above the user's historical baseline. | Recurring financial obligations contribute to monthly pressure.,
533,2026-11-01,0.0017981270686764487,LOW,STABLE,SAVINGS_REINFORCEMENT,4,,MONITOR,Recurring financial obligations contribute to monthly pressure.,
534,2026-11-01,0.0018555302401618158,LOW,STABLE,SAVINGS_REINFORCEMENT,4,,MONITOR,Spending is growing faster than the configured threshold. | Spending is above the user's historical baseline. | Recurring financial obligations contribute to monthly pressure.,
535,2026-11-01,0.0020362794157219493,LOW,SPENDING_PRESSURE,SAVINGS_REINFORCEMENT,4,,MONITOR,Expense pressure is elevated. | Spending is growing faster than the configured threshold. | Spending is above the user's historical baseline. | Recurring financial obligations contribute to monthly pressure. | The recent balance trajectory is declining.,
536,2026-11-01,0.1679863287740189,LOW,STABLE,SAVINGS_REINFORCEMENT,4,,MONITOR,Cash buffer is below 50% of the reference level. | Spending is growing faster than the configured threshold. | Spending is above the user's historical baseline. | Recurring financial obligations contribute to monthly pressure.,
537,2026-11-01,0.0019145714743312643,LOW,STABLE,SAVINGS_REINFORCEMENT,4,,MONITOR,Recurring financial obligations contribute to monthly pressure.,
538,2026-11-01,0.0019523893575320102,LOW,STABLE,SAVINGS_REINFORCEMENT,4,,MONITOR,Expense pressure is elevated. | Spending is growing faster than the configured threshold. | Spending is above the user's historical baseline. | Recurring financial obligations contribute to monthly pressure.,
539,2026-11-01,0.001975749023346297,LOW,STABLE,SAVINGS_REINFORCEMENT,4,,MONITOR,Expense pressure is elevated. | Spending is growing faster than the configured threshold. | Spending is above the user's historical baseline. | Recurring financial obligations contribute to monthly pressure.,
540,2026-11-01,0.0035250636888484697,LOW,STABLE,SAVINGS_REINFORCEMENT,4,,MONITOR,Expense pressure is elevated. | Recurring financial obligations contribute to monthly pressure.,
541,2026-11-01,0.002633214558790907,LOW,STABLE,SAVINGS_REINFORCEMENT,4,,MONITOR,Spending is growing faster than the configured threshold. | Spending is above the user's historical baseline. | Recurring financial obligations contribute to monthly pressure.,
542,2026-11-01,0.0026116963685558587,LOW,STABLE,SAVINGS_REINFORCEMENT,4,,MONITOR,Expense pressure is elevated. | Recurring financial obligations contribute to monthly pressure.,
543,2026-11-01,0.0015536267349046656,LOW,STABLE,SAVINGS_REINFORCEMENT,4,,MONITOR,Recurring financial obligations contribute to monthly pressure.,
544,2026-11-01,0.0017381064045935441,LOW,STABLE,SAVINGS_REINFORCEMENT,4,,MONITOR,Spending is above the user's historical baseline. | Recurring financial obligations contribute to monthly pressure.,
545,2026-11-01,0.001347339419548444,LOW,STABLE,SAVINGS_REINFORCEMENT,4,,MONITOR,Recurring financial obligations contribute to monthly pressure.,
546,2026-11-01,0.00221316251042038,LOW,STABLE,SAVINGS_REINFORCEMENT,4,,MONITOR,Recurring financial obligations contribute to monthly pressure.,
547,2026-11-01,0.0017598844193653547,LOW,STABLE,SAVINGS_REINFORCEMENT,4,,MONITOR,Recurring financial obligations contribute to monthly pressure.,
548,2026-11-01,0.001963228582130332,LOW,STABLE,SAVINGS_REINFORCEMENT,4,,MONITOR,Spending is above the user's historical baseline. | Recurring financial obligations contribute to monthly pressure.,
549,2026-11-01,0.002466343070714891,LOW,STABLE,SAVINGS_REINFORCEMENT,4,,MONITOR,Spending is above the user's historical baseline. | Recurring financial obligations contribute to monthly pressure.,
550,2026-11-01,0.0014691449417531912,LOW,STABLE,SAVINGS_REINFORCEMENT,4,,MONITOR,Recurring financial obligations contribute to monthly pressure.,
551,2026-11-01,0.001977131263305925,LOW,STABLE,SAVINGS_REINFORCEMENT,4,,MONITOR,Spending is growing faster than the configured threshold. | Recurring financial obligations contribute to monthly pressure.,
552,2026-11-01,0.00230490746303814,LOW,STABLE,SAVINGS_REINFORCEMENT,4,,MONITOR,Recurring financial obligations contribute to monthly pressure.,
553,2026-11-01,0.002959307203715042,LOW,STABLE,SAVINGS_REINFORCEMENT,4,,MONITOR,Expense pressure is elevated. | Spending is above the user's historical baseline. | Recurring financial obligations contribute to monthly pressure.,
554,2026-11-01,0.002135105986181823,LOW,STABLE,SAVINGS_REINFORCEMENT,4,,MONITOR,Spending is growing faster than the configured threshold. | Spending is above the user's historical baseline. | Recurring financial obligations contribute to monthly pressure.,
555,2026-11-01,0.001779789931663573,LOW,STABLE,SAVINGS_REINFORCEMENT,4,,MONITOR,Expense pressure is elevated. | Spending is growing faster than the configured threshold. | Recurring financial obligations contribute to monthly pressure.,
556,2026-11-01,0.0018754786205667096,LOW,STABLE,SAVINGS_REINFORCEMENT,4,,MONITOR,Recurring financial obligations contribute to monthly pressure.,
557,2026-11-01,0.0016908347702141156,LOW,STABLE,SAVINGS_REINFORCEMENT,4,,MONITOR,Recurring financial obligations contribute to monthly pressure.,
558,2026-11-01,0.0021373134189322214,LOW,STABLE,SAVINGS_REINFORCEMENT,4,,MONITOR,Expense pressure is elevated. | Recurring financial obligations contribute to monthly pressure.,
559,2026-11-01,0.0017864186629927242,LOW,STABLE,SAVINGS_REINFORCEMENT,4,,MONITOR,Recurring financial obligations contribute to monthly pressure.,
560,2026-11-01,0.029247655997103817,LOW,STABLE,SAVINGS_REINFORCEMENT,4,,MONITOR,Expense pressure is elevated. | Recurring financial obligations contribute to monthly pressure.,
561,2026-11-01,0.0026353200354264144,LOW,STABLE,SAVINGS_REINFORCEMENT,4,,MONITOR,Expense pressure is elevated. | Spending is above the user's historical baseline. | Recurring financial obligations contribute to monthly pressure.,
562,2026-11-01,0.002088897951976125,LOW,STABLE,SAVINGS_REINFORCEMENT,4,,MONITOR,Recurring financial obligations contribute to monthly pressure.,
563,2026-11-01,0.001643648817479116,LOW,STABLE,SAVINGS_REINFORCEMENT,4,,MONITOR,Spending is growing faster than the configured threshold. | Spending is above the user's historical baseline. | Recurring financial obligations contribute to monthly pressure.,
564,2026-11-01,0.0021413235227984886,LOW,STABLE,SAVINGS_REINFORCEMENT,4,,MONITOR,Expense pressure is elevated. | Spending is growing faster than the configured threshold. | Spending is above the user's historical baseline. | Recurring financial obligations contribute to monthly pressure.,
565,2026-11-01,0.0018416196108163856,LOW,STABLE,SAVINGS_REINFORCEMENT,4,,MONITOR,Spending is growing faster than the configured threshold. | Spending is above the user's historical baseline. | Recurring financial obligations contribute to monthly pressure.,
566,2026-11-01,0.0016138656891873404,LOW,STABLE,SAVINGS_REINFORCEMENT,4,,MONITOR,Spending is above the user's historical baseline. | Recurring financial obligations contribute to monthly pressure.,
567,2026-11-01,0.003024265902853345,LOW,STABLE,SAVINGS_REINFORCEMENT,4,,MONITOR,Recurring financial obligations contribute to monthly pressure.,
568,2026-11-01,0.026323255664170264,LOW,LIQUIDITY_PRESSURE,SAVINGS_REINFORCEMENT,4,,MONITOR,Cash buffer is below 50% of the reference level. | Expense pressure is elevated. | Spending is growing faster than the configured threshold. | Spending is above the user's historical baseline. | Recurring financial obligations contribute to monthly pressure.,
569,2026-11-01,0.009816845744180205,LOW,OBLIGATION_PRESSURE,SAVINGS_REINFORCEMENT,4,,MONITOR,Expense pressure is elevated. | Spending is growing faster than the configured threshold. | Spending is above the user's historical baseline. | Recurring financial obligations contribute to monthly pressure. | The recent balance trajectory is declining.,
570,2026-11-01,0.0021325676182993164,LOW,STABLE,SAVINGS_REINFORCEMENT,4,,MONITOR,Expense pressure is elevated. | Spending is growing faster than the configured threshold. | Recurring financial obligations contribute to monthly pressure.,
571,2026-11-01,0.019870316627762147,LOW,STABLE,SAVINGS_REINFORCEMENT,4,,MONITOR,Spending is above the user's historical baseline. | Recurring financial obligations contribute to monthly pressure.,
572,2026-11-01,0.012639653231593917,LOW,STABLE,SAVINGS_REINFORCEMENT,4,,MONITOR,Cash buffer is below 50% of the reference level. | Recurring financial obligations contribute to monthly pressure.,
573,2026-11-01,0.001882369210944771,LOW,STABLE,SAVINGS_REINFORCEMENT,4,,MONITOR,Recurring financial obligations contribute to monthly pressure.,
574,2026-11-01,0.0017308374942754522,LOW,STABLE,SAVINGS_REINFORCEMENT,4,,MONITOR,Spending is above the user's historical baseline. | Recurring financial obligations contribute to monthly pressure.,
575,2026-11-01,0.0016039438675218333,LOW,STABLE,SAVINGS_REINFORCEMENT,4,,MONITOR,Recurring financial obligations contribute to monthly pressure.,
576,2026-11-01,0.1466022137986936,LOW,LIQUIDITY_PRESSURE,SAVINGS_REINFORCEMENT,4,,MONITOR,Cash buffer is below 50% of the reference level. | Expense pressure is elevated. | Spending is growing faster than the configured threshold. | Spending is above the user's historical baseline. | Recurring financial obligations contribute to monthly pressure.,
577,2026-11-01,0.003062142701634852,LOW,STABLE,SAVINGS_REINFORCEMENT,4,,MONITOR,Spending is growing faster than the configured threshold. | Recurring financial obligations contribute to monthly pressure.,
578,2026-11-01,0.002182943443783976,LOW,STABLE,SAVINGS_REINFORCEMENT,4,,MONITOR,Expense pressure is elevated. | Spending is above the user's historical baseline. | Recurring financial obligations contribute to monthly pressure.,
579,2026-11-01,0.0024912105805260363,LOW,STABLE,SAVINGS_REINFORCEMENT,4,,MONITOR,Expense pressure is elevated. | Recurring financial obligations contribute to monthly pressure.,
580,2026-11-01,0.002666554536420929,LOW,STABLE,SAVINGS_REINFORCEMENT,4,,MONITOR,Expense pressure is elevated. | Recurring financial obligations contribute to monthly pressure.,
581,2026-11-01,0.3222965100970813,MODERATE,LIQUIDITY_PRESSURE,LIQUIDITY_PROTECTION,1,,RULE_BASED_RECOMMENDATION,Cash buffer is below 50% of the reference level. | Expense pressure is elevated. | Recurring financial obligations contribute to monthly pressure.,
582,2026-11-01,0.0016433348441943242,LOW,STABLE,SAVINGS_REINFORCEMENT,4,,MONITOR,Spending is growing faster than the configured threshold. | Spending is above the user's historical baseline. | Recurring financial obligations contribute to monthly pressure.,
583,2026-11-01,0.0017780951057817425,LOW,STABLE,SAVINGS_REINFORCEMENT,4,,MONITOR,Spending is growing faster than the configured threshold. | Recurring financial obligations contribute to monthly pressure.,
584,2026-11-01,0.0022059337917330474,LOW,STABLE,SAVINGS_REINFORCEMENT,4,,MONITOR,Recurring financial obligations contribute to monthly pressure.,
585,2026-11-01,0.0017574827957745304,LOW,STABLE,SAVINGS_REINFORCEMENT,4,,MONITOR,Spending is growing faster than the configured threshold. | Spending is above the user's historical baseline. | Recurring financial obligations contribute to monthly pressure.,
586,2026-11-01,0.0023729872360276497,LOW,STABLE,SAVINGS_REINFORCEMENT,4,,MONITOR,Recurring financial obligations contribute to monthly pressure.,
587,2026-11-01,0.002085438094119256,LOW,STABLE,SAVINGS_REINFORCEMENT,4,,MONITOR,Recurring financial obligations contribute to monthly pressure.,
588,2026-11-01,0.0016840212898329748,LOW,STABLE,SAVINGS_REINFORCEMENT,4,,MONITOR,Recurring financial obligations contribute to monthly pressure.,
589,2026-11-01,0.002366973847403217,LOW,STABLE,SAVINGS_REINFORCEMENT,4,,MONITOR,Spending is above the user's historical baseline. | Recurring financial obligations contribute to monthly pressure.,
590,2026-11-01,0.002330763573264712,LOW,STABLE,SAVINGS_REINFORCEMENT,4,,MONITOR,Spending is above the user's historical baseline. | Recurring financial obligations contribute to monthly pressure.,
591,2026-11-01,0.001902714269782925,LOW,STABLE,SAVINGS_REINFORCEMENT,4,,MONITOR,Spending is growing faster than the configured threshold. | Spending is above the user's historical baseline. | Recurring financial obligations contribute to monthly pressure.,
592,2026-11-01,0.0018492531578481286,LOW,STABLE,SAVINGS_REINFORCEMENT,4,,MONITOR,Spending is growing faster than the configured threshold. | Spending is above the user's historical baseline. | Recurring financial obligations contribute to monthly pressure.,
593,2026-11-01,0.0021278196073261082,LOW,STABLE,SAVINGS_REINFORCEMENT,4,,MONITOR,Recurring financial obligations contribute to monthly pressure.,
594,2026-11-01,0.011216788877850676,LOW,LIQUIDITY_PRESSURE,SAVINGS_REINFORCEMENT,4,,MONITOR,Cash buffer is below 50% of the reference level. | Expense pressure is elevated. | Spending is growing faster than the configured threshold. | Spending is above the user's historical baseline. | Recurring financial obligations contribute to monthly pressure.,
595,2026-11-01,0.05944311681244183,LOW,LIQUIDITY_PRESSURE,SAVINGS_REINFORCEMENT,4,,MONITOR,Cash buffer is below 50% of the reference level. | Expense pressure is elevated. | Spending is above the user's historical baseline. | Recurring financial obligations contribute to monthly pressure.,
596,2026-11-01,0.003948151426121206,LOW,STABLE,SAVINGS_REINFORCEMENT,4,,MONITOR,Spending is growing faster than the configured threshold. | Spending is above the user's historical baseline. | Recurring financial obligations contribute to monthly pressure.,
597,2026-11-01,0.001811074213525585,LOW,STABLE,SAVINGS_REINFORCEMENT,4,,MONITOR,Recurring financial obligations contribute to monthly pressure.,
598,2026-11-01,0.002751945791435926,LOW,STABLE,SAVINGS_REINFORCEMENT,4,,MONITOR,Spending is above the user's historical baseline. | Recurring financial obligations contribute to monthly pressure.,
599,2026-11-01,0.0015781705807404514,LOW,STABLE,SAVINGS_REINFORCEMENT,4,,MONITOR,Spending is above the user's historical baseline. | Recurring financial obligations contribute to monthly pressure.,
600,2026-11-01,0.001457734714865478,LOW,STABLE,SAVINGS_REINFORCEMENT,4,,MONITOR,Recurring financial obligations contribute to monthly pressure.,
601,2026-11-01,0.002141241424796189,LOW,STABLE,SAVINGS_REINFORCEMENT,4,,MONITOR,Spending is growing faster than the configured threshold. | Spending is above the user's historical baseline. | Recurring financial obligations contribute to monthly pressure.,
602,2026-11-01,0.0026006538141889125,LOW,STABLE,SAVINGS_REINFORCEMENT,4,,MONITOR,Recurring financial obligations contribute to monthly pressure.,
603,2026-11-01,0.001565175098873379,LOW,STABLE,SAVINGS_REINFORCEMENT,4,,MONITOR,Spending is growing faster than the configured threshold. | Recurring financial obligations contribute to monthly pressure.,
604,2026-11-01,0.0015306920821446801,LOW,STABLE,SAVINGS_REINFORCEMENT,4,,MONITOR,Recurring financial obligations contribute to monthly pressure.,
605,2026-11-01,0.010897035151789799,LOW,STABLE,SAVINGS_REINFORCEMENT,4,,MONITOR,Recurring financial obligations contribute to monthly pressure.,
606,2026-11-01,0.0025062456587173765,LOW,STABLE,SAVINGS_REINFORCEMENT,4,,MONITOR,Expense pressure is elevated. | Recurring financial obligations contribute to monthly pressure.,
607,2026-11-01,0.0021790553434023257,LOW,STABLE,SAVINGS_REINFORCEMENT,4,,MONITOR,Recurring financial obligations contribute to monthly pressure.,
608,2026-11-01,0.002201489396635955,LOW,STABLE,SAVINGS_REINFORCEMENT,4,,MONITOR,Recurring financial obligations contribute to monthly pressure.,
609,2026-11-01,0.0017476955536470877,LOW,OBLIGATION_PRESSURE,SAVINGS_REINFORCEMENT,4,,MONITOR,Expense pressure is elevated. | Spending is growing faster than the configured threshold. | Spending is above the user's historical baseline. | Recurring financial obligations contribute to monthly pressure. | The recent balance trajectory is declining.,
610,2026-11-01,0.001637161141641219,LOW,STABLE,SAVINGS_REINFORCEMENT,4,,MONITOR,Recurring financial obligations contribute to monthly pressure.,
611,2026-11-01,0.02382748984441305,LOW,LIQUIDITY_PRESSURE,SAVINGS_REINFORCEMENT,4,,MONITOR,Cash buffer is below 50% of the reference level. | Expense pressure is elevated. | Recurring financial obligations contribute to monthly pressure.,
612,2026-11-01,0.01671591930998052,LOW,LIQUIDITY_PRESSURE,SAVINGS_REINFORCEMENT,4,,MONITOR,Cash buffer is below 50% of the reference level. | Expense pressure is elevated. | Spending is growing faster than the configured threshold. | Spending is above the user's historical baseline. | Recurring financial obligations contribute to monthly pressure.,
613,2026-11-01,0.0016206430078609464,LOW,STABLE,SAVINGS_REINFORCEMENT,4,,MONITOR,Recurring financial obligations contribute to monthly pressure.,
614,2026-11-01,0.001837301264770607,LOW,STABLE,SAVINGS_REINFORCEMENT,4,,MONITOR,Spending is growing faster than the configured threshold. | Spending is above the user's historical baseline. | Recurring financial obligations contribute to monthly pressure.,
615,2026-11-01,0.0035599924188793805,LOW,STABLE,SAVINGS_REINFORCEMENT,4,,MONITOR,Expense pressure is elevated. | Recurring financial obligations contribute to monthly pressure.,
616,2026-11-01,0.002409999319732651,LOW,STABLE,SAVINGS_REINFORCEMENT,4,,MONITOR,Recurring financial obligations contribute to monthly pressure.,
617,2026-11-01,0.0014385410554871136,LOW,STABLE,SAVINGS_REINFORCEMENT,4,,MONITOR,Recurring financial obligations contribute to monthly pressure.,
618,2026-11-01,0.0016919454902184848,LOW,STABLE,SAVINGS_REINFORCEMENT,4,,MONITOR,Spending is growing faster than the configured threshold. | Recurring financial obligations contribute to monthly pressure.,
619,2026-11-01,0.002460589396577787,LOW,STABLE,SAVINGS_REINFORCEMENT,4,,MONITOR,Recurring financial obligations contribute to monthly pressure.,
620,2026-11-01,0.008258700712666631,LOW,STABLE,SAVINGS_REINFORCEMENT,4,,MONITOR,Expense pressure is elevated. | Recurring financial obligations contribute to monthly pressure.,
621,2026-11-01,0.0016035325085862063,LOW,STABLE,SAVINGS_REINFORCEMENT,4,,MONITOR,Spending is growing faster than the configured threshold. | Spending is above the user's historical baseline. | Recurring financial obligations contribute to monthly pressure.,
622,2026-11-01,0.002363352725223726,LOW,STABLE,SAVINGS_REINFORCEMENT,4,,MONITOR,Spending is above the user's historical baseline. | Recurring financial obligations contribute to monthly pressure.,
623,2026-11-01,0.0013892126008221654,LOW,STABLE,SAVINGS_REINFORCEMENT,4,,MONITOR,Recurring financial obligations contribute to monthly pressure.,
624,2026-11-01,0.0015051459406843202,LOW,STABLE,SAVINGS_REINFORCEMENT,4,,MONITOR,Spending is growing faster than the configured threshold. | Spending is above the user's historical baseline. | Recurring financial obligations contribute to monthly pressure.,
625,2026-11-01,0.002585590004063675,LOW,STABLE,SAVINGS_REINFORCEMENT,4,,MONITOR,Expense pressure is elevated. | Spending is above the user's historical baseline. | Recurring financial obligations contribute to monthly pressure.,
626,2026-11-01,0.0019315293574386854,LOW,STABLE,SAVINGS_REINFORCEMENT,4,,MONITOR,Spending is above the user's historical baseline. | Recurring financial obligations contribute to monthly pressure.,
627,2026-11-01,0.0018383979818175442,LOW,STABLE,SAVINGS_REINFORCEMENT,4,,MONITOR,Recurring financial obligations contribute to monthly pressure.,
628,2026-11-01,0.059948960654971385,LOW,LIQUIDITY_PRESSURE,SAVINGS_REINFORCEMENT,4,,MONITOR,Cash buffer is below 50% of the reference level. | Expense pressure is elevated. | Recurring financial obligations contribute to monthly pressure.,
629,2026-11-01,0.0015176789268288794,LOW,STABLE,SAVINGS_REINFORCEMENT,4,,MONITOR,Spending is above the user's historical baseline. | Recurring financial obligations contribute to monthly pressure.,
630,2026-11-01,0.00246897067284544,LOW,STABLE,SAVINGS_REINFORCEMENT,4,,MONITOR,Recurring financial obligations contribute to monthly pressure.,
631,2026-11-01,0.0021528020104656194,LOW,STABLE,SAVINGS_REINFORCEMENT,4,,MONITOR,Recurring financial obligations contribute to monthly pressure.,
632,2026-11-01,0.0015327864853733712,LOW,STABLE,SAVINGS_REINFORCEMENT,4,,MONITOR,Recurring financial obligations contribute to monthly pressure.,
633,2026-11-01,0.0018363173705512608,LOW,STABLE,SAVINGS_REINFORCEMENT,4,,MONITOR,Recurring financial obligations contribute to monthly pressure.,
634,2026-11-01,0.0016243664852770765,LOW,STABLE,SAVINGS_REINFORCEMENT,4,,MONITOR,Expense pressure is elevated. | Spending is growing faster than the configured threshold. | Spending is above the user's historical baseline. | Recurring financial obligations contribute to monthly pressure.,
635,2026-11-01,0.002044589678323724,LOW,STABLE,SAVINGS_REINFORCEMENT,4,,MONITOR,Recurring financial obligations contribute to monthly pressure.,
636,2026-11-01,0.0018976234326345323,LOW,STABLE,SAVINGS_REINFORCEMENT,4,,MONITOR,Spending is growing faster than the configured threshold. | Recurring financial obligations contribute to monthly pressure.,
637,2026-11-01,0.0015052249205504535,LOW,STABLE,SAVINGS_REINFORCEMENT,4,,MONITOR,Recurring financial obligations contribute to monthly pressure.,
638,2026-11-01,0.0018994924811011828,LOW,STABLE,SAVINGS_REINFORCEMENT,4,,MONITOR,Recurring financial obligations contribute to monthly pressure.,
639,2026-11-01,0.0014563624756506392,LOW,STABLE,SAVINGS_REINFORCEMENT,4,,MONITOR,Spending is above the user's historical baseline. | Recurring financial obligations contribute to monthly pressure.,
640,2026-11-01,0.002249323906367667,LOW,SPENDING_PRESSURE,SAVINGS_REINFORCEMENT,4,,MONITOR,Expense pressure is elevated. | Spending is growing faster than the configured threshold. | Spending is above the user's historical baseline. | Recurring financial obligations contribute to monthly pressure. | The recent balance trajectory is declining.,
641,2026-11-01,0.0022880269259059863,LOW,STABLE,SAVINGS_REINFORCEMENT,4,,MONITOR,Recurring financial obligations contribute to monthly pressure.,
642,2026-11-01,0.0017978596245532708,LOW,STABLE,SAVINGS_REINFORCEMENT,4,,MONITOR,Spending is growing faster than the configured threshold. | Spending is above the user's historical baseline. | Recurring financial obligations contribute to monthly pressure.,
643,2026-11-01,0.0017084311771397836,LOW,STABLE,SAVINGS_REINFORCEMENT,4,,MONITOR,Recurring financial obligations contribute to monthly pressure.,
644,2026-11-01,0.003203116231906664,LOW,STABLE,SAVINGS_REINFORCEMENT,4,,MONITOR,Expense pressure is elevated. | Spending is above the user's historical baseline. | Recurring financial obligations contribute to monthly pressure.,
645,2026-11-01,0.0015661091004313074,LOW,STABLE,SAVINGS_REINFORCEMENT,4,,MONITOR,Recurring financial obligations contribute to monthly pressure.,
646,2026-11-01,0.002749926903603634,LOW,STABLE,SAVINGS_REINFORCEMENT,4,,MONITOR,Expense pressure is elevated. | Recurring financial obligations contribute to monthly pressure.,
647,2026-11-01,0.0018599116531042611,LOW,STABLE,SAVINGS_REINFORCEMENT,4,,MONITOR,Recurring financial obligations contribute to monthly pressure.,
648,2026-11-01,0.0018424864194542,LOW,STABLE,SAVINGS_REINFORCEMENT,4,,MONITOR,Expense pressure is elevated. | Spending is above the user's historical baseline. | Recurring financial obligations contribute to monthly pressure.,
649,2026-11-01,0.0022078010104383877,LOW,STABLE,SAVINGS_REINFORCEMENT,4,,MONITOR,Recurring financial obligations contribute to monthly pressure.,
650,2026-11-01,0.003245636848399746,LOW,STABLE,SAVINGS_REINFORCEMENT,4,,MONITOR,Expense pressure is elevated. | Spending is growing faster than the configured threshold. | Spending is above the user's historical baseline. | Recurring financial obligations contribute to monthly pressure.,
651,2026-11-01,0.0020783516790985135,LOW,STABLE,SAVINGS_REINFORCEMENT,4,,MONITOR,Recurring financial obligations contribute to monthly pressure.,
652,2026-11-01,0.0021332944897286244,LOW,STABLE,SAVINGS_REINFORCEMENT,4,,MONITOR,Spending is growing faster than the configured threshold. | Spending is above the user's historical baseline. | Recurring financial obligations contribute to monthly pressure.,
653,2026-11-01,0.0013827309039152113,LOW,STABLE,SAVINGS_REINFORCEMENT,4,,MONITOR,Recurring financial obligations contribute to monthly pressure.,
654,2026-11-01,0.0020021469836587077,LOW,STABLE,SAVINGS_REINFORCEMENT,4,,MONITOR,Spending is growing faster than the configured threshold. | Recurring financial obligations contribute to monthly pressure.,
655,2026-11-01,0.001702019275708884,LOW,STABLE,SAVINGS_REINFORCEMENT,4,,MONITOR,Expense pressure is elevated. | Spending is above the user's historical baseline. | Recurring financial obligations contribute to monthly pressure.,
656,2026-11-01,0.0018421218555968583,LOW,STABLE,SAVINGS_REINFORCEMENT,4,,MONITOR,Spending is growing faster than the configured threshold. | Spending is above the user's historical baseline. | Recurring financial obligations contribute to monthly pressure.,
657,2026-11-01,0.0014446686886564926,LOW,STABLE,SAVINGS_REINFORCEMENT,4,,MONITOR,Recurring financial obligations contribute to monthly pressure.,
658,2026-11-01,0.002108372740331685,LOW,STABLE,SAVINGS_REINFORCEMENT,4,,MONITOR,Recurring financial obligations contribute to monthly pressure.,
659,2026-11-01,0.002776653283836436,LOW,STABLE,SAVINGS_REINFORCEMENT,4,,MONITOR,Expense pressure is elevated. | Spending is growing faster than the configured threshold. | Spending is above the user's historical baseline. | Recurring financial obligations contribute to monthly pressure.,
660,2026-11-01,0.07398338189851034,LOW,LIQUIDITY_PRESSURE,SAVINGS_REINFORCEMENT,4,,MONITOR,Cash buffer is below 50% of the reference level. | Expense pressure is elevated. | Recurring financial obligations contribute to monthly pressure.,
661,2026-11-01,0.0020247415559470064,LOW,STABLE,SAVINGS_REINFORCEMENT,4,,MONITOR,Recurring financial obligations contribute to monthly pressure.,
662,2026-11-01,0.005916962048343204,LOW,STABLE,SAVINGS_REINFORCEMENT,4,,MONITOR,Recurring financial obligations contribute to monthly pressure.,
663,2026-11-01,0.0019562672159455312,LOW,STABLE,SAVINGS_REINFORCEMENT,4,,MONITOR,Recurring financial obligations contribute to monthly pressure.,
664,2026-11-01,0.001995381292994182,LOW,STABLE,SAVINGS_REINFORCEMENT,4,,MONITOR,Spending is growing faster than the configured threshold. | Recurring financial obligations contribute to monthly pressure.,
665,2026-11-01,0.0021943844445632787,LOW,STABLE,SAVINGS_REINFORCEMENT,4,,MONITOR,Expense pressure is elevated. | Spending is growing faster than the configured threshold. | Spending is above the user's historical baseline. | Recurring financial obligations contribute to monthly pressure.,
666,2026-11-01,0.003117678568795533,LOW,STABLE,SAVINGS_REINFORCEMENT,4,,MONITOR,Spending is above the user's historical baseline. | Recurring financial obligations contribute to monthly pressure.,
667,2026-11-01,0.002208054617542155,LOW,STABLE,SAVINGS_REINFORCEMENT,4,,MONITOR,Expense pressure is elevated. | Spending is above the user's historical baseline. | Recurring financial obligations contribute to monthly pressure.,
668,2026-11-01,0.0022651921947019022,LOW,STABLE,SAVINGS_REINFORCEMENT,4,,MONITOR,Recurring financial obligations contribute to monthly pressure.,
669,2026-11-01,0.0019144940569162823,LOW,STABLE,SAVINGS_REINFORCEMENT,4,,MONITOR,Recurring financial obligations contribute to monthly pressure.,
670,2026-11-01,0.0014436534125914786,LOW,STABLE,SAVINGS_REINFORCEMENT,4,,MONITOR,Spending is above the user's historical baseline. | Recurring financial obligations contribute to monthly pressure.,
671,2026-11-01,0.0019597349582551908,LOW,STABLE,SAVINGS_REINFORCEMENT,4,,MONITOR,Recurring financial obligations contribute to monthly pressure.,
672,2026-11-01,0.0017311771982234925,LOW,STABLE,SAVINGS_REINFORCEMENT,4,,MONITOR,Spending is above the user's historical baseline. | Recurring financial obligations contribute to monthly pressure.,
673,2026-11-01,0.0014165637432357531,LOW,STABLE,SAVINGS_REINFORCEMENT,4,,MONITOR,Spending is growing faster than the configured threshold. | Recurring financial obligations contribute to monthly pressure.,
674,2026-11-01,0.0028412398827139798,LOW,STABLE,SAVINGS_REINFORCEMENT,4,,MONITOR,Recurring financial obligations contribute to monthly pressure.,
675,2026-11-01,0.0034200278416716837,LOW,STABLE,SAVINGS_REINFORCEMENT,4,,MONITOR,Recurring financial obligations contribute to monthly pressure.,
676,2026-11-01,0.002870362988416455,LOW,STABLE,SAVINGS_REINFORCEMENT,4,,MONITOR,Expense pressure is elevated. | Spending is growing faster than the configured threshold. | Spending is above the user's historical baseline. | Recurring financial obligations contribute to monthly pressure.,
677,2026-11-01,0.002088929554780129,LOW,STABLE,SAVINGS_REINFORCEMENT,4,,MONITOR,Spending is growing faster than the configured threshold. | Spending is above the user's historical baseline. | Recurring financial obligations contribute to monthly pressure.,
678,2026-11-01,0.001629130917734314,LOW,STABLE,SAVINGS_REINFORCEMENT,4,,MONITOR,Recurring financial obligations contribute to monthly pressure.,
679,2026-11-01,0.0019834788040658962,LOW,STABLE,SAVINGS_REINFORCEMENT,4,,MONITOR,Spending is growing faster than the configured threshold. | Recurring financial obligations contribute to monthly pressure.,
680,2026-11-01,0.0024015736464386454,LOW,OBLIGATION_PRESSURE,SAVINGS_REINFORCEMENT,4,,MONITOR,Expense pressure is elevated. | Spending is growing faster than the configured threshold. | Spending is above the user's historical baseline. | Recurring financial obligations contribute to monthly pressure. | The recent balance trajectory is declining.,
681,2026-11-01,0.0025313238383909554,LOW,STABLE,SAVINGS_REINFORCEMENT,4,,MONITOR,Expense pressure is elevated. | Spending is growing faster than the configured threshold. | Recurring financial obligations contribute to monthly pressure.,
682,2026-11-01,0.0015364749385845644,LOW,STABLE,SAVINGS_REINFORCEMENT,4,,MONITOR,Recurring financial obligations contribute to monthly pressure.,
683,2026-11-01,0.0017535308025830518,LOW,STABLE,SAVINGS_REINFORCEMENT,4,,MONITOR,Recurring financial obligations contribute to monthly pressure.,
684,2026-11-01,0.002526675436774154,LOW,STABLE,SAVINGS_REINFORCEMENT,4,,MONITOR,Recurring financial obligations contribute to monthly pressure.,
685,2026-11-01,0.001848154486971405,LOW,STABLE,SAVINGS_REINFORCEMENT,4,,MONITOR,Spending is growing faster than the configured threshold. | Recurring financial obligations contribute to monthly pressure.,
686,2026-11-01,0.0017092632168485464,LOW,STABLE,SAVINGS_REINFORCEMENT,4,,MONITOR,Spending is above the user's historical baseline. | Recurring financial obligations contribute to monthly pressure.,
687,2026-11-01,0.24780875884015258,LOW,LIQUIDITY_PRESSURE,SAVINGS_REINFORCEMENT,4,,MONITOR,Cash buffer is below 50% of the reference level. | Expense pressure is elevated. | Recurring financial obligations contribute to monthly pressure.,
688,2026-11-01,0.002120986469090833,LOW,STABLE,SAVINGS_REINFORCEMENT,4,,MONITOR,Recurring financial obligations contribute to monthly pressure.,
689,2026-11-01,0.001540873661235925,LOW,STABLE,SAVINGS_REINFORCEMENT,4,,MONITOR,Spending is growing faster than the configured threshold. | Spending is above the user's historical baseline. | Recurring financial obligations contribute to monthly pressure.,
690,2026-11-01,0.002016997783078104,LOW,OBLIGATION_PRESSURE,SAVINGS_REINFORCEMENT,4,,MONITOR,Expense pressure is elevated. | Spending is growing faster than the configured threshold. | Spending is above the user's historical baseline. | Recurring financial obligations contribute to monthly pressure. | The recent balance trajectory is declining.,
691,2026-11-01,0.0021902116890813823,LOW,STABLE,SAVINGS_REINFORCEMENT,4,,MONITOR,Expense pressure is elevated. | Recurring financial obligations contribute to monthly pressure.,
692,2026-11-01,0.01595039051311607,LOW,OBLIGATION_PRESSURE,SAVINGS_REINFORCEMENT,4,,MONITOR,Expense pressure is elevated. | Recurring financial obligations contribute to monthly pressure. | The recent balance trajectory is declining.,
693,2026-11-01,0.0018666596179385917,LOW,STABLE,SAVINGS_REINFORCEMENT,4,,MONITOR,Recurring financial obligations contribute to monthly pressure.,
694,2026-11-01,0.00220375995141852,LOW,STABLE,SAVINGS_REINFORCEMENT,4,,MONITOR,Recurring financial obligations contribute to monthly pressure.,
695,2026-11-01,0.0022548678581561423,LOW,STABLE,SAVINGS_REINFORCEMENT,4,,MONITOR,Spending is above the user's historical baseline. | Recurring financial obligations contribute to monthly pressure.,
696,2026-11-01,0.33903379307718456,MODERATE,STABLE,SAVINGS_REINFORCEMENT,4,,MONITOR,Cash buffer is below 50% of the reference level. | Recurring financial obligations contribute to monthly pressure.,
697,2026-11-01,0.0021988305490944363,LOW,STABLE,SAVINGS_REINFORCEMENT,4,,MONITOR,Expense pressure is elevated. | Recurring financial obligations contribute to monthly pressure.,
698,2026-11-01,0.00237979210289017,LOW,STABLE,SAVINGS_REINFORCEMENT,4,,MONITOR,Recurring financial obligations contribute to monthly pressure.,
699,2026-11-01,0.00200605515241091,LOW,STABLE,SAVINGS_REINFORCEMENT,4,,MONITOR,Spending is growing faster than the configured threshold. | Recurring financial obligations contribute to monthly pressure.,
700,2026-11-01,0.0022132130736658637,LOW,STABLE,SAVINGS_REINFORCEMENT,4,,MONITOR,Expense pressure is elevated. | Spending is growing faster than the configured threshold. | Spending is above the user's historical baseline. | Recurring financial obligations contribute to monthly pressure.,
701,2026-11-01,0.0019712178034915835,LOW,SPENDING_PRESSURE,SAVINGS_REINFORCEMENT,4,,MONITOR,Expense pressure is elevated. | Spending is growing faster than the configured threshold. | Spending is above the user's historical baseline. | Recurring financial obligations contribute to monthly pressure. | The recent balance trajectory is declining.,
702,2026-11-01,0.0025982428697727093,LOW,STABLE,SAVINGS_REINFORCEMENT,4,,MONITOR,Expense pressure is elevated. | Spending is growing faster than the configured threshold. | Recurring financial obligations contribute to monthly pressure.,
703,2026-11-01,0.004947193638517357,LOW,STABLE,SAVINGS_REINFORCEMENT,4,,MONITOR,Spending is growing faster than the configured threshold. | Spending is above the user's historical baseline. | Recurring financial obligations contribute to monthly pressure.,
704,2026-11-01,0.0027038694305699116,LOW,STABLE,SAVINGS_REINFORCEMENT,4,,MONITOR,Spending is above the user's historical baseline. | Recurring financial obligations contribute to monthly pressure.,
705,2026-11-01,0.002185674696427524,LOW,STABLE,SAVINGS_REINFORCEMENT,4,,MONITOR,Spending is above the user's historical baseline. | Recurring financial obligations contribute to monthly pressure.,
706,2026-11-01,0.001630130148824393,LOW,STABLE,SAVINGS_REINFORCEMENT,4,,MONITOR,Spending is above the user's historical baseline. | Recurring financial obligations contribute to monthly pressure.,
707,2026-11-01,0.0016707251722960475,LOW,STABLE,SAVINGS_REINFORCEMENT,4,,MONITOR,Spending is growing faster than the configured threshold. | Spending is above the user's historical baseline. | Recurring financial obligations contribute to monthly pressure.,
708,2026-11-01,0.0019479436279159796,LOW,STABLE,SAVINGS_REINFORCEMENT,4,,MONITOR,Recurring financial obligations contribute to monthly pressure.,
709,2026-11-01,0.0017022271766408779,LOW,STABLE,SAVINGS_REINFORCEMENT,4,,MONITOR,Spending is growing faster than the configured threshold. | Recurring financial obligations contribute to monthly pressure.,
710,2026-11-01,0.0019025089969391194,LOW,STABLE,SAVINGS_REINFORCEMENT,4,,MONITOR,Expense pressure is elevated. | Recurring financial obligations contribute to monthly pressure.,
711,2026-11-01,0.003726301450694125,LOW,STABLE,SAVINGS_REINFORCEMENT,4,,MONITOR,Expense pressure is elevated. | Recurring financial obligations contribute to monthly pressure.,
712,2026-11-01,0.0016788481669096828,LOW,STABLE,SAVINGS_REINFORCEMENT,4,,MONITOR,Recurring financial obligations contribute to monthly pressure.,
713,2026-11-01,0.0016783547898890712,LOW,STABLE,SAVINGS_REINFORCEMENT,4,,MONITOR,Recurring financial obligations contribute to monthly pressure.,
714,2026-11-01,0.0018676749920271004,LOW,STABLE,SAVINGS_REINFORCEMENT,4,,MONITOR,Recurring financial obligations contribute to monthly pressure.,
715,2026-11-01,0.0024720493654832795,LOW,STABLE,SAVINGS_REINFORCEMENT,4,,MONITOR,Spending is growing faster than the configured threshold. | Spending is above the user's historical baseline. | Recurring financial obligations contribute to monthly pressure.,
716,2026-11-01,0.002412681903658137,LOW,OBLIGATION_PRESSURE,SAVINGS_REINFORCEMENT,4,,MONITOR,Expense pressure is elevated. | Spending is growing faster than the configured threshold. | Spending is above the user's historical baseline. | Recurring financial obligations contribute to monthly pressure. | The recent balance trajectory is declining.,
717,2026-11-01,0.0025494613501259216,LOW,STABLE,SAVINGS_REINFORCEMENT,4,,MONITOR,Expense pressure is elevated. | Spending is growing faster than the configured threshold. | Recurring financial obligations contribute to monthly pressure.,
718,2026-11-01,0.0018239623660635976,LOW,STABLE,SAVINGS_REINFORCEMENT,4,,MONITOR,Recurring financial obligations contribute to monthly pressure.,
719,2026-11-01,0.0028259724878638127,LOW,STABLE,SAVINGS_REINFORCEMENT,4,,MONITOR,Recurring financial obligations contribute to monthly pressure.,
720,2026-11-01,0.003088185187696855,LOW,STABLE,SAVINGS_REINFORCEMENT,4,,MONITOR,Recurring financial obligations contribute to monthly pressure.,
721,2026-11-01,0.0017996260615450303,LOW,STABLE,SAVINGS_REINFORCEMENT,4,,MONITOR,Spending is growing faster than the configured threshold. | Spending is above the user's historical baseline. | Recurring financial obligations contribute to monthly pressure.,
722,2026-11-01,0.002173392666617864,LOW,STABLE,SAVINGS_REINFORCEMENT,4,,MONITOR,Expense pressure is elevated. | Spending is above the user's historical baseline. | Recurring financial obligations contribute to monthly pressure.,
723,2026-11-01,0.0022115582751275555,LOW,STABLE,SAVINGS_REINFORCEMENT,4,,MONITOR,Expense pressure is elevated. | Spending is growing faster than the configured threshold. | Recurring financial obligations contribute to monthly pressure.,
724,2026-11-01,0.0025766917185193233,LOW,STABLE,SAVINGS_REINFORCEMENT,4,,MONITOR,Expense pressure is elevated. | Recurring financial obligations contribute to monthly pressure.,
725,2026-11-01,0.001946486887948681,LOW,STABLE,SAVINGS_REINFORCEMENT,4,,MONITOR,Expense pressure is elevated. | Recurring financial obligations contribute to monthly pressure.,
726,2026-11-01,0.002147819270721469,LOW,STABLE,SAVINGS_REINFORCEMENT,4,,MONITOR,Spending is growing faster than the configured threshold. | Spending is above the user's historical baseline. | Recurring financial obligations contribute to monthly pressure.,
727,2026-11-01,0.004842993014464303,LOW,STABLE,SAVINGS_REINFORCEMENT,4,,MONITOR,Recurring financial obligations contribute to monthly pressure.,
728,2026-11-01,0.00260674267751954,LOW,STABLE,SAVINGS_REINFORCEMENT,4,,MONITOR,Expense pressure is elevated. | Spending is above the user's historical baseline. | Recurring financial obligations contribute to monthly pressure.,
729,2026-11-01,0.007313996738651072,LOW,STABLE,SAVINGS_REINFORCEMENT,4,,MONITOR,Expense pressure is elevated. | Recurring financial obligations contribute to monthly pressure.,
730,2026-11-01,0.0022077509383628944,LOW,STABLE,SAVINGS_REINFORCEMENT,4,,MONITOR,Spending is above the user's historical baseline. | Recurring financial obligations contribute to monthly pressure.,
731,2026-11-01,0.0024578988548748146,LOW,STABLE,SAVINGS_REINFORCEMENT,4,,MONITOR,Recurring financial obligations contribute to monthly pressure.,
732,2026-11-01,0.0019129018687100495,LOW,STABLE,SAVINGS_REINFORCEMENT,4,,MONITOR,Recurring financial obligations contribute to monthly pressure.,
733,2026-11-01,0.0024679582207446575,LOW,STABLE,SAVINGS_REINFORCEMENT,4,,MONITOR,Recurring financial obligations contribute to monthly pressure.,
734,2026-11-01,0.0020601921885467205,LOW,STABLE,SAVINGS_REINFORCEMENT,4,,MONITOR,Spending is above the user's historical baseline. | Recurring financial obligations contribute to monthly pressure.,
735,2026-11-01,0.0018664696903442821,LOW,OBLIGATION_PRESSURE,SAVINGS_REINFORCEMENT,4,,MONITOR,Expense pressure is elevated. | Spending is growing faster than the configured threshold. | Spending is above the user's historical baseline. | Recurring financial obligations contribute to monthly pressure. | The recent balance trajectory is declining.,
736,2026-11-01,0.0018789345867882932,LOW,STABLE,SAVINGS_REINFORCEMENT,4,,MONITOR,Spending is above the user's historical baseline. | Recurring financial obligations contribute to monthly pressure.,
737,2026-11-01,0.0021882242816373713,LOW,STABLE,SAVINGS_REINFORCEMENT,4,,MONITOR,Recurring financial obligations contribute to monthly pressure.,
738,2026-11-01,0.011945474584430548,LOW,STABLE,SAVINGS_REINFORCEMENT,4,,MONITOR,Expense pressure is elevated. | Spending is growing faster than the configured threshold. | Recurring financial obligations contribute to monthly pressure.,
739,2026-11-01,0.004320584110066977,LOW,STABLE,SAVINGS_REINFORCEMENT,4,,MONITOR,Expense pressure is elevated. | Recurring financial obligations contribute to monthly pressure.,
740,2026-11-01,0.0023313267567386603,LOW,STABLE,SAVINGS_REINFORCEMENT,4,,MONITOR,Expense pressure is elevated. | Spending is growing faster than the configured threshold. | Recurring financial obligations contribute to monthly pressure.,
741,2026-11-01,0.0021939219952291627,LOW,STABLE,SAVINGS_REINFORCEMENT,4,,MONITOR,Recurring financial obligations contribute to monthly pressure.,
742,2026-11-01,0.002067978826343455,LOW,STABLE,SAVINGS_REINFORCEMENT,4,,MONITOR,Spending is above the user's historical baseline. | Recurring financial obligations contribute to monthly pressure.,
743,2026-11-01,0.001980219086440814,LOW,STABLE,SAVINGS_REINFORCEMENT,4,,MONITOR,Recurring financial obligations contribute to monthly pressure.,
744,2026-11-01,0.0022923302632271714,LOW,STABLE,SAVINGS_REINFORCEMENT,4,,MONITOR,Expense pressure is elevated. | Spending is growing faster than the configured threshold. | Spending is above the user's historical baseline. | Recurring financial obligations contribute to monthly pressure.,
745,2026-11-01,0.0018039833679008113,LOW,STABLE,SAVINGS_REINFORCEMENT,4,,MONITOR,Recurring financial obligations contribute to monthly pressure.,
746,2026-11-01,0.004525505765211628,LOW,STABLE,SAVINGS_REINFORCEMENT,4,,MONITOR,Expense pressure is elevated. | Spending is growing faster than the configured threshold. | Spending is above the user's historical baseline. | Recurring financial obligations contribute to monthly pressure.,
747,2026-11-01,0.20959054842291497,LOW,LIQUIDITY_PRESSURE,SAVINGS_REINFORCEMENT,4,,MONITOR,Cash buffer is below 50% of the reference level. | Expense pressure is elevated. | Spending is growing faster than the configured threshold. | Spending is above the user's historical baseline. | Recurring financial obligations contribute to monthly pressure.,
748,2026-11-01,0.0023161750216451945,LOW,STABLE,SAVINGS_REINFORCEMENT,4,,MONITOR,Recurring financial obligations contribute to monthly pressure.,
749,2026-11-01,0.0019444508047975612,LOW,STABLE,SAVINGS_REINFORCEMENT,4,,MONITOR,Recurring financial obligations contribute to monthly pressure.,
750,2026-11-01,0.039556657173107426,LOW,STABLE,SAVINGS_REINFORCEMENT,4,,MONITOR,Expense pressure is elevated. | Recurring financial obligations contribute to monthly pressure.,
751,2026-11-01,0.0020684621208136573,LOW,STABLE,SAVINGS_REINFORCEMENT,4,,MONITOR,Recurring financial obligations contribute to monthly pressure.,
752,2026-11-01,0.001522495726983369,LOW,STABLE,SAVINGS_REINFORCEMENT,4,,MONITOR,Spending is above the user's historical baseline. | Recurring financial obligations contribute to monthly pressure.,
753,2026-11-01,0.0015541504405740564,LOW,STABLE,SAVINGS_REINFORCEMENT,4,,MONITOR,Spending is growing faster than the configured threshold. | Spending is above the user's historical baseline. | Recurring financial obligations contribute to monthly pressure.,
754,2026-11-01,0.02434724250561663,LOW,LIQUIDITY_PRESSURE,SAVINGS_REINFORCEMENT,4,,MONITOR,Cash buffer is below 50% of the reference level. | Expense pressure is elevated. | Spending is growing faster than the configured threshold. | Spending is above the user's historical baseline. | Recurring financial obligations contribute to monthly pressure.,
755,2026-11-01,0.0019709687220063584,LOW,STABLE,SAVINGS_REINFORCEMENT,4,,MONITOR,Spending is growing faster than the configured threshold. | Spending is above the user's historical baseline. | Recurring financial obligations contribute to monthly pressure.,
756,2026-11-01,0.0021253290064423024,LOW,STABLE,SAVINGS_REINFORCEMENT,4,,MONITOR,Recurring financial obligations contribute to monthly pressure.,
757,2026-11-01,0.05142167679555528,LOW,STABLE,SAVINGS_REINFORCEMENT,4,,MONITOR,Expense pressure is elevated. | Recurring financial obligations contribute to monthly pressure.,
758,2026-11-01,0.0015303868923634222,LOW,STABLE,SAVINGS_REINFORCEMENT,4,,MONITOR,Recurring financial obligations contribute to monthly pressure.,
759,2026-11-01,0.001656706338103187,LOW,STABLE,SAVINGS_REINFORCEMENT,4,,MONITOR,Spending is growing faster than the configured threshold. | Recurring financial obligations contribute to monthly pressure.,
760,2026-11-01,0.001813770145990791,LOW,STABLE,SAVINGS_REINFORCEMENT,4,,MONITOR,Recurring financial obligations contribute to monthly pressure.,
761,2026-11-01,0.0022188743097012347,LOW,STABLE,SAVINGS_REINFORCEMENT,4,,MONITOR,Expense pressure is elevated. | Spending is above the user's historical baseline. | Recurring financial obligations contribute to monthly pressure.,
762,2026-11-01,0.0021473990146536346,LOW,STABLE,SAVINGS_REINFORCEMENT,4,,MONITOR,Recurring financial obligations contribute to monthly pressure.,
763,2026-11-01,0.001389184509369984,LOW,STABLE,SAVINGS_REINFORCEMENT,4,,MONITOR,Recurring financial obligations contribute to monthly pressure.,
764,2026-11-01,0.0026088963582525672,LOW,STABLE,SAVINGS_REINFORCEMENT,4,,MONITOR,Recurring financial obligations contribute to monthly pressure.,
765,2026-11-01,0.0016921654138875302,LOW,STABLE,SAVINGS_REINFORCEMENT,4,,MONITOR,Spending is growing faster than the configured threshold. | Spending is above the user's historical baseline. | Recurring financial obligations contribute to monthly pressure.,
766,2026-11-01,0.00180687379493212,LOW,STABLE,SAVINGS_REINFORCEMENT,4,,MONITOR,Spending is growing faster than the configured threshold. | Recurring financial obligations contribute to monthly pressure.,
767,2026-11-01,0.0018297053446582137,LOW,STABLE,SAVINGS_REINFORCEMENT,4,,MONITOR,Recurring financial obligations contribute to monthly pressure.,
768,2026-11-01,0.0019378015447400257,LOW,STABLE,SAVINGS_REINFORCEMENT,4,,MONITOR,Recurring financial obligations contribute to monthly pressure.,
769,2026-11-01,0.0018512253637567443,LOW,STABLE,SAVINGS_REINFORCEMENT,4,,MONITOR,Recurring financial obligations contribute to monthly pressure.,
770,2026-11-01,0.011506278429932737,LOW,STABLE,SAVINGS_REINFORCEMENT,4,,MONITOR,Expense pressure is elevated. | Recurring financial obligations contribute to monthly pressure.,
771,2026-11-01,0.0018905571866128113,LOW,STABLE,SAVINGS_REINFORCEMENT,4,,MONITOR,Recurring financial obligations contribute to monthly pressure.,
773,2026-11-01,0.0015528384653959437,LOW,STABLE,SAVINGS_REINFORCEMENT,4,,MONITOR,Recurring financial obligations contribute to monthly pressure.,
774,2026-11-01,0.002115314992648051,LOW,STABLE,SAVINGS_REINFORCEMENT,4,,MONITOR,Recurring financial obligations contribute to monthly pressure.,
775,2026-11-01,0.002090990115830542,LOW,STABLE,SAVINGS_REINFORCEMENT,4,,MONITOR,Expense pressure is elevated. | Spending is growing faster than the configured threshold. | Spending is above the user's historical baseline. | Recurring financial obligations contribute to monthly pressure.,
776,2026-11-01,0.0014301203290532883,LOW,STABLE,SAVINGS_REINFORCEMENT,4,,MONITOR,Spending is above the user's historical baseline. | Recurring financial obligations contribute to monthly pressure.,
777,2026-11-01,0.0017037517746464413,LOW,STABLE,SAVINGS_REINFORCEMENT,4,,MONITOR,Spending is above the user's historical baseline. | Recurring financial obligations contribute to monthly pressure.,
778,2026-11-01,0.003707515637389564,LOW,STABLE,SAVINGS_REINFORCEMENT,4,,MONITOR,Expense pressure is elevated. | Recurring financial obligations contribute to monthly pressure.,
779,2026-11-01,0.0019606890097740885,LOW,STABLE,SAVINGS_REINFORCEMENT,4,,MONITOR,Spending is growing faster than the configured threshold. | Spending is above the user's historical baseline. | Recurring financial obligations contribute to monthly pressure.,
780,2026-11-01,0.0016922086581041562,LOW,STABLE,SAVINGS_REINFORCEMENT,4,,MONITOR,Recurring financial obligations contribute to monthly pressure.,
781,2026-11-01,0.0016645384374514838,LOW,STABLE,SAVINGS_REINFORCEMENT,4,,MONITOR,Recurring financial obligations contribute to monthly pressure.,
782,2026-11-01,0.0016653934480709725,LOW,STABLE,SAVINGS_REINFORCEMENT,4,,MONITOR,Recurring financial obligations contribute to monthly pressure.,
783,2026-11-01,0.0027679841485306615,LOW,STABLE,SAVINGS_REINFORCEMENT,4,,MONITOR,Recurring financial obligations contribute to monthly pressure.,
784,2026-11-01,0.0022162524473307373,LOW,STABLE,SAVINGS_REINFORCEMENT,4,,MONITOR,Recurring financial obligations contribute to monthly pressure.,
785,2026-11-01,0.0022716202524986516,LOW,SPENDING_PRESSURE,SAVINGS_REINFORCEMENT,4,,MONITOR,Expense pressure is elevated. | Spending is growing faster than the configured threshold. | Spending is above the user's historical baseline. | Recurring financial obligations contribute to monthly pressure. | The recent balance trajectory is declining.,
786,2026-11-01,0.0017893546322025233,LOW,STABLE,SAVINGS_REINFORCEMENT,4,,MONITOR,Spending is above the user's historical baseline. | Recurring financial obligations contribute to monthly pressure.,
787,2026-11-01,0.0015065095691673195,LOW,STABLE,SAVINGS_REINFORCEMENT,4,,MONITOR,Spending is above the user's historical baseline. | Recurring financial obligations contribute to monthly pressure.,
788,2026-11-01,0.002828492393467769,LOW,STABLE,SAVINGS_REINFORCEMENT,4,,MONITOR,Expense pressure is elevated. | Recurring financial obligations contribute to monthly pressure.,
789,2026-11-01,0.0021651883969229227,LOW,STABLE,SAVINGS_REINFORCEMENT,4,,MONITOR,Recurring financial obligations contribute to monthly pressure.,
790,2026-11-01,0.001708572113886224,LOW,STABLE,SAVINGS_REINFORCEMENT,4,,MONITOR,Expense pressure is elevated. | Spending is growing faster than the configured threshold. | Spending is above the user's historical baseline. | Recurring financial obligations contribute to monthly pressure.,
791,2026-11-01,0.0015748775361108971,LOW,STABLE,SAVINGS_REINFORCEMENT,4,,MONITOR,Recurring financial obligations contribute to monthly pressure.,
792,2026-11-01,0.0022012672228934986,LOW,STABLE,SAVINGS_REINFORCEMENT,4,,MONITOR,Recurring financial obligations contribute to monthly pressure.,
793,2026-11-01,0.0015121642565854322,LOW,STABLE,SAVINGS_REINFORCEMENT,4,,MONITOR,Spending is growing faster than the configured threshold. | Spending is above the user's historical baseline. | Recurring financial obligations contribute to monthly pressure.,
794,2026-11-01,0.001462090697722687,LOW,STABLE,SAVINGS_REINFORCEMENT,4,,MONITOR,Recurring financial obligations contribute to monthly pressure.,
795,2026-11-01,0.0023314916146815854,LOW,STABLE,SAVINGS_REINFORCEMENT,4,,MONITOR,Expense pressure is elevated. | Recurring financial obligations contribute to monthly pressure.,
796,2026-11-01,0.0033736565213529136,LOW,STABLE,SAVINGS_REINFORCEMENT,4,,MONITOR,Expense pressure is elevated. | Recurring financial obligations contribute to monthly pressure.,
797,2026-11-01,0.0024901748437373777,LOW,SPENDING_PRESSURE,SAVINGS_REINFORCEMENT,4,,MONITOR,Expense pressure is elevated. | Spending is growing faster than the configured threshold. | Spending is above the user's historical baseline. | Recurring financial obligations contribute to monthly pressure. | The recent balance trajectory is declining.,
798,2026-11-01,0.001742868913572659,LOW,STABLE,SAVINGS_REINFORCEMENT,4,,MONITOR,Recurring financial obligations contribute to monthly pressure.,
799,2026-11-01,0.0017963724946780733,LOW,STABLE,SAVINGS_REINFORCEMENT,4,,MONITOR,Spending is growing faster than the configured threshold. | Spending is above the user's historical baseline. | Recurring financial obligations contribute to monthly pressure.,
800,2026-11-01,0.0018580815400505545,LOW,STABLE,SAVINGS_REINFORCEMENT,4,,MONITOR,Recurring financial obligations contribute to monthly pressure.,
801,2026-11-01,0.002271861420274215,LOW,STABLE,SAVINGS_REINFORCEMENT,4,,MONITOR,Expense pressure is elevated. | Recurring financial obligations contribute to monthly pressure.,
802,2026-11-01,0.0037809308637488438,LOW,STABLE,SAVINGS_REINFORCEMENT,4,,MONITOR,Expense pressure is elevated. | Recurring financial obligations contribute to monthly pressure.,
803,2026-11-01,0.0019285448130533511,LOW,STABLE,SAVINGS_REINFORCEMENT,4,,MONITOR,Expense pressure is elevated. | Spending is growing faster than the configured threshold. | Spending is above the user's historical baseline. | Recurring financial obligations contribute to monthly pressure.,
804,2026-11-01,0.0017131852141207594,LOW,STABLE,SAVINGS_REINFORCEMENT,4,,MONITOR,Spending is growing faster than the configured threshold. | Spending is above the user's historical baseline. | Recurring financial obligations contribute to monthly pressure.,
805,2026-11-01,0.012430019507870128,LOW,STABLE,SAVINGS_REINFORCEMENT,4,,MONITOR,Expense pressure is elevated. | Spending is above the user's historical baseline. | Recurring financial obligations contribute to monthly pressure.,
806,2026-11-01,0.0031481159531611394,LOW,STABLE,SAVINGS_REINFORCEMENT,4,,MONITOR,Expense pressure is elevated. | Recurring financial obligations contribute to monthly pressure.,
807,2026-11-01,0.002710159142284607,LOW,STABLE,SAVINGS_REINFORCEMENT,4,,MONITOR,Recurring financial obligations contribute to monthly pressure.,
808,2026-11-01,0.002779070377015736,LOW,STABLE,SAVINGS_REINFORCEMENT,4,,MONITOR,Spending is growing faster than the configured threshold. | Spending is above the user's historical baseline. | Recurring financial obligations contribute to monthly pressure.,
809,2026-11-01,0.0024419514158272766,LOW,STABLE,SAVINGS_REINFORCEMENT,4,,MONITOR,Expense pressure is elevated. | Spending is above the user's historical baseline. | Recurring financial obligations contribute to monthly pressure.,
810,2026-11-01,0.0027141216856188108,LOW,STABLE,SAVINGS_REINFORCEMENT,4,,MONITOR,Recurring financial obligations contribute to monthly pressure.,
811,2026-11-01,0.0034313453481056152,LOW,STABLE,SAVINGS_REINFORCEMENT,4,,MONITOR,Expense pressure is elevated. | Recurring financial obligations contribute to monthly pressure.,
812,2026-11-01,0.0020233585132444307,LOW,STABLE,SAVINGS_REINFORCEMENT,4,,MONITOR,Recurring financial obligations contribute to monthly pressure.,
813,2026-11-01,0.0019905888265096053,LOW,STABLE,SAVINGS_REINFORCEMENT,4,,MONITOR,Recurring financial obligations contribute to monthly pressure.,
814,2026-11-01,0.0019725400607140523,LOW,STABLE,SAVINGS_REINFORCEMENT,4,,MONITOR,Recurring financial obligations contribute to monthly pressure.,
815,2026-11-01,0.0024239758841412195,LOW,SPENDING_PRESSURE,SAVINGS_REINFORCEMENT,4,,MONITOR,Expense pressure is elevated. | Spending is growing faster than the configured threshold. | Spending is above the user's historical baseline. | Recurring financial obligations contribute to monthly pressure. | The recent balance trajectory is declining.,
816,2026-11-01,0.0015067395916055805,LOW,STABLE,SAVINGS_REINFORCEMENT,4,,MONITOR,Spending is growing faster than the configured threshold. | Spending is above the user's historical baseline. | Recurring financial obligations contribute to monthly pressure.,
817,2026-11-01,0.002443663682806181,LOW,STABLE,SAVINGS_REINFORCEMENT,4,,MONITOR,Recurring financial obligations contribute to monthly pressure.,
818,2026-11-01,0.0017433620334142842,LOW,STABLE,SAVINGS_REINFORCEMENT,4,,MONITOR,Recurring financial obligations contribute to monthly pressure.,
819,2026-11-01,0.021028430710867525,LOW,STABLE,SAVINGS_REINFORCEMENT,4,,MONITOR,Expense pressure is elevated. | Spending is growing faster than the configured threshold. | Spending is above the user's historical baseline. | Recurring financial obligations contribute to monthly pressure.,
820,2026-11-01,0.017302254575680145,LOW,LIQUIDITY_PRESSURE,SAVINGS_REINFORCEMENT,4,,MONITOR,Cash buffer is below 50% of the reference level. | Expense pressure is elevated. | Recurring financial obligations contribute to monthly pressure.,
821,2026-11-01,0.003040487792438032,LOW,STABLE,SAVINGS_REINFORCEMENT,4,,MONITOR,Recurring financial obligations contribute to monthly pressure.,
822,2026-11-01,0.002641499875516526,LOW,STABLE,SAVINGS_REINFORCEMENT,4,,MONITOR,Expense pressure is elevated. | Recurring financial obligations contribute to monthly pressure.,
823,2026-11-01,0.0017304272430535201,LOW,STABLE,SAVINGS_REINFORCEMENT,4,,MONITOR,Expense pressure is elevated. | Spending is growing faster than the configured threshold. | Spending is above the user's historical baseline. | Recurring financial obligations contribute to monthly pressure.,
824,2026-11-01,0.004163583105872075,LOW,STABLE,SAVINGS_REINFORCEMENT,4,,MONITOR,Expense pressure is elevated. | Recurring financial obligations contribute to monthly pressure.,
825,2026-11-01,0.0020328382241368895,LOW,OBLIGATION_PRESSURE,SAVINGS_REINFORCEMENT,4,,MONITOR,Expense pressure is elevated. | Spending is growing faster than the configured threshold. | Spending is above the user's historical baseline. | Recurring financial obligations contribute to monthly pressure. | The recent balance trajectory is declining.,
826,2026-11-01,0.001638663419077187,LOW,STABLE,SAVINGS_REINFORCEMENT,4,,MONITOR,Spending is above the user's historical baseline. | Recurring financial obligations contribute to monthly pressure.,
827,2026-11-01,0.8627374456230822,HIGH,LIQUIDITY_PRESSURE,LIQUIDITY_PROTECTION,1,,RULE_BASED_RECOMMENDATION,Cash buffer is below 50% of the reference level. | Expense pressure is elevated. | Recurring financial obligations contribute to monthly pressure. | The recent balance trajectory is declining.,
828,2026-11-01,0.016085240984388648,LOW,LIQUIDITY_PRESSURE,SAVINGS_REINFORCEMENT,4,,MONITOR,Cash buffer is below 50% of the reference level. | Expense pressure is elevated. | Spending is above the user's historical baseline. | Recurring financial obligations contribute to monthly pressure.,
829,2026-11-01,0.010224504739677117,LOW,STABLE,SAVINGS_REINFORCEMENT,4,,MONITOR,Recurring financial obligations contribute to monthly pressure.,
830,2026-11-01,0.0019152385077581772,LOW,STABLE,SAVINGS_REINFORCEMENT,4,,MONITOR,Recurring financial obligations contribute to monthly pressure.,
831,2026-11-01,0.0023279431793426326,LOW,STABLE,SAVINGS_REINFORCEMENT,4,,MONITOR,Recurring financial obligations contribute to monthly pressure.,
832,2026-11-01,0.001734910504207199,LOW,STABLE,SAVINGS_REINFORCEMENT,4,,MONITOR,Recurring financial obligations contribute to monthly pressure.,
833,2026-11-01,0.001864985469478077,LOW,STABLE,SAVINGS_REINFORCEMENT,4,,MONITOR,Spending is growing faster than the configured threshold. | Spending is above the user's historical baseline. | Recurring financial obligations contribute to monthly pressure.,
834,2026-11-01,0.0020321069777440763,LOW,STABLE,SAVINGS_REINFORCEMENT,4,,MONITOR,Expense pressure is elevated. | Recurring financial obligations contribute to monthly pressure.,
835,2026-11-01,0.002604311565157182,LOW,STABLE,SAVINGS_REINFORCEMENT,4,,MONITOR,Recurring financial obligations contribute to monthly pressure.,
836,2026-11-01,0.0017971564453829268,LOW,STABLE,SAVINGS_REINFORCEMENT,4,,MONITOR,Spending is growing faster than the configured threshold. | Spending is above the user's historical baseline. | Recurring financial obligations contribute to monthly pressure.,
837,2026-11-01,0.002405733291275734,LOW,STABLE,SAVINGS_REINFORCEMENT,4,,MONITOR,Expense pressure is elevated. | Spending is above the user's historical baseline. | Recurring financial obligations contribute to monthly pressure.,
838,2026-11-01,0.001783690645955491,LOW,STABLE,SAVINGS_REINFORCEMENT,4,,MONITOR,Spending is above the user's historical baseline. | Recurring financial obligations contribute to monthly pressure.,
839,2026-11-01,0.0017485907624911503,LOW,STABLE,SAVINGS_REINFORCEMENT,4,,MONITOR,Recurring financial obligations contribute to monthly pressure.,
840,2026-11-01,0.001677270570844338,LOW,STABLE,SAVINGS_REINFORCEMENT,4,,MONITOR,Recurring financial obligations contribute to monthly pressure.,
841,2026-11-01,0.0016972660055859887,LOW,STABLE,SAVINGS_REINFORCEMENT,4,,MONITOR,Spending is growing faster than the configured threshold. | Spending is above the user's historical baseline. | Recurring financial obligations contribute to monthly pressure.,
842,2026-11-01,0.0021629543469680354,LOW,STABLE,SAVINGS_REINFORCEMENT,4,,MONITOR,Recurring financial obligations contribute to monthly pressure.,
843,2026-11-01,0.0015465580889090385,LOW,STABLE,SAVINGS_REINFORCEMENT,4,,MONITOR,Spending is growing faster than the configured threshold. | Spending is above the user's historical baseline. | Recurring financial obligations contribute to monthly pressure.,
844,2026-11-01,0.0025292508650566247,LOW,STABLE,SAVINGS_REINFORCEMENT,4,,MONITOR,Spending is growing faster than the configured threshold. | Recurring financial obligations contribute to monthly pressure.,
845,2026-11-01,0.0024018320880279573,LOW,STABLE,SAVINGS_REINFORCEMENT,4,,MONITOR,Recurring financial obligations contribute to monthly pressure.,
846,2026-11-01,0.001755152813297434,LOW,STABLE,SAVINGS_REINFORCEMENT,4,,MONITOR,Spending is above the user's historical baseline. | Recurring financial obligations contribute to monthly pressure.,
847,2026-11-01,0.0026568156300515317,LOW,OBLIGATION_PRESSURE,SAVINGS_REINFORCEMENT,4,,MONITOR,Expense pressure is elevated. | Spending is growing faster than the configured threshold. | Spending is above the user's historical baseline. | Recurring financial obligations contribute to monthly pressure. | The recent balance trajectory is declining.,
848,2026-11-01,0.043334911815527545,LOW,STABLE,SAVINGS_REINFORCEMENT,4,,MONITOR,Expense pressure is elevated. | Recurring financial obligations contribute to monthly pressure.,
849,2026-11-01,0.0018745575378485008,LOW,STABLE,SAVINGS_REINFORCEMENT,4,,MONITOR,Expense pressure is elevated. | Spending is above the user's historical baseline. | Recurring financial obligations contribute to monthly pressure.,
850,2026-11-01,0.0022087793179401604,LOW,STABLE,SAVINGS_REINFORCEMENT,4,,MONITOR,Spending is above the user's historical baseline. | Recurring financial obligations contribute to monthly pressure.,
851,2026-11-01,0.0020689813088612652,LOW,STABLE,SAVINGS_REINFORCEMENT,4,,MONITOR,Expense pressure is elevated. | Spending is growing faster than the configured threshold. | Spending is above the user's historical baseline. | Recurring financial obligations contribute to monthly pressure.,
852,2026-11-01,0.002370336596723992,LOW,STABLE,SAVINGS_REINFORCEMENT,4,,MONITOR,Spending is growing faster than the configured threshold. | Recurring financial obligations contribute to monthly pressure.,
853,2026-11-01,0.0021745027724055237,LOW,STABLE,SAVINGS_REINFORCEMENT,4,,MONITOR,Expense pressure is elevated. | Spending is growing faster than the configured threshold. | Spending is above the user's historical baseline. | Recurring financial obligations contribute to monthly pressure.,
854,2026-11-01,0.00257528911849492,LOW,STABLE,SAVINGS_REINFORCEMENT,4,,MONITOR,Recurring financial obligations contribute to monthly pressure.,
855,2026-11-01,0.0016576964118471642,LOW,STABLE,SAVINGS_REINFORCEMENT,4,,MONITOR,Spending is growing faster than the configured threshold. | Spending is above the user's historical baseline. | Recurring financial obligations contribute to monthly pressure.,
856,2026-11-01,0.0024030632404023165,LOW,STABLE,SAVINGS_REINFORCEMENT,4,,MONITOR,Spending is growing faster than the configured threshold. | Recurring financial obligations contribute to monthly pressure.,
857,2026-11-01,0.001999105707269002,LOW,STABLE,SAVINGS_REINFORCEMENT,4,,MONITOR,Recurring financial obligations contribute to monthly pressure.,
858,2026-11-01,0.0031841375406487737,LOW,STABLE,SAVINGS_REINFORCEMENT,4,,MONITOR,Recurring financial obligations contribute to monthly pressure.,
859,2026-11-01,0.002052189032250813,LOW,STABLE,SAVINGS_REINFORCEMENT,4,,MONITOR,Expense pressure is elevated. | Recurring financial obligations contribute to monthly pressure.,
860,2026-11-01,0.002318751859348948,LOW,STABLE,SAVINGS_REINFORCEMENT,4,,MONITOR,Expense pressure is elevated. | Recurring financial obligations contribute to monthly pressure.,
861,2026-11-01,0.002188653423998768,LOW,STABLE,SAVINGS_REINFORCEMENT,4,,MONITOR,Spending is above the user's historical baseline. | Recurring financial obligations contribute to monthly pressure.,
862,2026-11-01,0.0015798019178278,LOW,STABLE,SAVINGS_REINFORCEMENT,4,,MONITOR,Recurring financial obligations contribute to monthly pressure.,
863,2026-11-01,0.002123809771653593,LOW,STABLE,SAVINGS_REINFORCEMENT,4,,MONITOR,Recurring financial obligations contribute to monthly pressure.,
864,2026-11-01,0.0021220315092575605,LOW,STABLE,SAVINGS_REINFORCEMENT,4,,MONITOR,Spending is growing faster than the configured threshold. | Spending is above the user's historical baseline. | Recurring financial obligations contribute to monthly pressure.,
865,2026-11-01,0.0018594973164935958,LOW,STABLE,SAVINGS_REINFORCEMENT,4,,MONITOR,Spending is growing faster than the configured threshold. | Recurring financial obligations contribute to monthly pressure.,
866,2026-11-01,0.0020421540881060693,LOW,STABLE,SAVINGS_REINFORCEMENT,4,,MONITOR,Expense pressure is elevated. | Spending is growing faster than the configured threshold. | Spending is above the user's historical baseline. | Recurring financial obligations contribute to monthly pressure.,
867,2026-11-01,0.001799398050168292,LOW,STABLE,SAVINGS_REINFORCEMENT,4,,MONITOR,Expense pressure is elevated. | Spending is growing faster than the configured threshold. | Spending is above the user's historical baseline. | Recurring financial obligations contribute to monthly pressure.,
868,2026-11-01,0.0018323573171551122,LOW,STABLE,SAVINGS_REINFORCEMENT,4,,MONITOR,Recurring financial obligations contribute to monthly pressure.,
869,2026-11-01,0.0018014759353247318,LOW,STABLE,SAVINGS_REINFORCEMENT,4,,MONITOR,Spending is growing faster than the configured threshold. | Recurring financial obligations contribute to monthly pressure.,
870,2026-11-01,0.001509173139661464,LOW,STABLE,SAVINGS_REINFORCEMENT,4,,MONITOR,Spending is growing faster than the configured threshold. | Spending is above the user's historical baseline. | Recurring financial obligations contribute to monthly pressure.,
871,2026-11-01,0.0020383088262989294,LOW,STABLE,SAVINGS_REINFORCEMENT,4,,MONITOR,Recurring financial obligations contribute to monthly pressure.,
872,2026-11-01,0.0022379257825364423,LOW,STABLE,SAVINGS_REINFORCEMENT,4,,MONITOR,Recurring financial obligations contribute to monthly pressure.,
873,2026-11-01,0.003323006299055143,LOW,STABLE,SAVINGS_REINFORCEMENT,4,,MONITOR,Expense pressure is elevated. | Recurring financial obligations contribute to monthly pressure.,
874,2026-11-01,0.001673612654373341,LOW,STABLE,SAVINGS_REINFORCEMENT,4,,MONITOR,Spending is growing faster than the configured threshold. | Recurring financial obligations contribute to monthly pressure.,
875,2026-11-01,0.0018333037453705972,LOW,STABLE,SAVINGS_REINFORCEMENT,4,,MONITOR,Recurring financial obligations contribute to monthly pressure.,
876,2026-11-01,0.0017954055497810372,LOW,STABLE,SAVINGS_REINFORCEMENT,4,,MONITOR,Expense pressure is elevated. | Recurring financial obligations contribute to monthly pressure.,
877,2026-11-01,0.0015469450320844136,LOW,STABLE,SAVINGS_REINFORCEMENT,4,,MONITOR,Spending is above the user's historical baseline. | Recurring financial obligations contribute to monthly pressure.,
878,2026-11-01,0.0022768804051008255,LOW,STABLE,SAVINGS_REINFORCEMENT,4,,MONITOR,Expense pressure is elevated. | Spending is growing faster than the configured threshold. | Spending is above the user's historical baseline. | Recurring financial obligations contribute to monthly pressure.,
879,2026-11-01,0.002085972143293659,LOW,STABLE,SAVINGS_REINFORCEMENT,4,,MONITOR,Recurring financial obligations contribute to monthly pressure.,
880,2026-11-01,0.0015881390926263117,LOW,STABLE,SAVINGS_REINFORCEMENT,4,,MONITOR,Spending is growing faster than the configured threshold. | Spending is above the user's historical baseline. | Recurring financial obligations contribute to monthly pressure.,
881,2026-11-01,0.012574796036523011,LOW,STABLE,SAVINGS_REINFORCEMENT,4,,MONITOR,Expense pressure is elevated. | Recurring financial obligations contribute to monthly pressure.,
882,2026-11-01,0.00170798318903074,LOW,STABLE,SAVINGS_REINFORCEMENT,4,,MONITOR,Recurring financial obligations contribute to monthly pressure.,
883,2026-11-01,0.0015410787848163699,LOW,STABLE,SAVINGS_REINFORCEMENT,4,,MONITOR,Recurring financial obligations contribute to monthly pressure.,
884,2026-11-01,0.0030186413341804354,LOW,STABLE,SAVINGS_REINFORCEMENT,4,,MONITOR,Spending is growing faster than the configured threshold. | Spending is above the user's historical baseline. | Recurring financial obligations contribute to monthly pressure.,
885,2026-11-01,0.0021728066027857985,LOW,STABLE,SAVINGS_REINFORCEMENT,4,,MONITOR,Recurring financial obligations contribute to monthly pressure.,
886,2026-11-01,0.0015509341063067456,LOW,STABLE,SAVINGS_REINFORCEMENT,4,,MONITOR,Recurring financial obligations contribute to monthly pressure.,
887,2026-11-01,0.0025633211665053736,LOW,STABLE,SAVINGS_REINFORCEMENT,4,,MONITOR,Expense pressure is elevated. | Spending is growing faster than the configured threshold. | Spending is above the user's historical baseline. | Recurring financial obligations contribute to monthly pressure.,
888,2026-11-01,0.0031236413863582916,LOW,STABLE,SAVINGS_REINFORCEMENT,4,,MONITOR,Expense pressure is elevated. | Spending is growing faster than the configured threshold. | Spending is above the user's historical baseline. | Recurring financial obligations contribute to monthly pressure.,
889,2026-11-01,0.0022008381374652207,LOW,STABLE,SAVINGS_REINFORCEMENT,4,,MONITOR,Spending is growing faster than the configured threshold. | Recurring financial obligations contribute to monthly pressure.,
891,2026-11-01,0.599906607225041,MODERATE,LIQUIDITY_PRESSURE,LIQUIDITY_PROTECTION,1,,RULE_BASED_RECOMMENDATION,Cash buffer is below 50% of the reference level. | Expense pressure is elevated. | Recurring financial obligations contribute to monthly pressure.,
892,2026-11-01,0.002097056426265857,LOW,STABLE,SAVINGS_REINFORCEMENT,4,,MONITOR,Recurring financial obligations contribute to monthly pressure.,
893,2026-11-01,0.0014706920039380608,LOW,STABLE,SAVINGS_REINFORCEMENT,4,,MONITOR,Recurring financial obligations contribute to monthly pressure.,
894,2026-11-01,0.0024027285490256637,LOW,STABLE,SAVINGS_REINFORCEMENT,4,,MONITOR,Spending is above the user's historical baseline. | Recurring financial obligations contribute to monthly pressure.,
895,2026-11-01,0.001713648605502748,LOW,STABLE,SAVINGS_REINFORCEMENT,4,,MONITOR,Recurring financial obligations contribute to monthly pressure.,
896,2026-11-01,0.0017546643172467492,LOW,STABLE,SAVINGS_REINFORCEMENT,4,,MONITOR,Spending is growing faster than the configured threshold. | Spending is above the user's historical baseline. | Recurring financial obligations contribute to monthly pressure.,
897,2026-11-01,0.0018639638473409575,LOW,STABLE,SAVINGS_REINFORCEMENT,4,,MONITOR,Expense pressure is elevated. | Spending is growing faster than the configured threshold. | Spending is above the user's historical baseline. | Recurring financial obligations contribute to monthly pressure.,
898,2026-11-01,0.0019030866374876484,LOW,STABLE,SAVINGS_REINFORCEMENT,4,,MONITOR,Recurring financial obligations contribute to monthly pressure.,
899,2026-11-01,0.0015404313176548966,LOW,STABLE,SAVINGS_REINFORCEMENT,4,,MONITOR,Recurring financial obligations contribute to monthly pressure.,
900,2026-11-01,0.0022761822824965664,LOW,STABLE,SAVINGS_REINFORCEMENT,4,,MONITOR,Recurring financial obligations contribute to monthly pressure.,
901,2026-11-01,0.0022928805164870265,LOW,OBLIGATION_PRESSURE,SAVINGS_REINFORCEMENT,4,,MONITOR,Expense pressure is elevated. | Spending is growing faster than the configured threshold. | Spending is above the user's historical baseline. | Recurring financial obligations contribute to monthly pressure. | The recent balance trajectory is declining.,
902,2026-11-01,0.0018132468632731825,LOW,STABLE,SAVINGS_REINFORCEMENT,4,,MONITOR,Expense pressure is elevated. | Spending is growing faster than the configured threshold. | Spending is above the user's historical baseline. | Recurring financial obligations contribute to monthly pressure.,
903,2026-11-01,0.001957024767992339,LOW,STABLE,SAVINGS_REINFORCEMENT,4,,MONITOR,Spending is growing faster than the configured threshold. | Spending is above the user's historical baseline. | Recurring financial obligations contribute to monthly pressure.,
904,2026-11-01,0.0016417360559145416,LOW,STABLE,SAVINGS_REINFORCEMENT,4,,MONITOR,Spending is growing faster than the configured threshold. | Recurring financial obligations contribute to monthly pressure.,
905,2026-11-01,0.0024085843712603103,LOW,STABLE,SAVINGS_REINFORCEMENT,4,,MONITOR,Expense pressure is elevated. | Recurring financial obligations contribute to monthly pressure.,
906,2026-11-01,0.0023891658420572403,LOW,STABLE,SAVINGS_REINFORCEMENT,4,,MONITOR,Recurring financial obligations contribute to monthly pressure.,
907,2026-11-01,0.0034327897247951205,LOW,STABLE,SAVINGS_REINFORCEMENT,4,,MONITOR,Expense pressure is elevated. | Recurring financial obligations contribute to monthly pressure.,
908,2026-11-01,0.001449337553725789,LOW,STABLE,SAVINGS_REINFORCEMENT,4,,MONITOR,Spending is growing faster than the configured threshold. | Spending is above the user's historical baseline. | Recurring financial obligations contribute to monthly pressure.,
909,2026-11-01,0.0013535063052330632,LOW,STABLE,SAVINGS_REINFORCEMENT,4,,MONITOR,Recurring financial obligations contribute to monthly pressure.,
910,2026-11-01,0.002421016119207584,LOW,STABLE,SAVINGS_REINFORCEMENT,4,,MONITOR,Spending is above the user's historical baseline. | Recurring financial obligations contribute to monthly pressure.,
911,2026-11-01,0.0016203274803053892,LOW,STABLE,SAVINGS_REINFORCEMENT,4,,MONITOR,Recurring financial obligations contribute to monthly pressure.,
912,2026-11-01,0.0019420835480025932,LOW,STABLE,SAVINGS_REINFORCEMENT,4,,MONITOR,Recurring financial obligations contribute to monthly pressure.,
913,2026-11-01,0.0023442981094114303,LOW,STABLE,SAVINGS_REINFORCEMENT,4,,MONITOR,Recurring financial obligations contribute to monthly pressure.,
914,2026-11-01,0.00146360236804775,LOW,STABLE,SAVINGS_REINFORCEMENT,4,,MONITOR,Spending is growing faster than the configured threshold. | Recurring financial obligations contribute to monthly pressure.,
915,2026-11-01,0.0020014385805977135,LOW,STABLE,SAVINGS_REINFORCEMENT,4,,MONITOR,Recurring financial obligations contribute to monthly pressure.,
916,2026-11-01,0.0015516452234349784,LOW,STABLE,SAVINGS_REINFORCEMENT,4,,MONITOR,Recurring financial obligations contribute to monthly pressure.,
917,2026-11-01,0.0016525972505460572,LOW,STABLE,SAVINGS_REINFORCEMENT,4,,MONITOR,Recurring financial obligations contribute to monthly pressure.,
918,2026-11-01,0.0028475371530980896,LOW,STABLE,SAVINGS_REINFORCEMENT,4,,MONITOR,Expense pressure is elevated. | Recurring financial obligations contribute to monthly pressure.,
919,2026-11-01,0.003139520930546047,LOW,STABLE,SAVINGS_REINFORCEMENT,4,,MONITOR,Expense pressure is elevated. | Spending is above the user's historical baseline. | Recurring financial obligations contribute to monthly pressure.,
920,2026-11-01,0.0021663266252601467,LOW,STABLE,SAVINGS_REINFORCEMENT,4,,MONITOR,Spending is growing faster than the configured threshold. | Spending is above the user's historical baseline. | Recurring financial obligations contribute to monthly pressure.,
921,2026-11-01,0.0025048967611078217,LOW,STABLE,SAVINGS_REINFORCEMENT,4,,MONITOR,Expense pressure is elevated. | Spending is above the user's historical baseline. | Recurring financial obligations contribute to monthly pressure.,
922,2026-11-01,0.004384180234962185,LOW,OBLIGATION_PRESSURE,SAVINGS_REINFORCEMENT,4,,MONITOR,Expense pressure is elevated. | Spending is growing faster than the configured threshold. | Spending is above the user's historical baseline. | Recurring financial obligations contribute to monthly pressure. | The recent balance trajectory is declining.,
923,2026-11-01,0.004767050811645457,LOW,OBLIGATION_PRESSURE,SAVINGS_REINFORCEMENT,4,,MONITOR,Expense pressure is elevated. | Spending is growing faster than the configured threshold. | Spending is above the user's historical baseline. | Recurring financial obligations contribute to monthly pressure. | The recent balance trajectory is declining.,
924,2026-11-01,0.0016013232051102372,LOW,STABLE,SAVINGS_REINFORCEMENT,4,,MONITOR,Recurring financial obligations contribute to monthly pressure.,
925,2026-11-01,0.0018924629643918077,LOW,STABLE,SAVINGS_REINFORCEMENT,4,,MONITOR,Expense pressure is elevated. | Spending is above the user's historical baseline. | Recurring financial obligations contribute to monthly pressure.,
926,2026-11-01,0.021428717048358265,LOW,STABLE,SAVINGS_REINFORCEMENT,4,,MONITOR,Cash buffer is below 50% of the reference level. | Recurring financial obligations contribute to monthly pressure.,
927,2026-11-01,0.0017060326709046028,LOW,STABLE,SAVINGS_REINFORCEMENT,4,,MONITOR,Spending is growing faster than the configured threshold. | Recurring financial obligations contribute to monthly pressure.,
928,2026-11-01,0.001707350581442147,LOW,STABLE,SAVINGS_REINFORCEMENT,4,,MONITOR,Recurring financial obligations contribute to monthly pressure.,
929,2026-11-01,0.0017896523807694829,LOW,STABLE,SAVINGS_REINFORCEMENT,4,,MONITOR,Recurring financial obligations contribute to monthly pressure.,
930,2026-11-01,0.0027313359829255397,LOW,STABLE,SAVINGS_REINFORCEMENT,4,,MONITOR,Expense pressure is elevated. | Spending is above the user's historical baseline. | Recurring financial obligations contribute to monthly pressure.,
931,2026-11-01,0.0018334500167891288,LOW,STABLE,SAVINGS_REINFORCEMENT,4,,MONITOR,Expense pressure is elevated. | Spending is growing faster than the configured threshold. | Spending is above the user's historical baseline. | Recurring financial obligations contribute to monthly pressure.,
932,2026-11-01,0.0021020401524460336,LOW,STABLE,SAVINGS_REINFORCEMENT,4,,MONITOR,Spending is above the user's historical baseline. | Recurring financial obligations contribute to monthly pressure.,
933,2026-11-01,0.0024954321757080017,LOW,OBLIGATION_PRESSURE,SAVINGS_REINFORCEMENT,4,,MONITOR,Expense pressure is elevated. | Spending is growing faster than the configured threshold. | Spending is above the user's historical baseline. | Recurring financial obligations contribute to monthly pressure. | The recent balance trajectory is declining.,
934,2026-11-01,0.00231480540434475,LOW,STABLE,SAVINGS_REINFORCEMENT,4,,MONITOR,Expense pressure is elevated. | Spending is above the user's historical baseline. | Recurring financial obligations contribute to monthly pressure.,
935,2026-11-01,0.0016765115138974614,LOW,STABLE,SAVINGS_REINFORCEMENT,4,,MONITOR,Spending is growing faster than the configured threshold. | Spending is above the user's historical baseline. | Recurring financial obligations contribute to monthly pressure.,
936,2026-11-01,0.001658007872287659,LOW,STABLE,SAVINGS_REINFORCEMENT,4,,MONITOR,Spending is above the user's historical baseline. | Recurring financial obligations contribute to monthly pressure.,
937,2026-11-01,0.002745851121536776,LOW,STABLE,SAVINGS_REINFORCEMENT,4,,MONITOR,Expense pressure is elevated. | Spending is growing faster than the configured threshold. | Recurring financial obligations contribute to monthly pressure.,
938,2026-11-01,0.014637498309547392,LOW,LIQUIDITY_PRESSURE,SAVINGS_REINFORCEMENT,4,,MONITOR,Cash buffer is below 50% of the reference level. | Expense pressure is elevated. | Recurring financial obligations contribute to monthly pressure.,
939,2026-11-01,0.0019665351689529906,LOW,STABLE,SAVINGS_REINFORCEMENT,4,,MONITOR,Expense pressure is elevated. | Spending is growing faster than the configured threshold. | Spending is above the user's historical baseline. | Recurring financial obligations contribute to monthly pressure.,
940,2026-11-01,0.012116760071915025,LOW,STABLE,SAVINGS_REINFORCEMENT,4,,MONITOR,Expense pressure is elevated. | Recurring financial obligations contribute to monthly pressure.,
941,2026-11-01,0.003437556806890527,LOW,STABLE,SAVINGS_REINFORCEMENT,4,,MONITOR,Recurring financial obligations contribute to monthly pressure.,
942,2026-11-01,0.002177295486493805,LOW,STABLE,SAVINGS_REINFORCEMENT,4,,MONITOR,Expense pressure is elevated. | Recurring financial obligations contribute to monthly pressure.,
943,2026-11-01,0.0016723676273760937,LOW,STABLE,SAVINGS_REINFORCEMENT,4,,MONITOR,Spending is growing faster than the configured threshold. | Spending is above the user's historical baseline. | Recurring financial obligations contribute to monthly pressure.,
944,2026-11-01,0.0015723429664297544,LOW,STABLE,SAVINGS_REINFORCEMENT,4,,MONITOR,Recurring financial obligations contribute to monthly pressure.,
945,2026-11-01,0.002254638328224089,LOW,STABLE,SAVINGS_REINFORCEMENT,4,,MONITOR,Expense pressure is elevated. | Spending is growing faster than the configured threshold. | Spending is above the user's historical baseline. | Recurring financial obligations contribute to monthly pressure.,
946,2026-11-01,0.05693823757553997,LOW,STABLE,SAVINGS_REINFORCEMENT,4,,MONITOR,Expense pressure is elevated. | Recurring financial obligations contribute to monthly pressure.,
947,2026-11-01,0.0021644947257726944,LOW,STABLE,SAVINGS_REINFORCEMENT,4,,MONITOR,Recurring financial obligations contribute to monthly pressure.,
948,2026-11-01,0.013994124338484081,LOW,STABLE,SAVINGS_REINFORCEMENT,4,,MONITOR,Expense pressure is elevated. | Recurring financial obligations contribute to monthly pressure.,
949,2026-11-01,0.0016530466528413591,LOW,STABLE,SAVINGS_REINFORCEMENT,4,,MONITOR,Spending is growing faster than the configured threshold. | Spending is above the user's historical baseline. | Recurring financial obligations contribute to monthly pressure.,
950,2026-11-01,0.0023777530681154094,LOW,STABLE,SAVINGS_REINFORCEMENT,4,,MONITOR,Spending is growing faster than the configured threshold. | Spending is above the user's historical baseline. | Recurring financial obligations contribute to monthly pressure.,
951,2026-11-01,0.002305681888352132,LOW,STABLE,SAVINGS_REINFORCEMENT,4,,MONITOR,Recurring financial obligations contribute to monthly pressure.,
952,2026-11-01,0.0026078855156802623,LOW,STABLE,SAVINGS_REINFORCEMENT,4,,MONITOR,Recurring financial obligations contribute to monthly pressure.,
953,2026-11-01,0.0034590839770940332,LOW,OBLIGATION_PRESSURE,SAVINGS_REINFORCEMENT,4,,MONITOR,Expense pressure is elevated. | Spending is growing faster than the configured threshold. | Spending is above the user's historical baseline. | Recurring financial obligations contribute to monthly pressure. | The recent balance trajectory is declining.,
954,2026-11-01,0.006445338740091007,LOW,STABLE,SAVINGS_REINFORCEMENT,4,,MONITOR,Expense pressure is elevated. | Spending is above the user's historical baseline. | Recurring financial obligations contribute to monthly pressure.,
955,2026-11-01,0.0021544642819924004,LOW,OBLIGATION_PRESSURE,SAVINGS_REINFORCEMENT,4,,MONITOR,Expense pressure is elevated. | Spending is growing faster than the configured threshold. | Spending is above the user's historical baseline. | Recurring financial obligations contribute to monthly pressure. | The recent balance trajectory is declining.,
956,2026-11-01,0.002778386806946107,LOW,STABLE,SAVINGS_REINFORCEMENT,4,,MONITOR,Expense pressure is elevated. | Recurring financial obligations contribute to monthly pressure.,
957,2026-11-01,0.00164278773515406,LOW,STABLE,SAVINGS_REINFORCEMENT,4,,MONITOR,Spending is above the user's historical baseline. | Recurring financial obligations contribute to monthly pressure.,
958,2026-11-01,0.0016715330705146599,LOW,STABLE,SAVINGS_REINFORCEMENT,4,,MONITOR,Spending is growing faster than the configured threshold. | Spending is above the user's historical baseline. | Recurring financial obligations contribute to monthly pressure.,
959,2026-11-01,0.0017270511127275609,LOW,STABLE,SAVINGS_REINFORCEMENT,4,,MONITOR,Recurring financial obligations contribute to monthly pressure.,
960,2026-11-01,0.0014558071805174713,LOW,STABLE,SAVINGS_REINFORCEMENT,4,,MONITOR,Recurring financial obligations contribute to monthly pressure.,
961,2026-11-01,0.0017923110563934617,LOW,STABLE,SAVINGS_REINFORCEMENT,4,,MONITOR,Spending is growing faster than the configured threshold. | Spending is above the user's historical baseline. | Recurring financial obligations contribute to monthly pressure.,
962,2026-11-01,0.0017618898380936312,LOW,STABLE,SAVINGS_REINFORCEMENT,4,,MONITOR,Spending is growing faster than the configured threshold. | Spending is above the user's historical baseline. | Recurring financial obligations contribute to monthly pressure.,
963,2026-11-01,0.0023267378099432923,LOW,STABLE,SAVINGS_REINFORCEMENT,4,,MONITOR,Recurring financial obligations contribute to monthly pressure.,
964,2026-11-01,0.002380799320494544,LOW,STABLE,SAVINGS_REINFORCEMENT,4,,MONITOR,Expense pressure is elevated. | Spending is growing faster than the configured threshold. | Spending is above the user's historical baseline. | Recurring financial obligations contribute to monthly pressure.,
965,2026-11-01,0.002247795140435497,LOW,STABLE,SAVINGS_REINFORCEMENT,4,,MONITOR,Recurring financial obligations contribute to monthly pressure.,
966,2026-11-01,0.002478023160647942,LOW,STABLE,SAVINGS_REINFORCEMENT,4,,MONITOR,Recurring financial obligations contribute to monthly pressure.,
967,2026-11-01,0.007228877993035102,LOW,STABLE,SAVINGS_REINFORCEMENT,4,,MONITOR,Expense pressure is elevated. | Spending is above the user's historical baseline. | Recurring financial obligations contribute to monthly pressure.,
969,2026-11-01,0.0016988585307247818,LOW,STABLE,SAVINGS_REINFORCEMENT,4,,MONITOR,Spending is above the user's historical baseline. | Recurring financial obligations contribute to monthly pressure.,
970,2026-11-01,0.0014884628867039566,LOW,STABLE,SAVINGS_REINFORCEMENT,4,,MONITOR,Spending is growing faster than the configured threshold. | Recurring financial obligations contribute to monthly pressure.,
971,2026-11-01,0.001752464735610282,LOW,OBLIGATION_PRESSURE,SAVINGS_REINFORCEMENT,4,,MONITOR,Expense pressure is elevated. | Spending is growing faster than the configured threshold. | Spending is above the user's historical baseline. | Recurring financial obligations contribute to monthly pressure. | The recent balance trajectory is declining.,
972,2026-11-01,0.0016411392213299563,LOW,STABLE,SAVINGS_REINFORCEMENT,4,,MONITOR,Recurring financial obligations contribute to monthly pressure.,
973,2026-11-01,0.30028347403724204,MODERATE,LIQUIDITY_PRESSURE,LIQUIDITY_PROTECTION,1,,RULE_BASED_RECOMMENDATION,Cash buffer is below 50% of the reference level. | Expense pressure is elevated. | Recurring financial obligations contribute to monthly pressure.,
974,2026-11-01,0.0018909409994555023,LOW,STABLE,SAVINGS_REINFORCEMENT,4,,MONITOR,Spending is growing faster than the configured threshold. | Spending is above the user's historical baseline. | Recurring financial obligations contribute to monthly pressure.,
975,2026-11-01,0.02826972054169925,LOW,STABLE,SAVINGS_REINFORCEMENT,4,,MONITOR,Expense pressure is elevated. | Recurring financial obligations contribute to monthly pressure.,
976,2026-11-01,0.0016851066447594858,LOW,STABLE,SAVINGS_REINFORCEMENT,4,,MONITOR,Spending is growing faster than the configured threshold. | Recurring financial obligations contribute to monthly pressure.,
977,2026-11-01,0.002021678087144386,LOW,STABLE,SAVINGS_REINFORCEMENT,4,,MONITOR,Recurring financial obligations contribute to monthly pressure.,
978,2026-11-01,0.0016128270834483635,LOW,STABLE,SAVINGS_REINFORCEMENT,4,,MONITOR,Recurring financial obligations contribute to monthly pressure.,
979,2026-11-01,0.002195678616602309,LOW,STABLE,SAVINGS_REINFORCEMENT,4,,MONITOR,Recurring financial obligations contribute to monthly pressure.,
980,2026-11-01,0.002231640829999277,LOW,STABLE,SAVINGS_REINFORCEMENT,4,,MONITOR,Expense pressure is elevated. | Spending is growing faster than the configured threshold. | Spending is above the user's historical baseline. | Recurring financial obligations contribute to monthly pressure.,
981,2026-11-01,0.002164245399128234,LOW,STABLE,SAVINGS_REINFORCEMENT,4,,MONITOR,Spending is growing faster than the configured threshold. | Recurring financial obligations contribute to monthly pressure.,
982,2026-11-01,0.0022745266224057604,LOW,STABLE,SAVINGS_REINFORCEMENT,4,,MONITOR,Spending is growing faster than the configured threshold. | Spending is above the user's historical baseline. | Recurring financial obligations contribute to monthly pressure.,
983,2026-11-01,0.001689526507584485,LOW,STABLE,SAVINGS_REINFORCEMENT,4,,MONITOR,Spending is above the user's historical baseline. | Recurring financial obligations contribute to monthly pressure.,
984,2026-11-01,0.002682804192681695,LOW,STABLE,SAVINGS_REINFORCEMENT,4,,MONITOR,Expense pressure is elevated. | Spending is growing faster than the configured threshold. | Spending is above the user's historical baseline. | Recurring financial obligations contribute to monthly pressure.,
985,2026-11-01,0.001539925235577242,LOW,STABLE,SAVINGS_REINFORCEMENT,4,,MONITOR,Recurring financial obligations contribute to monthly pressure.,
986,2026-11-01,0.003332475329931935,LOW,STABLE,SAVINGS_REINFORCEMENT,4,,MONITOR,Expense pressure is elevated. | Recurring financial obligations contribute to monthly pressure.,
987,2026-11-01,0.0015613600020574474,LOW,STABLE,SAVINGS_REINFORCEMENT,4,,MONITOR,Expense pressure is elevated. | Spending is above the user's historical baseline. | Recurring financial obligations contribute to monthly pressure.,
988,2026-11-01,0.0019681710472460737,LOW,STABLE,SAVINGS_REINFORCEMENT,4,,MONITOR,Expense pressure is elevated. | Spending is above the user's historical baseline. | Recurring financial obligations contribute to monthly pressure.,
989,2026-11-01,0.002224947674323627,LOW,STABLE,SAVINGS_REINFORCEMENT,4,,MONITOR,Recurring financial obligations contribute to monthly pressure.,
990,2026-11-01,0.0030998495609050386,LOW,STABLE,SAVINGS_REINFORCEMENT,4,,MONITOR,Recurring financial obligations contribute to monthly pressure.,
991,2026-11-01,0.028733955816478463,LOW,STABLE,SAVINGS_REINFORCEMENT,4,,MONITOR,Expense pressure is elevated. | Spending is above the user's historical baseline. | Recurring financial obligations contribute to monthly pressure.,
992,2026-11-01,0.0026787170601103765,LOW,STABLE,SAVINGS_REINFORCEMENT,4,,MONITOR,Recurring financial obligations contribute to monthly pressure.,
993,2026-11-01,0.002621189936829715,LOW,STABLE,SAVINGS_REINFORCEMENT,4,,MONITOR,Expense pressure is elevated. | Recurring financial obligations contribute to monthly pressure.,
994,2026-11-01,0.002546274671436662,LOW,STABLE,SAVINGS_REINFORCEMENT,4,,MONITOR,Recurring financial obligations contribute to monthly pressure.,
995,2026-11-01,0.0032256705531236623,LOW,STABLE,SAVINGS_REINFORCEMENT,4,,MONITOR,Expense pressure is elevated. | Recurring financial obligations contribute to monthly pressure.,
996,2026-11-01,0.0021079809756772397,LOW,STABLE,SAVINGS_REINFORCEMENT,4,,MONITOR,Recurring financial obligations contribute to monthly pressure.,
997,2026-11-01,0.05941110886758035,LOW,STABLE,SAVINGS_REINFORCEMENT,4,,MONITOR,Cash buffer is below 50% of the reference level. | Recurring financial obligations contribute to monthly pressure.,
998,2026-11-01,0.002576431893942628,LOW,STABLE,SAVINGS_REINFORCEMENT,4,,MONITOR,Expense pressure is elevated. | Recurring financial obligations contribute to monthly pressure.,
999,2026-11-01,0.0022166479228810563,LOW,STABLE,SAVINGS_REINFORCEMENT,4,,MONITOR,Expense pressure is elevated. | Spending is growing faster than the configured threshold. | Spending is above the user's historical baseline. | Recurring financial obligations contribute to monthly pressure.,
