salary_income,bonus_income,total_income,total_debits,variable_spending,essential_spending,discretionary_spending,recurring_spending,transaction_count,debit_transaction_count,credit_transaction_count,transactions_per_day,debit_transactions_per_day,average_transaction,median_transaction,transaction_amount_std,starting_balance,ending_balance,minimum_balance,maximum_balance,average_balance,net_cash_flow,savings_rate,income_to_expense_ratio,essential_spending_ratio,discretionary_spending_ratio,minimum_balance_ratio,average_balance_ratio,balance_change,state_changed,state_duration,recent_state_change,historical_spending_mean,historical_spending_std,spending_baseline_deviation,spending_baseline_ratio,transaction_count_change,savings_rate_change,rolling_spending_mean,rolling_spending_std,rolling_spending_min,rolling_spending_max,rolling_income_mean,income_volatility,rolling_average_balance,rolling_minimum_balance,rolling_savings_rate,rolling_transaction_count,rolling_net_cash_flow,spending_growth,discretionary_spending_growth,income_growth,balance_growth,spending_acceleration,cash_buffer,cash_buffer_ratio,expense_pressure,discretionary_pressure,negative_cash_flow,category_shift,has_full_history
53412.39,0.0,53412.39,52445.65000000001,27122.88,13483.4,13639.48,25322.77,105,104,1,3.5,3.466666666666667,1008.1718095238097,145.74,5420.396966992216,106831.89,107798.63,94493.92,147906.31,122980.38057142858,966.7399999999908,0.0180995458169909,1.018433177966142,0.4971227244304441,0.5028772755695561,1.7691385837630558,2.3024691569021454,966.7400000000052,True,1,1,22174.23,2775.7759538190403,4948.649999999998,1.223171221729007,-15.0,-0.2031621564052767,23823.78,3466.33981028981,20211.46,27122.88,57156.363333333335,3289.794848168095,112870.90496398049,60546.85,0.1364296772520914,118.33333333333331,8009.813333333327,0.3419555044514348,1.864089168122564,-0.0865273516464346,0.0090491706175002,0.5045912918318053,94493.92,1.7691385837630558,0.981900454183009,0.2553617241243089,0,0.3792321455451762,True
31505.48,0.0,31505.48,26541.81,7778.120000000001,5785.8,1992.32,18763.69,152,151,1,5.066666666666666,5.033333333333333,381.8900657894737,40.77,2670.938877825324,71821.2,76784.87,48136.43,79641.91,62648.98151315789,4963.670000000002,0.157549416799871,1.187013244386875,0.7438558417715334,0.2561441582284665,1.5278748332036205,1.988510618253012,4963.669999999998,True,4,1,7186.502857142857,2209.0004734095937,591.6171428571442,1.0823233712721787,7.0,-0.0408581723480505,6994.873333333334,683.5051686954027,6519.15,7778.120000000001,31072.11,970.6675271688003,58255.66883314029,38022.35,0.1706925107706306,140.0,5313.546666666668,0.1631094529223087,0.3492526801254227,-0.0077201690676711,0.0691114879729104,0.1373085432945198,48136.43,1.5278748332036205,0.8424505832001289,0.063237252693817,0,0.1164579214297782,True
20941.6,0.0,20941.6,16436.840000000004,9515.05,5648.74,3866.31,6921.79,172,171,1,5.733333333333333,5.7,217.31651162790695,47.305,1623.4190338293608,80914.71,85419.47,66321.18,87262.78,74070.38511627907,4504.759999999995,0.2151105932688999,1.2740648445808314,0.5936637222085013,0.4063362777914987,3.1669585896015584,3.5369974174026373,4504.759999999995,True,2,1,10886.511428571428,2149.111842680045,-1371.4614285714288,0.8740219548227308,-23.0,-0.0367304067311,10923.02,3787.2707282289703,8041.389999999999,15212.62,23275.016666666663,4879.810035322414,67645.54261326022,49624.66,0.2335387335031261,174.66666666666666,5430.206666666665,0.1832593618764915,0.3823554649790837,0.04708,0.0556729425341819,0.654659423141415,66321.18,3.1669585896015584,0.7848894067311001,0.184623428964358,0,0.1893569713052924,True
23034.89,0.0,23034.89,19250.37,6883.76,4155.2,2728.56,12366.61,93,92,1,3.1,3.066666666666667,454.6802150537634,70.06,2490.9410128350823,66651.73,70436.25,47620.07,70654.96,53123.87440860216,3784.52,0.1642951192734152,1.1965946628558308,0.6036236010552372,0.3963763989447627,2.0673018191100545,2.3062352113946347,3784.520000000004,False,4,0,7739.394285714286,798.4693472692435,-855.6342857142854,0.8894442828305501,-4.0,0.0257806742104377,7426.823333333334,508.9482425879192,6883.76,7892.88,23407.013333333336,618.3705777552209,49483.61079513543,39608.75,0.1542975929066592,95.33333333333331,3613.58,-0.0826338016719461,0.2085680875943445,-0.0013192966757018,0.0567805216758816,-0.0333425417009342,47620.07,2.0673018191100545,0.8357048807265848,0.11845335488904,0,0.1114096330182285,True
20145.1,0.0,20145.1,14712.009999999998,3634.710000000001,1729.5499999999995,1905.16,11077.3,113,112,1,3.7666666666666666,3.733333333333333,308.4699999999999,27.46,2066.7532614491533,56026.47,61459.56,41736.46,61881.56,46246.66672566371,5433.09,0.2696978421551643,1.369296241642033,0.4758426394402853,0.5241573605597144,2.071792147966503,2.295678191007427,5433.0899999999965,False,6,0,4526.045,816.1445459659701,-891.3349999999996,0.8030653694340203,9.0,0.0142253421551642,3873.77,274.3724935192995,3634.710000000001,4173.349999999999,20237.33,294.48403640943644,41407.274798680526,30813.53,0.2612185679404717,110.33333333333331,5286.259999999999,-0.0468209532550973,0.1988019279898312,0.007255,0.0969736269302705,0.0394646446458691,41736.46,2.071792147966503,0.7303021578448357,0.0945718810033209,0,0.1092331723679025,True
82334.32,0.0,82334.32,70692.26999999999,23267.13,17282.989999999998,5984.139999999999,47425.14,134,133,1,4.466666666666667,4.433333333333334,1141.9894776119402,154.87,7729.225433419868,238305.78,249947.83,186674.47,269008.79,241736.66291044772,11642.050000000016,0.1413997224972528,1.164686322846897,0.7428071274798395,0.2571928725201604,2.267274084488704,2.9360376439672757,11642.049999999988,True,2,1,21818.821666666667,1533.574753253544,1448.3083333333343,1.0663788519590849,20.0,-0.0174316769843332,21175.460000000003,2053.5267611355853,19162.33,23267.13,80791.25,1588.6337150835031,229384.9214177063,172226.2,0.1510038847408031,124.0,12190.650000000009,0.2142119460420521,1.5100731947735992,0.0400912473327981,0.0488534101019286,0.3059120615091438,186674.47,2.267274084488704,0.8586002775027471,0.0726809913533019,0,0.11991440477991,True
36530.12,0.0,36530.12,28066.85,7422.33,4250.379999999999,3171.95,20644.52,96,95,1,3.2,3.1666666666666665,672.8851041666667,79.56,4062.6006873715214,73974.13,82437.4,46030.15,82560.27,52168.6303125,8463.27,0.2316792279904911,1.3015397167833227,0.572647672631101,0.4273523273688989,1.2600601914255962,1.4280990676324083,8463.26999999999,False,4,0,7801.634,2381.437805597702,-379.3040000000001,0.9513814670106288,-7.0,-0.0458609464398985,9152.88,2213.267819334117,7422.33,11646.79,39085.64000000001,4865.427103184266,41887.98411711165,25812.24,0.2344667013239118,100.66666666666669,9288.240000000003,-0.3627145333606941,0.0617796805907495,-0.1827044451514374,0.1144085101102234,-0.7509691653301037,46030.15,1.2600601914255962,0.7683207720095089,0.0868310862378771,0,0.2570062671127495,True
29069.96,0.0,29069.96,22583.23,8991.679999999998,6357.15,2634.53,13591.55,162,161,1,5.4,5.366666666666666,318.8468518518518,44.565,2351.1993135563107,79090.89,85577.62,71674.46,100744.42,88654.95308641977,6486.73,0.2231420339071674,1.2872365910456565,0.7070035855368519,0.2929964144631482,2.465585091964351,3.049710184892576,6486.729999999996,True,2,1,8964.96,152.09866863322534,26.719999999999345,1.0029804929414077,8.0,-0.0193201152850979,8973.866666666667,108.6507645317472,8857.41,9072.509999999998,28772.36,1042.8977047150909,82581.28098407354,59535.77,0.2149431610192256,160.33333333333334,6206.943333333333,0.0151590589122552,0.061121001458043,-0.0190371838398386,0.0820161462337822,0.0388680435262152,71674.46,2.465585091964351,0.7768579660928326,0.0906272316852173,0,0.0855651398347174,True
24698.92,0.0,24698.92,30176.220000000005,9268.520000000002,1591.5699999999997,7676.95,20907.7,100,99,1,3.333333333333333,3.3,548.7513999999999,20.0,2776.008206469117,79103.05,73625.75,71241.89,95940.81,81594.2346,-5477.300000000007,-0.2217627329454084,0.8184895258584407,0.1717178147104391,0.8282821852895605,2.884413164624202,3.30355475462085,-5477.300000000003,True,1,1,3464.5,700.7385898464565,5804.020000000002,2.6752835907057304,-4.0,-0.2909494052960057,5130.443333333334,3584.178665835918,3001.59,9268.520000000002,25493.86,718.2778133146012,81418.48623117998,67305.49,-0.0244526812929912,102.33333333333331,-544.2833333333352,2.087870095516044,6.655743590254994,-0.0384455617650552,-0.069242589255408,2.126198057018277,71241.89,2.884413164624202,1.2217627329454084,0.310821282873907,1,0.4348555419581045,True
21665.58,0.0,21665.58,21664.87,4520.73,3329.25,1191.48,17144.14,212,211,1,7.066666666666666,7.033333333333333,204.3889150943396,20.0,1650.1759815684095,43465.64,43466.35,22423.68,44089.26,29123.3916509434,0.7100000000027649,3.277087435474909e-05,1.0000327719483202,0.7364407960661221,0.2635592039338779,1.0349909857017443,1.3442239557373217,0.7099999999991269,True,4,1,5037.022857142857,2370.110244100573,-516.2928571428574,0.8975003942237988,23.0,0.0435372708743547,4797.196666666667,1232.950620963116,3725.95,6144.91,20555.193333333333,961.6230613568584,30029.870905832893,22423.68,-0.0693080763752151,190.66666666666663,-1386.1433333333334,0.2133093573451063,0.2707628971534006,0.0832790000000001,1.6334741648860174e-05,0.6069619901745538,22423.68,1.0349909857017443,0.9999672291256452,0.0549941427831611,0,0.0736415844279516,True
26355.62,0.0,26355.62,20676.25,10054.01,8265.24,1788.77,10622.24,97,96,1,3.2333333333333334,3.2,484.86463917525776,97.98,2720.5923015908,90367.92,96047.29,85196.93,111552.55,100796.5986597938,5679.369999999999,0.2154899031022605,1.2746808536364185,0.8220839247225733,0.1779160752774266,3.232590620140979,3.824482165845228,5679.369999999995,False,3,0,8519.805,1090.938451934847,1534.205,1.1800751308275248,4.0,-0.1048036444365143,8631.793333333333,1239.6447464630069,7780.35,10054.01,26683.176666666663,363.5448674281325,93700.9883346266,68929.48,0.2779740507504636,101.33333333333331,7429.143333333334,0.2922310692963683,-0.0924878365557794,-0.0265454497102789,0.0628471917910691,0.3270492436713232,85196.93,3.232590620140979,0.7845100968977395,0.0678705338747485,0,0.2359561030364541,True
79550.2,0.0,79550.2,53686.65,18732.16,14854.63,3877.53,34954.49,159,158,1,5.3,5.266666666666667,837.9676100628933,101.62,6627.090525361011,137199.1,163062.65,86352.24,165902.44,110150.18088050312,25863.55,0.3251223755565667,1.4817501185117714,0.7930014477775121,0.2069985522224879,1.0855062589408953,1.3846625260590562,25863.54999999999,True,1,1,24052.110000000004,10958.94231531493,-5319.950000000004,0.7788156631580346,-36.0,0.4511678193794287,25004.526666666672,9972.733050234196,18732.16,36504.23000000001,73942.58666666666,9085.66712488595,102650.97423682088,68425.12,0.1682227259868659,175.0,13983.57,-0.4868496061963231,-0.8491749906646752,0.2535508649636802,0.1885110762388382,-1.3326239553328794,86352.24,1.0855062589408953,0.6748776244434332,0.0487431835495071,0,0.6446534382750957,True
47764.4,0.0,47764.4,40325.92,6770.32,4024.38,2745.94,33555.6,107,106,1,3.566666666666667,3.533333333333333,823.2740186915889,59.74,4940.842437277243,63437.53,70876.01,48972.44,96736.84,72987.7623364486,7438.480000000003,0.1557327214410733,1.1844590278411504,0.5944150350352716,0.4055849649647284,1.0252916397986784,1.5280787016365454,7438.479999999996,True,1,1,6180.64,2535.0645571069786,589.6799999999994,1.0954075953299334,6.0,0.0375795090721451,7313.126666666667,857.2107211376549,6770.32,8301.35,48105.90333333333,2455.1533191703847,65791.55269960828,30405.6,0.1495106116158161,96.0,7237.176666666669,-0.0141808550448403,0.0709845004173261,0.0419948960915266,0.1172567721347284,0.1585187661011179,48972.44,1.0252916397986784,0.8442672785589267,0.057489259783437,0,0.0345985622862079,True
30283.25,0.0,30283.25,20990.64,17783.75,11165.24,6618.509999999999,3206.89,106,105,1,3.533333333333333,3.5,483.71594339622646,139.235,2939.25816991579,82708.12,92000.73,80528.2,110811.45,97791.61698113209,9292.61,0.3068564305350317,1.4427025569491927,0.6278338370703591,0.3721661629296408,2.6591663708485718,3.2292312410699666,9292.61,False,2,0,17811.96,2371.858511494729,-28.209999999999127,0.998416232688598,7.0,-0.0891224523693134,18322.176666666663,3171.8715239797016,15453.98,21728.8,32276.666666666668,2939.354445423921,87132.89211492281,56784.21,0.3344743575771804,105.0,10747.6,0.1507553394012417,-0.0543567249373121,-0.0197819022217619,0.1123542646115036,0.4395342871572153,80528.2,2.6591663708485718,0.6931435694649682,0.2185534907911138,0,0.306799132087674,True
44790.02,0.0,44790.02,40439.3,17739.52,11160.45,6579.07,22699.78,122,121,1,4.066666666666666,4.033333333333333,698.6009836065574,118.96,4385.698530354588,131140.64,135491.36,110094.65,154884.67,138719.12704918033,4350.720000000001,0.0971359244760328,1.1075864320104454,0.6291291985352478,0.3708708014647521,2.4580174333478757,3.097099020031256,4350.719999999972,True,3,1,15052.6,515.5017382447257,2686.92,1.178502052801509,-3.0,-0.0085778011576483,15733.886666666667,1814.2606544907865,14207.03,17739.52,43430.91333333333,1892.374118041488,135247.0885161784,99909.54,0.1149284266117945,123.66666666666669,4997.246666666669,0.2486438052147423,0.5783770167336411,0.0853037722467182,0.0331759857203683,0.3173473412757737,110094.65,2.4580174333478757,0.9028640755239672,0.146886962765366,0,0.1510691692521997,True
20000.0,0.0,20000.0,17361.89,10898.07,7397.370000000001,3500.7,6463.820000000001,149,148,1,4.966666666666667,4.933333333333334,250.75093959731544,60.75,1685.9957584066833,66492.06,69130.17,49728.22,69728.22,56346.95134228188,2638.1100000000006,0.1319055,1.1519483189906168,0.6787779854598108,0.3212220145401892,2.486411,2.8173475671140937,2638.1100000000006,False,3,0,10597.973333333332,2437.153995763638,300.09666666666635,1.0283164202463868,25.0,-0.0842403458250068,11037.686666666666,1236.0629953337068,9877.36,12337.63,22029.503333333338,2813.5610223048884,51656.50533856963,37715.5,0.2010608405890941,124.66666666666669,4527.996666666666,0.1033383414191646,0.5020660004548205,-0.0406394713539743,0.0396755642703805,0.3027502219829356,49728.22,2.486411,0.8680945,0.175035,0,0.2151604877435675,True
54657.39,0.0,54657.39,50585.65,26390.46,14933.61,11456.85,24195.19,190,189,1,6.333333333333333,6.3,553.9107368421053,120.665,4090.764080510667,73976.54,78048.28,28061.19,82718.58,48233.958736842105,4071.739999999998,0.0744956903357441,1.0804919972363705,0.5658715308486475,0.4341284691513524,0.5134015729620459,0.8824782657357423,4071.740000000005,False,3,0,22492.686,5077.359009350234,3897.774000000001,1.1732907310403036,-25.0,-0.0234924962291562,26467.513333333336,3683.804439995874,22822.840000000004,30189.24,56149.3,3634.520175937946,43087.86404344658,18256.69,0.0978705464911082,202.0,5486.596666666667,-0.1258322501659531,-0.0436414722955407,-0.0934609138768305,0.0550409629863739,-0.4485966388222288,28061.19,0.5134015729620459,0.925504309664256,0.2096120945401893,0,0.1661674841815152,True
43750.21,0.0,43750.21,45737.65,32200.39,14257.800000000005,17942.59,13537.26,172,171,1,5.733333333333333,5.7,520.2782558139536,156.35500000000002,3410.770637206621,44202.89,42215.45,-631.28,43554.22,16930.15226744186,-1987.4400000000023,-0.0454269819504866,0.9565469585778892,0.4427834569705523,0.5572165430294478,-0.0144291878827553,0.3869730514994524,-1987.4400000000023,False,7,0,31981.942857142854,7516.411049272374,218.44714285714144,1.0068303274705013,-10.0,-0.0726413709122844,28615.916666666668,3116.3386090785366,26549.4,32200.39,42003.25,1643.5896670702273,18361.15781731834,-631.28,-0.0027705880962941,175.33333333333334,-149.92666666667114,0.1882957241061689,0.1779080248335969,0.047356819229714,-0.0449617660745711,0.1676338635744809,0.0,0.0,1.0454269819504869,0.4101143743081462,1,0.1872105627306195,True
22317.67,0.0,22317.67,21228.0,4083.86,3005.05,1078.81,17144.14,170,169,1,5.666666666666667,5.633333333333334,256.151,20.42,1885.7337142797185,40870.44,41960.11,19969.57,42287.24,25566.918411764706,1089.6699999999985,0.0488254374224548,1.051331731675146,0.7358357044560784,0.2641642955439217,0.8947874038822153,1.1455908440157376,1089.6699999999985,True,2,1,3792.806666666667,807.2097546693388,291.05333333333283,1.0767382466106892,6.0,0.078785937422455,3582.75,451.0340227743359,3209.32,4083.86,20889.076666666664,1249.4827859691932,26270.77934592699,19969.57,0.0062244290290058,161.33333333333334,162.1866666666659,0.181990524070424,0.4835733047292927,0.1158834999999998,0.0266615676268715,0.1054166704191832,19969.57,0.8947874038822153,0.9511745625775452,0.0483388274851272,0,0.067831413251,True
63672.28,0.0,63672.28,55804.240000000005,32968.21000000001,21039.49,11928.72,22836.03,192,191,1,6.4,6.366666666666666,622.2735416666666,146.015,4686.868927450556,131126.22,138994.26,77466.22,141138.5,99972.74838541668,7868.039999999994,0.123570885163842,1.1409935875840258,0.6381750783557857,0.3618249216442142,1.2166396428712778,1.5701141593393024,7868.040000000008,True,2,1,38751.974285714285,4162.661691129276,-5783.764285714278,0.8507491710468431,0.0,0.0320539984330408,37177.03,3645.705505920629,32968.21000000001,39355.9,65049.29,2819.7582672456438,92295.48443029835,62576.16,0.0769225195065031,182.0,5036.229999999999,-0.1591239621108281,-0.2985334070354121,-0.0676598191585459,0.0600035599287465,-0.1553400313660099,77466.22,1.2166396428712778,0.876429114836158,0.1873455764423702,0,0.2010259248217797,True
58539.5,0.0,58539.5,46164.03999999999,24562.9,16944.17,7618.73,21601.14,94,93,1,3.1333333333333333,3.1,1113.867446808511,241.545,6164.246751780847,179340.13,191715.59,170077.0,228616.5,198801.60510638295,12375.460000000006,0.2114035821966365,1.268075757667657,0.6898277483521896,0.3101722516478103,2.905337421740876,3.396024993489575,12375.459999999992,True,1,1,22958.4325,4225.2280227570745,1604.4674999999988,1.0698857598400937,12.0,-0.048407681465842,21240.506666666664,3093.555010086828,18442.93,24562.9,56042.920000000006,2271.003875976434,184485.9136679396,142610.32,0.2362014919265859,84.66666666666667,13201.273333333336,0.3318328486851056,0.0367734911886781,0.082064798379144,0.0690055259801585,0.4415448592432863,170077.0,2.905337421740876,0.7885964178033634,0.1301468239393913,0,0.2136870908283092,True
111345.76,0.0,111345.76,76067.18000000001,40738.66,24307.78,16430.88,35328.520000000004,154,153,1,5.133333333333334,5.1,1216.9671428571428,240.105,9261.63642000154,350039.39,385317.97,385317.97,461385.15,408049.6023376623,35278.57999999999,0.3168381086087157,1.463781883329972,0.5966759829606569,0.4033240170393429,3.4605535944969974,3.664707145899964,35278.57999999996,True,2,1,31888.448333333334,7597.693480417375,8850.21166666667,1.2775366042948992,40.0,-0.105922356021911,28984.61666666667,10195.729500238496,22529.02,40738.66,105673.45666666668,4949.01772112742,363988.6791560684,230605.21,0.3934188288324074,131.66666666666666,41360.31999999999,0.7199344596445942,1.4750482405202296,0.0891046749165289,0.1007846002702723,0.6685718171506019,385317.97,3.4605535944969974,0.6831618913912844,0.1475662836196008,0,0.3182835067594716,True
21349.41,0.0,21349.41,15275.270000000002,7010.29,3878.28,3132.01,8264.98,133,132,1,4.433333333333334,4.4,275.3735338345864,45.67,1914.645223418133,78750.64,84824.78,64471.25,85820.66,71935.49541353383,6074.139999999998,0.2845109068587843,1.3976453444030774,0.5532267566676985,0.4467732433323015,3.019814130694946,3.369437160724059,6074.139999999999,False,5,0,6830.007142857144,469.6181781232588,180.2828571428563,1.0263957055054322,-19.0,0.0706244068587841,7254.429999999999,226.3410674181777,7010.29,7457.29,20483.856666666667,751.3295522161595,66157.09549517176,54986.44,0.2414389700121841,140.33333333333334,4964.446666666667,-0.0599413459849355,-0.2046456468962996,0.0674704999999999,0.077131309663007,-0.0820886078689743,64471.25,3.019814130694946,0.7154890931412157,0.1467024147271517,0,0.1994519322139664,True
38027.33,0.0,38027.33,24640.22,11172.79,6001.94,5170.849999999998,13467.43,138,137,1,4.6,4.566666666666666,454.1126811594204,74.705,3287.2515452384105,173623.72,187010.83,172486.76,210514.09,191716.52884057967,13387.11,0.3520391781384599,1.543303184792993,0.5371925902124716,0.4628074097875282,4.535863022726024,5.041545878729315,13387.109999999986,False,2,0,13149.161666666669,2080.7419607189804,-1976.371666666668,0.8496959945608699,4.0,-0.0311455645166928,14010.726666666667,2610.501215482065,11172.79,16309.64,42528.97666666666,3951.132620405612,178579.7761868077,139943.55,0.3535257425224625,131.33333333333334,15050.819999999998,-0.232097458719222,0.2960108476071597,-0.1628052023762766,0.0771041537412053,-0.1241925632095725,172486.76,4.535863022726024,0.6479608218615401,0.135977203763714,0,0.2979780933310137,True
25062.09,0.0,25062.09,20147.02,8648.529999999999,6442.030000000001,2206.5,11498.49,154,153,1,5.133333333333334,5.1,293.5656493506494,47.225,2068.5683241203687,45044.14,49959.21,26153.42,51215.51,35150.49181818182,4915.07,0.1961157269804712,1.2439601489451044,0.7448699374344544,0.2551300625655459,1.0435450515100697,1.4025363334894183,4915.07,False,2,0,6982.81,461.7831545216864,1665.7199999999984,1.2385458003296663,42.0,-0.022090245683925,7538.05,1015.6260205902554,6656.280000000001,8648.529999999999,24435.826666666664,546.2918200315038,28939.6068384962,16526.64,0.2212520442489124,129.33333333333334,5399.286666666667,0.1832162685003022,0.0394731263337901,0.0417678315120544,0.1091167463736682,0.0851044102251095,26153.42,1.0435450515100697,0.8038842730195287,0.0880413405266679,0,0.1331560467864546,True
104115.77,0.0,104115.77,72881.12,53793.92,25331.49,28462.43,19087.2,207,206,1,6.9,6.866666666666666,855.0574396135265,217.84,7259.688385551502,141151.88,172386.53,126363.94,230479.71,194101.11942028988,31234.65000000001,0.2999992220198728,1.4285698408586478,0.4708987558445267,0.5291012441554733,1.213686841100056,1.8642816493629144,31234.649999999998,False,3,0,77287.11333333333,9811.279960357197,-23493.19333333333,0.6960270306382255,21.0,0.117788529634878,64611.56333333333,9370.956148976078,53793.92,70241.20999999999,105668.71333333332,3093.9725460374284,170737.66677192904,88715.63,0.2082387636981818,195.0,21969.950000000008,-0.2341544230231796,-0.1997454361830384,-0.0468344453897349,0.2212839814815077,-0.2404818268062406,126363.94,1.213686841100056,0.7000007779801273,0.273372900186014,0,0.1684999608293016,True
38769.19,0.0,38769.19,18458.2,15247.34,12317.330000000002,2930.01,3210.86,175,174,1,5.833333333333333,5.8,327.01365714285714,76.81,2927.617023789476,226003.5,246314.49,207941.36,246710.55,217334.54142857145,20310.99,0.5238951342548039,2.1003776099511327,0.8078346780487614,0.1921653219512387,5.3635724656615205,5.605857162055008,20310.98999999999,True,2,1,16128.582857142856,3851.0763294379335,-881.2428571428554,0.945361420470207,26.0,-0.0954897420431476,13973.383333333331,1910.7007593114424,11776.419999999998,15247.34,38953.83000000001,366.988078280575,195203.6787682275,163372.81,0.558527907326785,169.66666666666666,21769.586666666662,0.2947347326267238,0.4574408818233371,-0.015422408357072,0.0898702453723061,0.504179437014834,207941.36,5.3635724656615205,0.4761048657451961,0.0755757342363872,0,0.1478835819288645,True
49588.7,0.0,49588.7,33828.530000000006,18653.41,15903.81,2749.6,15175.12,183,182,1,6.1,6.066666666666666,455.8318579234973,88.74,3729.7436573488394,141127.6,156887.77,130913.33,180502.03,165591.6450819672,15760.169999999993,0.3178177689675267,1.4658839742666911,0.8525953163523453,0.1474046836476547,2.6399831009887333,3.339301999890443,15760.169999999984,False,2,0,17167.0425,4740.217864609002,1486.3675000000003,1.0865826189921766,17.0,0.0111595652139983,19367.716666666667,4541.9044119106375,15225.29,24224.45,45522.57,3539.392368712457,150660.9047140195,113880.85,0.2370093234242674,170.0,10979.73333333333,0.2251595864512268,0.3254853187171291,0.1309689024433353,0.1116731950376821,0.5966503736517618,130913.33,2.6399831009887333,0.6821822310324733,0.0554481162038932,0,0.1455375487773935,True
64670.99,0.0,64670.99,39573.34,26154.94,14231.15,11923.79,13418.4,148,147,1,4.933333333333334,4.9,704.3535810810812,163.94,5365.511115095905,163143.6,188241.25,123991.4,188662.39,138631.1981081081,25097.649999999998,0.3880820442056012,1.6342060083884755,0.5441094493047967,0.4558905506952033,1.917264603495323,2.1436380996812963,25097.649999999998,False,4,0,27732.59333333333,712.3637526105108,-1577.6533333333318,0.943111943611957,32.0,0.0602748727563759,26992.66333333333,851.2007867908295,26154.94,27856.73,62134.06666666667,2333.585718509893,119854.31739245134,82794.77,0.3488016914905767,129.0,21723.00333333333,-0.0300886439084011,0.1443077746929248,0.076431276316361,0.1538377846265497,0.001875265710567,123991.4,1.917264603495323,0.6119179557943988,0.1843761785616704,0,0.1625512236640802,True
117774.58,0.0,117774.58,101257.99,25986.079999999994,18890.48,7095.6,75271.91,108,107,1,3.6,3.566666666666667,2028.079351851852,210.265,12514.7489900556,270286.48,286803.07,173952.12,291726.7,208734.7782407408,16516.59000000001,0.1402390057345142,1.1631139429095918,0.7269461188451665,0.2730538811548337,1.476992063992077,1.7723245393084042,16516.590000000026,False,4,0,36421.14333333333,10704.596161123816,-10435.06333333334,0.713488858989691,17.0,-0.0419578039710384,29869.846666666665,5820.855452880904,25986.079999999994,36562.48,126856.05333333334,9513.63002480826,190000.92517365352,125340.83,0.1701841256024586,94.33333333333331,21714.296666666687,-0.2892692180617946,-0.2667274316858571,-0.1387584153712592,0.0611077180035051,-0.6403836270743286,173952.12,1.476992063992077,0.8597609942654857,0.0602472961482859,0,0.2173366579186517,True
24794.01,0.0,24794.01,21869.62,12424.13,7971.33,4452.799999999999,9445.490000000002,145,144,1,4.833333333333333,4.8,321.8181379310344,80.23,2095.0735473323903,20473.19,23397.58,12117.07,36911.08,24548.39186206897,2924.3899999999994,0.1179474397243527,1.1337192873035746,0.641600659362064,0.358399340637936,0.4887095713843787,0.9900936501223064,2924.390000000003,True,1,1,12845.832,2247.3472040430256,-421.70200000000114,0.9671720757363166,-6.0,0.024281129117859,13135.343333333332,1091.671217232246,12424.13,14392.27,25406.533333333336,1497.5242255246983,22517.690248989256,5983.48,0.1108068335636676,146.0,2825.7000000000007,-0.0131457397874282,0.0099800399201595,0.019810491531677,0.1428399775511293,0.1121048287469308,12117.07,0.4887095713843787,0.8820525602756473,0.1795917643011356,0,0.1468304892175321,True
34282.26,7170.25,41452.51,35995.09,22010.39,14312.989999999996,7697.4,13984.7,171,169,2,5.7,5.633333333333334,452.9099415204678,113.09,2781.768763078099,87551.31,93008.73,55420.25,96638.28,71366.38766081871,5457.4200000000055,0.1316547538375843,1.151615678693955,0.6502833434573397,0.3497166565426601,1.336957641406998,1.7216421312200083,5457.419999999998,True,3,1,22533.97333333333,5833.409588207113,-523.5833333333321,0.976764713191578,17.0,-0.0820823922616837,20891.76,5404.214361338757,15015.769999999997,25649.120000000003,42822.29666666667,7001.881537824914,63083.14638251762,41657.75,0.1843902253395353,162.66666666666666,7945.836666666663,-0.141865685840294,-0.3549490028081765,-0.1776576465768724,0.0623339616506024,-0.8500111888681112,55420.25,1.336957641406998,0.8683452461624156,0.1856920123775375,0,0.2135731360324345,True
20415.64,4762.81,25178.45,22404.619999999995,14309.17,5885.179999999999,8423.99,8095.45,124,122,2,4.133333333333334,4.066666666666666,383.73443548387104,109.255,1933.860386723167,53947.47,56721.3,32838.03,58016.48,42596.36193548387,2773.8300000000054,0.1101668291733607,1.1238061614077814,0.4112873073700291,0.5887126926299708,1.304211736623978,1.6917785620434882,2773.8300000000017,True,1,1,11244.12,4396.634887797711,3065.0499999999997,1.2725913633081112,19.0,-0.0622459038690827,10680.61,3154.0888946255145,8595.33,14309.17,21782.15,2942.481311325528,40718.27476858768,31737.56,0.1403135207386014,115.0,3006.0900000000024,0.6647609806720627,0.6344250208571811,0.2484356406188022,0.0514172397704655,0.7240780897181407,32838.03,1.304211736623978,0.8898331708266393,0.3345714291388071,0,0.3065874123872172,True
20000.0,0.0,20000.0,16892.71,8072.69,5372.740000000001,2699.95,8820.02,133,132,1,4.433333333333334,4.4,277.3887969924812,52.45,1785.2587849503727,52113.03,55220.32,36838.6,56838.6,44135.48278195489,3107.290000000001,0.1553645,1.1839426592891251,0.6655451900172062,0.3344548099827938,1.84193,2.206774139097744,3107.290000000001,False,3,0,9339.433333333332,1090.985656841249,-1266.743333333332,0.8643661464114526,-14.0,-0.0137399690101493,8503.933333333332,420.6903474449263,8072.69,8913.21,20883.20333333333,765.0768072771089,40523.25014552073,28350.25,0.1701285109389733,137.33333333333334,3559.2500000000014,-0.094300482093432,-0.1690825270207058,-0.0628943165008849,0.0596259707025288,-0.1397279442968356,36838.6,1.84193,0.8446355,0.1349975,0,0.0662669702587556,True
20000.0,0.0,20000.0,17228.73,3318.45,2468.33,850.12,13910.28,86,85,1,2.8666666666666667,2.833333333333333,432.8922093023255,36.83,2257.2982151816186,44109.48,46880.75,46880.75,64109.48,52648.43534883722,2771.2700000000004,0.1385635,1.1608516704365326,0.7438201570010096,0.2561798429989905,2.3440375,2.632421767441861,2771.269999999997,True,2,1,3992.8416666666662,989.463300894311,-674.3916666666669,0.8310998223904863,-11.0,0.0077405,3388.67,78.39902231532703,3318.45,3473.26,20000.0,0.0,48746.29138817582,34070.36,0.1350525,88.33333333333333,2701.0499999999997,-0.0445719583330934,-0.3431765678480092,0.0,0.0628270838831017,-0.0738995225686387,46880.75,2.3440375,0.8614364999999999,0.042506,0,0.0890690241393486,True
102012.89,0.0,102012.89,122535.48,92393.58000000002,73541.78,18851.8,30141.9,153,152,1,5.1,5.066666666666666,1467.636405228758,367.62,8667.167188774802,120710.19,100187.6,4244.86,119717.94,55130.74908496732,-20522.59,-0.2011764395656274,0.8325171615600641,0.7959620138109161,0.2040379861890836,0.0416110160196422,0.5404292446274909,-20522.59,True,2,1,51826.9,16157.022254586383,40566.68000000002,1.7827340628129411,-9.0,-0.2998713344272955,65349.12666666667,26059.096802109885,40402.16,92393.58000000002,91755.79333333332,12197.122365912108,61720.65928321856,4244.86,-0.0285731475397064,160.33333333333334,-3735.233333333342,1.2868475348842736,0.7149802182047102,0.3033661309955093,-0.170015389752928,1.648094768948086,4244.86,0.0416110160196422,1.2011764395656277,0.1847982152059411,1,0.5038011782339913,True
111947.21,0.0,111947.21,66413.9,53142.07,34236.46,18905.61,13271.83,135,134,1,4.5,4.466666666666667,1321.1934074074077,307.9,9660.876034189929,298473.24,344006.55,240677.35,352624.56,282532.0660740741,45533.31000000001,0.4067391228419181,1.6855990989837972,0.6442440047969528,0.3557559952030472,2.149918251647361,2.5237972976197804,45533.31,True,2,1,55640.99428571429,8260.270131371528,-2498.924285714289,0.9550884322288992,7.0,0.0114514733884404,55739.93666666667,4676.611960354766,52938.990000000005,61138.75,111942.57333333332,2448.828292190626,236168.8380851967,149549.91,0.3838408486143369,134.66666666666666,42930.80666666667,0.003836113987063,0.4584117286307729,0.0224289700116255,0.1525540782148511,0.1379533473292559,240677.35,2.149918251647361,0.5932608771580818,0.1688796889176604,0,0.2293727451979397,True
53392.21,0.0,53392.21,36783.88,18386.23,12577.54,5808.6900000000005,18397.65,127,126,1,4.233333333333333,4.2,710.0479527559054,129.61,4924.01518884537,118289.76,134898.09,81850.42,135242.63,93392.86527559056,16608.33,0.3110627936172712,1.451511096708667,0.684073896606319,0.315926103393681,1.5330030354615405,1.74918523274445,16608.33,True,1,1,16546.38,1948.430285357935,1839.8499999999983,1.111193505769842,-20.0,0.0071911265321568,16409.75333333333,1711.800742678112,15401.1,18386.23,50103.94999999999,2849.223471965652,80003.84818173105,55797.71,0.305098338395311,135.66666666666666,15296.546666666669,0.193825765692061,0.5250428604809301,0.099680613571256,0.140403784740116,0.1964698652314321,81850.42,1.5330030354615405,0.6889372063827288,0.108792837007496,0,0.1935704185414311,True
21394.95,0.0,21394.95,16483.14,9859.87,6224.79,3635.08,6623.27,172,171,1,5.733333333333333,5.7,220.2214534883721,46.385000000000005,1664.5785856021469,51550.1,56461.91,37066.68,58461.63,45059.57,4911.810000000001,0.2295780078943863,1.2979899460903688,0.6313257679867991,0.368674232013201,1.7324966873023775,2.106084379725122,4911.810000000005,True,1,1,7588.900000000001,143.80621787669662,2270.9699999999984,1.29924890300307,14.0,-0.0622564921056136,8291.933333333332,1358.2517618738186,7475.89,9859.87,20549.446666666667,743.1073529668066,38906.87193314077,26511.13,0.2750914105945241,159.66666666666666,5634.243333333332,0.3076681290815433,0.4673141274819665,0.0697475,0.0952822593942592,0.2990872109567448,37066.68,1.7324966873023775,0.7704219921056137,0.1699036454864348,0,0.1767788076190204,True
152764.52,0.0,152764.52,114754.78,99710.19,74184.71,25525.480000000003,15044.59,245,244,1,8.166666666666666,8.133333333333333,1091.9155102040816,360.88,9773.332630905636,273789.76,311799.5,167980.26,320744.78,225778.2389795918,38009.73999999999,0.2488126169610587,1.3312257668046594,0.7440032959519985,0.2559967040480015,1.0996025778760672,1.4779494543601606,38009.73999999999,False,2,0,84620.40666666666,14981.387129120816,15089.78333333334,1.1783232192770523,2.0,-0.0057283517891545,95637.11,3870.685447992517,92006.91999999998,99710.19,147366.46666666667,4794.1001352218045,191270.13813577348,101598.96,0.2489648743869745,238.0,36684.76666666667,0.083724898083753,0.0263843160971026,0.0637840707575134,0.1388282016098776,0.1172069729408191,167980.26,1.0996025778760672,0.7511873830389413,0.1670903688893206,0,0.2972681426168521,True
79945.41,0.0,79945.41,75683.81,3856.8200000000006,3078.1800000000003,778.64,71826.99,118,117,1,3.933333333333333,3.9,1318.891694915254,26.395000000000003,8525.148018695463,99302.43,103564.03,58804.35,138749.76,98465.81152542376,4261.600000000006,0.0533063749375981,1.0563079474989434,0.7981134717202254,0.2018865282797745,0.7355563002303697,1.2316631001757792,4261.600000000006,False,4,0,7415.775,2920.9145505988354,-3558.954999999999,0.5200832010140546,-2.0,-0.0864523919365737,6848.263333333332,3076.7789883307078,3856.8200000000006,10003.81,87124.08666666667,7623.362817919224,93231.5395038874,37424.11,0.0944445027111171,115.66666666666669,8448.833333333338,-0.6144648888773376,-0.6746393889251032,-0.1595788128534742,0.0429153647096047,-1.111109194220118,58804.35,0.7355563002303697,0.9466936250624018,0.0097396460910013,0,0.1456023651723388,True
34056.33,6939.77,40996.100000000006,25597.14,16297.65,13087.31,3210.34,9299.49,109,107,2,3.633333333333333,3.566666666666667,610.947155963303,125.78,3393.4350953318385,45418.72,60817.68,35692.59,76581.5,67572.01146788991,15398.96000000001,0.3756201199626308,1.601589083780454,0.8030182265541351,0.1969817734458649,0.870633791994848,1.6482546258763615,15398.96,True,1,1,12993.785,262.3295447523965,3303.865,1.2542650197767624,-4.0,0.0008268816970397,14095.073333333334,1916.4854224421672,12808.29,16297.65,37039.12,3439.9622170454154,50865.45166945943,10586.81,0.3679126211787042,118.33333333333331,13644.55666666667,0.2724298091314296,0.9043308557903916,0.1593673776715709,0.3390443411879507,0.3005792983296256,35692.59,0.870633791994848,0.6243798800373692,0.0783084244598876,0,0.1375877896012242,True
30499.02,0.0,30499.02,23635.03,5895.389999999999,4989.75,905.64,17739.64,147,146,1,4.9,4.866666666666666,368.258843537415,35.26,2679.768789543032,71791.04,78655.03,48741.33,79240.35,55819.23666666666,6863.990000000002,0.225056083769249,1.2904159630853018,0.8463816643173735,0.1536183356826266,1.5981277431209266,1.8301977134565848,6863.990000000005,False,3,0,8235.045,2178.7586273954257,-2339.6550000000007,0.715890441400138,12.0,0.0007418306717849,7455.16,2048.9403158462183,5895.389999999999,9775.66,33833.54666666667,4934.176911150765,46991.79338067391,26239.77,0.2509365788762157,138.33333333333334,8638.746666666666,-0.1193589297371099,0.019841895452805,-0.0317759133662391,0.0956106778784651,0.1958351338862157,48741.33,1.5981277431209266,0.774943916230751,0.0296940688586059,0,0.0914997459118565,True
52642.79,0.0,52642.79,34836.47,25220.61,19099.26,6121.35,9615.86,128,127,1,4.266666666666667,4.233333333333333,683.4317187500001,180.095,4659.272208091588,88291.36,106097.68,58568.9,111211.69,77958.43328125,17806.32,0.338248029787175,1.511140193021853,0.7572877896291962,0.2427122103708039,1.1125721110146327,1.480894786945183,17806.319999999992,True,1,1,30180.619999999995,3014.085081214528,-4960.009999999998,0.8356557950101754,14.0,0.0344853576074353,28527.28333333333,3569.722795741053,25220.61,32311.899999999998,55848.84666666667,3921.018222736707,56239.74860430175,20120.23,0.3177406958458169,119.0,17705.703333333342,-0.219463726986033,-0.0576536440132637,-0.1258327313788494,0.2016768118647169,-0.3714302260195218,58568.9,1.1125721110146327,0.661751970212825,0.1162808810095361,0,0.1798809403581152,True
159565.84,0.0,159565.84,104212.31999999998,59393.33,37763.810000000005,21629.52,44818.99,119,118,1,3.966666666666667,3.933333333333333,2216.623193277311,411.3,15033.514913118086,447142.25,502495.77,354199.19,513765.03,410416.105882353,55353.52000000002,0.3469008153624862,1.5311609990066437,0.6358257737021986,0.3641742262978014,2.2197682787243185,2.5720800008470044,55353.52000000002,True,3,1,51452.560000000005,8597.48150673905,7940.769999999997,1.1543318738659456,24.0,-0.0203324879885773,55137.92333333334,3783.477203120596,52153.87,59393.33,156968.46,2267.8951944918927,356681.03046914825,245845.27,0.3633452100970809,114.33333333333331,57011.54666666667,0.1026009266972074,0.3295615484480112,0.0231278970784856,0.1237939827873568,0.0697615611812829,354199.19,2.2197682787243185,0.6530991846375138,0.1355523212236403,0,0.1147767887537052,True
66042.32,0.0,66042.32,40567.79,19220.44,13679.07,5541.37,21347.35,173,172,1,5.766666666666667,5.733333333333333,616.2434104046246,88.44,5143.763606827457,122578.95,148053.48,106639.38,172681.7,157689.6307514451,25474.53000000001,0.3857303922696841,1.6279496615418292,0.7116939050302699,0.2883060949697301,1.6147128083931634,2.387705803664152,25474.530000000013,True,1,1,19471.91,3456.4369413892086,-251.46999999999755,0.987085499059928,12.0,0.0482193305819496,19388.086666666662,2448.378487598134,17027.84,21915.98,64927.386666666665,1343.5931041179658,133802.03100611016,59692.1,0.372764775752272,164.33333333333334,24191.95,-0.122994271759693,-0.1951859619361887,0.0113023306453503,0.2078214081618419,-0.4100618035194461,106639.38,1.6147128083931634,0.6142696077303159,0.0839063497466472,0,0.1647844867293698,True
37699.3,0.0,37699.3,31278.990000000005,14841.13,11963.38,2877.7500000000005,16437.86,219,218,1,7.3,7.266666666666667,314.9693607305936,59.5,2621.293403247832,94372.57,100792.88,84878.85,122578.15,108131.74013698632,6420.309999999998,0.1703031621276786,1.205259504862529,0.8060963012924218,0.1939036987075782,2.2514701864490854,2.8682691757403003,6420.309999999998,False,4,0,14299.662857142856,3430.464221315216,541.4671428571437,1.0378657279032752,-28.0,-0.0991415339787457,15326.633333333331,4529.671337772017,11059.27,20079.5,37726.06666666667,103.41155270729564,102097.90547461135,73858.59,0.158235737446503,238.33333333333331,5961.573333333331,0.3419628962851979,-0.2160043807313204,0.0016108433161958,0.0680315265336102,0.7911887236215359,84878.85,2.2514701864490854,0.8296968378723213,0.0763343085945893,0,0.2372411216512691,True
102040.76,0.0,102040.76,90328.03000000004,62290.42,31908.03000000001,30382.39,28037.61,114,113,1,3.8,3.7666666666666666,1687.4455263157895,521.86,9689.504554895557,75243.39,86956.12,86956.12,177284.15,120474.81236842104,11712.729999999969,0.1147848173612188,1.12966883037303,0.5122461848868575,0.4877538151131426,0.8521704463980864,1.1806538129314308,11712.729999999996,True,3,1,58475.50833333333,6409.854695212413,3814.911666666667,1.0652394784654144,8.0,-0.0224390353028926,59132.82333333333,6504.736243094977,51652.00999999999,63456.03999999999,95863.3,5365.554098422636,107336.74761861411,60544.67,0.0900528655320303,113.33333333333331,8692.86666666666,0.2059631367685404,0.101940721123209,0.1047653858059058,0.1556645706685995,0.3919821508765749,86956.12,0.8521704463980864,0.8852151826387812,0.2977475863566677,0,0.2475506938449109,True
25295.66,0.0,25295.66,24022.750000000004,4700.18,2837.5399999999995,1862.64,19322.57,110,109,1,3.6666666666666665,3.633333333333333,448.349181818182,37.14,2727.693636167265,30806.67,32079.58,32079.58,56102.33,37338.72218181818,1272.9099999999962,0.0503212804093665,1.0529876887533691,0.6037087941312884,0.3962912058687113,1.2681851353157023,1.4760920324600415,1272.9100000000035,False,2,0,10567.46,4094.394164952857,-5867.280000000001,0.444778593909984,4.0,0.006021275984997,7264.893333333333,4670.817854298466,4438.330000000001,12656.17,29114.566666666666,6993.198799900752,36516.18575242996,11191.09,0.0782160266838242,108.66666666666669,2527.103333333331,0.0589974156946417,-0.1896703239334906,0.0174304066799935,0.0413192987103119,0.708312334821044,32079.58,1.2681851353157023,0.9496787195906334,0.0736347658056757,0,0.0610557464078247,True
20943.39,0.0,20943.39,17575.5,9932.089999999998,7343.93,2588.16,7643.41,102,101,1,3.4,3.3666666666666667,377.6361764705882,94.61,2103.517238555719,20878.75,24246.64,3912.42,24855.81,12202.710686274508,3367.8899999999994,0.1608092099703056,1.1916241358709567,0.739414362938717,0.2605856370612832,0.1868092987811428,0.582652124907883,3367.8899999999994,False,4,0,10739.596666666666,775.9719631747874,-807.506666666668,0.9248103358319788,-25.0,0.0871283877279155,10761.68,738.7212798478204,9932.089999999998,11348.36,20521.286666666667,407.0008980743565,9848.094986099824,-602.09,0.1025243320004627,111.66666666666669,2116.196666666669,-0.0974593328783718,-0.4666985363963989,0.040340186843466,0.1613070705861221,-0.0671668500879069,3912.42,0.1868092987811428,0.8391907900296943,0.1235788475504681,0,0.2275524634902035,True
198155.9,0.0,198155.9,120540.68,105686.46,49663.23,56023.23,14854.22,159,158,1,5.3,5.266666666666667,2004.381006289308,590.87,15701.088481784773,549349.57,626964.79,546005.11,744161.01,682439.9351572328,77615.22,0.3916876560324472,1.643892335765818,0.4699109990059276,0.5300890009940725,2.7554320108560986,3.443954659726169,77615.22000000009,False,2,0,107209.13666666666,9736.056625422169,-1522.6766666666665,0.9857971371283312,13.0,-0.004666654033751,100703.38,10868.6765182749,88236.62999999998,108187.05,192801.94333333336,14468.389621538168,600404.6367129679,392634.27,0.4012306033642603,149.0,77244.34333333334,-0.0231135796752015,0.2767203624017733,-0.027838748982732,0.1412856662470858,-0.2492149165009622,546005.11,2.7554320108560986,0.6083123439675528,0.2827229973975037,0,0.2623075741727626,True
94597.42,0.0,94597.42,87320.75,44588.12999999999,31690.97,12897.16,42732.62,131,130,1,4.366666666666666,4.333333333333333,1388.688320610687,300.47,8807.520760958187,48583.0,55859.67,-819.92,93777.5,55264.51160305344,7276.669999999998,0.076922499577684,1.083332655754789,0.7107490267028469,0.2892509732971534,-0.0086674668294336,0.584207387506482,7276.669999999998,False,5,0,42526.635,1974.0229936266323,2061.494999999996,1.048475384897018,-3.0,0.0157861720322991,42085.353333333325,2192.13586409084,40506.03,44588.12999999999,92223.94333333331,2654.509165256992,47227.19376818199,-14871.16,0.0800955613934707,133.0,7405.970000000001,0.0832378971816167,0.0076197515084421,0.0586398390017806,0.1497781116851573,0.0670459869894799,0.0,0.0,0.923077500422316,0.1363373335129013,0,0.0943236954265187,True
67830.54,0.0,67830.54,37828.28,24685.73,21198.61,3487.1199999999994,13142.55,131,130,1,4.366666666666666,4.333333333333333,806.5558778625953,176.24,5952.052428221826,126072.36,156074.62,94051.38,161881.92,119891.95335877864,30002.259999999995,0.4423119733382632,1.7931172128365338,0.858739441774661,0.141260558225339,1.3865639282836315,1.767521729279741,30002.259999999995,True,1,1,23182.0325,4190.183420363798,1503.697500000002,1.0648647826716662,16.0,0.0553979274062354,24923.006666666664,2370.4384104281926,22680.129999999997,27403.16,67764.01333333332,1597.978945929336,90618.85190650412,35907.12,0.4375035641309879,124.66666666666669,29698.456666666665,-0.0991648408431729,-0.2114637957429105,0.0256560146769102,0.2379765080942404,-0.3074101198605334,94051.38,1.3865639282836315,0.5576880266617368,0.0514092914489549,0,0.1392122042734892,True
68905.93,0.0,68905.93,49074.89,46822.03,23096.96,23725.07,2252.86,164,163,1,5.466666666666667,5.433333333333334,719.3952439024389,249.57,5362.369376893113,158539.86,178370.9,118609.46,187515.39,145857.76262195123,19831.039999999997,0.2877987424304409,1.4040974926281036,0.4932925804370293,0.5067074195629707,1.7213244201188491,2.116766476005058,19831.040000000008,True,1,1,49644.363333333335,9560.071217670573,-2822.333333333336,0.9431489670965666,7.0,0.2224881597430202,50038.23,9334.308057569127,42737.27,60555.39,68838.83666666667,1609.4192099739969,132353.5858099076,89230.8,0.2380563182469546,153.33333333333334,16547.746666666666,-0.2267900512241767,0.0850642095427742,0.0254328621014177,0.125085514772121,-0.6437123300688476,118609.46,1.7213244201188491,0.712201257569559,0.3443110048728752,0,0.4657461476587676,True
123763.63,0.0,123763.63,95191.53,64234.45,43209.04000000001,21025.41,30957.08,182,181,1,6.066666666666666,6.033333333333333,1203.0503296703296,302.04,9330.48562749167,195868.15,224440.25,168615.32,292378.95,256570.19796703296,28572.10000000001,0.2308602292935332,1.3001538057009905,0.6726770447944991,0.327322955205501,1.3623979839634632,2.073066198583808,28572.10000000001,False,2,0,70407.01999999999,8970.636303481115,-6172.569999999992,0.9123301909383468,-16.0,-0.0950576432653735,63611.70333333333,4413.703575800411,58919.7,67680.95999999999,131819.76333333334,12591.246265153166,218022.15417224684,83966.4,0.2799548063144544,190.0,37250.98,-0.0509228888006315,0.2357747612988163,-0.1542121983543841,0.1458741505446394,-0.1996212019284987,168615.32,1.3623979839634632,0.7691397707064668,0.1698835918112614,0,0.2775712279760373,True
36608.8,0.0,36608.8,26539.92000000001,19923.34,11812.009999999997,8111.33,6616.58,201,200,1,6.7,6.666666666666667,314.172736318408,88.8,2593.4902422906807,61711.69,71780.57,39216.35,75825.15,53808.97393034826,10068.879999999996,0.2750398811214788,1.3793862227165716,0.5928729821405446,0.4071270178594554,1.0712274098031074,1.4698371410794198,10068.880000000005,False,2,0,17890.226666666666,1783.251289564468,2033.113333333331,1.1136437995568529,0.0,-0.0742259798895651,18782.32,1961.168687594212,16517.78,19923.34,36300.973333333335,652.8038255351555,43385.202840475984,15050.17,0.3008229212940911,191.0,10902.073333333332,0.2061754061381129,0.812170606541958,0.0297495131665148,0.1631600106884125,0.3763797280858428,39216.35,1.0712274098031074,0.7249601188785211,0.2215677651275103,0,0.2456677917687598,True
86722.31,12531.66,99253.97,76388.82,39338.11,17194.54,22143.570000000003,37050.71,156,154,2,5.2,5.133333333333334,1125.9153205128205,227.98,7478.835095303962,235255.19,258120.34,182779.19,281123.84,229473.3066025641,22865.149999999998,0.2303701302829498,1.2993258699375116,0.4370962407700827,0.5629037592299173,1.8415302682603023,2.3119811389162983,22865.149999999998,False,3,0,41157.86142857144,19417.678908925096,-1819.751428571435,0.9557860548286852,-2.0,0.0794834116605764,31916.07666666667,6427.7150834284585,28180.83,39338.11,84752.47666666667,12576.982135334903,213594.9452762596,161646.54,0.1820880702438337,156.33333333333334,15785.690000000002,0.3959173665218518,0.1894293217424749,0.2919802929143864,0.0971929673475002,0.3976340232284143,182779.19,1.8415302682603023,0.7696298697170502,0.2231000936284967,0,0.2536875140583851,True
75777.97,0.0,75777.97,66498.31000000001,33919.74999999999,18471.630000000005,15448.12,32578.56,68,67,1,2.2666666666666666,2.2333333333333334,2092.2982352941176,281.055,9565.418990811895,136935.28,146214.94,146214.94,212713.25,165793.75073529407,9279.659999999987,0.1224585456696713,1.1395473057886731,0.5445685773037835,0.4554314226962169,1.9295177740971416,2.187888521364376,9279.660000000003,False,2,0,24799.986666666664,5881.439711810933,9119.763333333329,1.3677325901788118,-6.0,-0.1735232467126139,27715.93333333333,6899.218122746468,20285.78,33919.74999999999,76818.33,2422.8150116754946,149582.51487546368,114710.17,0.2151482938668847,70.0,16523.836666666662,0.6720949354671102,3.1951797086099907,0.0091693307115714,0.0677667581356682,0.9711899960826044,146214.94,1.9295177740971416,0.8775414543303286,0.2038603039907245,0,0.3983291361375785,True
57730.95,0.0,57730.95,46181.18,18830.68,15328.51,3502.1700000000005,27350.500000000004,196,195,1,6.533333333333333,6.5,530.1639285714286,79.55000000000001,4291.802844511894,122522.38,134072.15,78193.78,135924.73,96437.34096938776,11549.769999999997,0.2000620117978311,1.2500969009453633,0.814017868712123,0.185982131287877,1.3544516416237735,1.6704617015550194,11549.76999999999,False,3,0,20405.99,1115.4185209149057,-1575.3099999999977,0.9228015891412278,51.0,-0.0075906020267483,19880.88666666667,1203.8603616837495,18830.68,21194.71,58674.206666666665,827.3064567820893,82483.5926497576,53217.3,0.1950408712455349,177.66666666666666,11442.820000000002,-0.0400968126553796,-0.3465795979290076,-0.0260775137094246,0.094266614801312,0.0343293059374201,78193.78,1.3544516416237735,0.7999379882021689,0.0606636474889119,0,0.1332941767270954,True
42050.5,7668.83,49719.33,44726.45000000001,9298.9,4172.9,5125.999999999999,35427.55,98,96,2,3.2666666666666666,3.2,963.7324489795918,81.935,4858.271832580329,112662.19,117655.07,68302.02,117928.65,79530.81173469388,4992.87999999999,0.1004213049532242,1.1116314842783184,0.4487520029250771,0.5512479970749228,1.3737518184577306,1.5995954035320643,4992.880000000005,False,5,0,5349.305,1695.095680305392,3949.5949999999993,1.7383379710074485,-6.0,0.0675232480007329,6460.139999999999,2466.29950549401,4844.0,9298.9,45011.43666666667,4122.403391303846,78415.48623680079,68227.43,0.0675141680020294,99.0,3123.746666666661,0.775439520994669,0.5729185525221621,0.1824315229266859,0.044317263848679,0.6942008752473525,68302.02,1.3737518184577306,0.8995786950467758,0.1030987344358823,0,0.1626848047127841,True
79592.98,0.0,79592.98,66122.98,20980.14,11910.670000000002,9069.47,45142.84,148,147,1,4.933333333333334,4.9,984.5672972972974,126.265,7161.876032339817,169335.14,182805.14,105252.05,184845.03,126688.43648648648,13470.0,0.1692360306147602,1.2037113269849604,0.5677116549269929,0.4322883450730071,1.3223785565008372,1.5917036463075829,13470.0,True,1,1,26757.33,7826.294767429857,-5777.189999999999,0.784089443901914,9.0,0.0225063958020929,21833.713333333333,1064.3731566200383,20980.14,23026.3,79479.47,1329.723586803076,113696.97804911928,77822.11,0.1572510812316148,143.66666666666666,12502.916666666662,-0.0239389244790576,0.6026120392000256,0.0191602377721034,0.0795463953908208,0.0425763211313964,105252.05,1.3223785565008372,0.8307639693852398,0.1139481145196473,0,0.1150151338927044,True
23167.07,0.0,23167.07,17595.559999999998,6669.149999999999,3967.27,2701.88,10926.41,89,88,1,2.966666666666667,2.933333333333333,458.0070786516855,72.41,2520.2234099255616,83174.28,88745.79,78890.44,102057.51,93114.2579775281,5571.510000000002,0.2404926475380789,1.3166429485620237,0.5948689113305294,0.4051310886694707,3.405283447583143,4.019250512798041,5571.509999999995,False,4,0,7283.495,557.4281381188665,-614.3450000000012,0.9156524443278946,-16.0,-0.0169093509371965,6902.663333333333,313.95601624006736,6669.149999999999,7259.569999999999,23696.803333333333,699.4619741868225,87490.87585334363,66809.21,0.2474429432727034,93.33333333333331,5867.73,-0.0813298859298828,-0.022743384597578,-0.0540064443498012,0.0669859721057999,-0.1521782221076716,78890.44,3.405283447583143,0.759507352461921,0.1166258832040478,0,0.1222006871998408,True
104299.01,0.0,104299.01,100885.27,7136.45,5144.11,1992.34,93748.82,87,86,1,2.9,2.8666666666666667,2358.44,74.44,12801.40102731374,198005.04,201418.78,97999.29,202298.3,118693.16022988503,3413.740000000005,0.0327303202590322,1.0338378437208922,0.7208219773136503,0.2791780226863496,0.939599426686792,1.138008502955925,3413.7399999999907,False,4,0,13876.64,13591.897870834668,-6740.19,0.5142779520114379,-2.0,0.0068476902830821,13522.283333333333,13825.757470432976,4043.68,29386.72,110250.90333333332,13832.241377644952,116833.4812609711,70815.15,0.0272779179860261,86.0,2979.799999999998,0.7648404423693269,0.4929598573237712,0.0389291338017954,0.0172406722576354,1.627238151266407,97999.29,0.939599426686792,0.9672696797409678,0.0191021947379941,0,0.0654362498692101,True
29224.71,0.0,29224.71,20127.42,12944.81,8340.140000000001,4604.67,7182.61,74,73,1,2.466666666666667,2.433333333333333,666.9206756756756,156.64999999999998,3412.1734762570527,48126.42,57223.71,29068.08,58292.79,37227.51891891892,9097.29,0.3112876055912959,1.451984904175498,0.6442844661296689,0.355715533870331,0.994640494294041,1.2738370686627487,9097.29,True,2,1,16415.3275,5552.982178825924,-3470.517499999998,0.7885806725452174,-3.0,0.089645972913746,13384.353333333333,444.7172803403488,12944.81,13834.07,28142.236666666664,1112.862737328071,30925.560972010968,15402.37,0.2679944689210617,80.33333333333333,7575.273333333334,-0.0642804322950512,-0.2708742060984936,0.0823449546299452,0.1890290198190516,-0.0986668395364669,29068.08,0.994640494294041,0.6887123944087041,0.157560844915142,0,0.3558739338291404,True
98766.73,20212.73,118979.46,93555.03,28876.15,19442.17,9433.98,64678.880000000005,122,120,2,4.066666666666666,4.0,1742.085983606557,203.765,9737.480675091629,244247.53,269671.96,168271.67,287251.13,245493.9131147541,25424.429999999997,0.213687555818458,1.271759091948343,0.6732950895462171,0.3267049104537827,1.4142917609476462,2.063330200983885,25424.430000000026,False,3,0,23824.17714285714,15087.95073743583,5051.97285714286,1.2120523544989472,6.0,0.0165429958991076,21461.076666666664,6445.2545212763525,17202.339999999997,28876.15,107400.71333333332,10178.9214225149,218147.9006446401,134428.4,0.196963016753968,122.33333333333331,21260.75666666667,0.5775230896478178,0.6598424254793567,0.151110384421143,0.1040928847878217,0.513438784838123,168271.67,1.4142917609476462,0.786312444181542,0.0792908288539887,0,0.2240607786673354,True
43363.25,0.0,43363.25,39921.2,11602.47,5795.56,5806.910000000001,28318.730000000003,188,187,1,6.266666666666667,6.233333333333333,443.0023936170213,56.04,3425.658777808213,27480.44,30922.49,-10855.85,32507.4,2316.723031914894,3442.050000000003,0.079377122332851,1.086221105577989,0.4995108800108943,0.5004891199891058,-0.2503467798193171,0.0534259547408207,3442.050000000003,False,8,0,12312.555714285714,2882.426597092902,-710.0857142857149,0.942328324779734,9.0,-0.0018984392845432,13100.166666666666,3378.388394520876,10729.530000000002,16968.5,42704.57333333333,584.496356219047,168.21471966434623,-17231.94,0.0295697529190843,177.66666666666666,1285.676666666671,0.081358642922849,0.0922101469719711,0.0202471890602689,0.1252545446870574,0.4490381667464043,0.0,0.0,0.920622877667149,0.1339131637965327,0,0.0826617330758152,True
79752.78,0.0,79752.78,34861.24,25809.2,21244.91,4564.29,9052.04,73,72,1,2.433333333333333,2.4,1570.0550684931509,333.91,9305.774750026208,416267.11,461158.65,383364.25,463117.03,404280.9309589041,44891.54,0.5628837013581219,2.287720689223906,0.8231525967484462,0.1768474032515537,4.806907671431642,5.069176660160362,44891.54000000004,True,3,1,29767.86857142857,4444.157969362432,-3958.668571428574,0.8670153839892946,-5.0,0.1030856427969674,29898.650000000005,3546.3262872866067,25809.2,32127.03,78709.49333333333,2157.1534702086774,363145.0867226342,301070.48,0.5044894463582391,85.66666666666667,39758.80333333334,-0.1966515423305548,0.3661203330679483,0.0462258276144929,0.1078431106411459,-0.2082168206138646,383364.25,4.806907671431642,0.437116298641878,0.0572304814954412,0,0.2784349679493731,True
34120.42,0.0,34120.42,28684.59,8984.609999999999,4558.92,4425.69,19699.98,141,140,1,4.7,4.666666666666667,445.4256028368795,55.48,3026.2550689239115,101029.63,106465.46,73659.95,107780.37,83978.44248226951,5435.830000000002,0.1593131034143191,1.1895034929904873,0.5074143451969535,0.4925856548030465,2.1588230742763423,2.46123706807447,5435.830000000002,True,1,1,11784.213333333331,3276.971847976929,-2799.6033333333344,0.7624276433103722,0.0,0.0962490932934718,12109.223333333332,2715.7058481605354,8984.609999999999,13900.99,37982.62666666666,5253.480132867481,77216.795249803,56261.02,0.1561821655254638,139.0,6173.423333333335,-0.3536712133452366,-0.5533062297252833,-0.0485795651794446,0.0538043146352213,-0.3878117884203553,73659.95,2.1588230742763423,0.8406868965856809,0.1297079578739066,0,0.347036907300124,True
48836.5,0.0,48836.5,41174.26,13487.05,8025.54,5461.510000000001,27687.21,174,173,1,5.8,5.766666666666667,517.3032183908044,63.85,3907.132160798905,96367.82,104030.06,57818.1,106654.6,73609.14879310344,7662.240000000005,0.1568957644384836,1.186092961962158,0.5950552567092137,0.4049447432907864,1.183911623478341,1.5072568425891175,7662.239999999991,False,4,0,17334.282857142858,3273.39748695304,-3847.232857142859,0.7780564163600487,-3.0,-0.0273241902004227,17180.303333333333,5446.360836901401,13487.05,23435.19,51580.39000000001,2615.561592908883,64663.20385190461,35134.19,0.1317324175357212,172.66666666666666,6712.876666666668,-0.0774092307986978,-0.1345306047419678,-0.0582906634898732,0.0795103593710016,0.2987993683208313,57818.1,1.183911623478341,0.8431042355615164,0.1118325432821762,0,0.1115599971087538,True
37217.23,0.0,37217.23,26332.85,8027.67,5232.7300000000005,2794.94,18305.18,59,58,1,1.9666666666666663,1.9333333333333331,1077.12,139.02,5174.344446207321,40980.64,51865.02,14647.79,51865.02,20294.427288135597,10884.380000000005,0.2924554030485343,1.4133384726681697,0.6518367097800483,0.3481632902199517,0.3935755025293392,0.545296554529598,10884.379999999996,True,1,1,8350.056666666665,1475.37503626479,-322.3866666666654,0.9613910803798936,-4.0,-0.0229061455699753,7897.169999999999,1176.4809259397273,6660.88,9002.96,37306.87666666667,889.0462958324115,10430.201483611336,-8316.9,0.2978808199908017,56.66666666666666,11104.526666666668,0.2051966106580511,1.467219265026526,0.0205994342683126,0.265598097052657,0.4653421627875729,14647.79,0.3935755025293392,0.7075445969514657,0.0750980123990957,0,0.1794731891925814,True
156758.61,0.0,156758.61,82336.45,37512.60999999999,33553.16,3959.45,44823.84,90,89,1,3.0,2.966666666666667,2656.611777777777,385.25,16937.49163636465,588238.52,662660.68,511550.63,668309.24,562686.469,74422.15999999999,0.4747564424053007,1.9038786588442904,0.8944501595596788,0.1055498404403212,3.263301645759681,3.5895091759234155,74422.16000000003,False,4,0,43831.17833333334,3936.162987404947,-6318.568333333344,0.8558430648320464,-25.0,-0.0179814717026629,42642.42666666667,5475.710138277349,37512.60999999999,48408.45,161033.07333333333,8818.26348835379,482947.7769535274,358121.93,0.4555472416142448,108.66666666666669,73566.80666666666,-0.1069748718166029,-0.6009033336256417,-0.0842146200274854,0.1265169781808917,0.0252795176546564,511550.63,3.263301645759681,0.5252435575946993,0.0252582617312057,0,0.1585956326978675,True
94367.12,0.0,94367.12,88218.4,23645.02,9940.78,13704.239999999996,64573.38,73,72,1,2.433333333333333,2.4,2501.171506849315,324.91,12065.077509040371,38860.51,45009.23,-46976.48,47390.64,-26337.04356164383,6148.720000000001,0.0651574404305228,1.0696988383375805,0.4204174917170719,0.5795825082829279,-0.4978055916086027,-0.2790913144498192,6148.720000000001,False,4,0,21757.209999999995,1431.763038180554,1887.810000000005,1.0867670992742178,-1.0,-0.0088884600779146,22937.396666666667,613.8457151706343,22548.11,23645.02,94746.23,837.8240019836867,-30438.86953470496,-62588.47,0.076301907670278,72.33333333333333,7235.453333333334,0.0453582067512974,0.1744263374034178,0.0021467643434707,0.1582254067175135,0.0422116015591107,0.0,0.0,0.9348425595694771,0.1452226156737643,0,0.077356152218281,True
99362.07,0.0,99362.07,99375.25,42598.82,19757.489999999994,22841.33,56776.43,218,217,1,7.266666666666667,7.233333333333333,911.6390825688072,148.63,7175.515318875543,257841.96,257828.78,165171.39,264533.46,201644.5857798165,-13.179999999978463,-0.0001326461898386,0.9998673714028394,0.4638036922149485,0.5361963077850512,1.6623183273053792,2.029391957915294,-13.179999999993017,True,1,1,25140.664285714283,5594.513795939902,17458.155714285716,1.6944190302961084,17.0,-0.1301676180825073,28291.993333333336,12400.689291895562,20625.620000000003,42598.82,91483.76666666666,6970.409290438652,197576.7553494237,163871.91,0.0730654765537952,205.33333333333331,6415.343333333338,1.0653352481040566,1.595638127294773,0.1167860027008664,-5.111658319689738e-05,1.112718482737713,165171.39,1.6623183273053792,1.0001326461898383,0.229879772029709,1,0.3341620285216379,True
132295.96,0.0,132295.96,108958.67,98147.11000000002,42228.54,55918.57,10811.56,199,198,1,6.633333333333334,6.6,1212.334824120603,413.81,9371.527105645122,364477.55,387814.84,257992.29,390288.25,312370.78678391955,23337.28999999998,0.1764021365429449,1.2141847913525374,0.4302576000454827,0.5697423999545171,1.950114652027167,2.361151366858969,23337.29000000004,True,3,1,126576.60833333332,23344.4377900222,-28429.498333333308,0.7753969022580728,9.0,0.293599197623287,117393.74,28016.154982183027,98147.11000000002,149535.49999999997,137329.66666666666,5704.714769437051,307637.8843169243,223876.4,0.0707916591376755,192.33333333333331,9124.36666666666,-0.3436534468403821,-0.4542334976075257,-0.0782452905291654,0.0640294306192521,-0.7746342034265218,257992.29,1.950114652027167,0.8235978634570551,0.4226778353624706,0,0.5215461003256,True
66357.94,0.0,66357.94,46299.77,25334.809999999998,13651.78,11683.030000000002,20964.960000000003,125,124,1,4.166666666666667,4.133333333333334,901.2616799999998,169.37,6106.197765362576,106796.83,126855.0,74403.5,140761.44,109758.96856,20058.17000000001,0.3022723429931671,1.4332239663393578,0.5388546430780418,0.4611453569219585,1.1212448728818285,1.6540442418797208,20058.17,True,1,1,27884.380000000005,7683.266720881167,-2549.5700000000106,0.9085663730016588,30.0,0.0126978968415111,27034.52333333333,5628.770986079766,22451.49,33317.270000000004,65941.40666666666,4633.901880589759,90556.41154151606,37035.06,0.2734256853548584,108.66666666666669,17941.923333333332,0.1284244386452744,0.3747830394829901,0.0858183079624239,0.1878161552173411,0.4545550009632555,74403.5,1.1212448728818285,0.6977276570068329,0.1760607698189546,0,0.242023336030943,True
133331.29,0.0,133331.29,108079.52999999998,78444.67000000001,31712.35,46732.32,29634.86,156,155,1,5.2,5.166666666666667,1547.5052564102564,416.745,10766.487545429012,384475.24,409727.0,383863.06,517194.35,453682.5124358974,25251.760000000024,0.1893911024186447,1.233640542293254,0.4042639225839052,0.5957360774160946,2.879017070936612,3.40267098920214,25251.76000000001,True,1,1,85503.1725,16933.67564955381,-7058.502499999988,0.9174474783377192,17.0,0.3466247909577867,89870.23666666668,17908.882836451114,78444.67000000001,110510.19,132811.12333333332,11456.40004855073,447885.2725258888,382459.11,0.0887473842568926,143.66666666666666,13306.026666666678,-0.2901589437136972,-0.5015254824312187,0.1009697490163372,0.0656785076719115,-0.6603037007276028,383863.06,2.879017070936612,0.8106088975813552,0.3504977713783463,0,0.7738069817381827,True
35724.98,0.0,35724.98,32151.5,11125.16,6251.53,4873.630000000001,21026.34,150,149,1,5.0,4.966666666666667,452.5098666666667,66.41999999999999,3092.182032074309,17790.53,21364.01,-13902.49,21822.49,-5182.124599999999,3573.480000000007,0.1000274877690626,1.1111450476649614,0.5619271992492693,0.4380728007507308,-0.389153191968197,-0.1450560532154251,3573.48,False,5,0,16594.1,8227.079917560868,-5468.939999999999,0.6704286463261039,29.0,-0.0087001789209035,13383.53,3084.90991957626,11125.16,16898.399999999998,39050.68,4544.839689185967,-10804.958285234628,-30031.77,0.1170989973824908,129.33333333333334,4640.810000000004,-0.0826146220467831,-0.0921650917124434,-0.0395942770809025,0.2008641676217628,0.199741695711111,0.0,0.0,0.8999725122309374,0.1364207901585949,0,0.1421191705661729,True
67480.34,0.0,67480.34,37586.89,25512.26,22469.36,3042.9,12074.63,140,139,1,4.666666666666667,4.633333333333334,750.4802142857144,157.725,5711.118057969635,217855.97,247749.42,217057.72,284538.06,261871.67392857143,29893.45,0.4429949523075906,1.7953158667822744,0.8807279323744741,0.1192720676255259,3.21660679243762,3.880710647405918,29893.45000000001,True,1,1,29151.024,3299.9419649487786,-3638.763999999999,0.8751754312301345,12.0,0.0978373306754382,26885.63,3835.7519850350095,23925.62,31219.01,65379.67333333333,2547.8016104542594,233883.9818139308,167765.27,0.4041895373639137,132.66666666666666,26419.41333333333,-0.1827972764030635,-0.6508009006258937,0.0206807821811934,0.1372165747856255,-0.4876332639344213,217057.72,3.21660679243762,0.5570050476924094,0.0450931337927461,0,0.3097726427173435,True
23431.55,0.0,23431.55,19327.73,11741.84,8885.369999999997,2856.4700000000003,7585.89,157,156,1,5.233333333333333,5.2,272.352101910828,63.41,1898.0141038123384,23214.47,27318.29,15624.83,39056.38,27757.27955414013,4103.82,0.1751407824066269,1.2123280902620224,0.7567272250345769,0.2432727749654228,0.6668286989123638,1.1846113276390222,4103.82,False,3,0,13119.21,1898.5018327618216,-1377.3700000000008,0.8950112087541856,-6.0,0.0037295682685824,11488.133333333331,321.1161424365529,11127.100000000002,11741.84,22922.99666666667,448.462453426527,23883.338190612387,5878.58,0.1678456348826633,158.66666666666666,3848.973333333333,0.0552470994239286,0.0572078907435507,0.03752097154777,0.1767785351119366,0.095638769957051,15624.83,0.6668286989123638,0.824859217593373,0.1219070014574366,0,0.1431575626618539,True
20060.92,0.0,20060.92,21787.25,4283.23,1236.19,3047.04,17504.02,208,207,1,6.933333333333334,6.9,201.19312499999995,20.0,1548.3077040812136,4765.25,3038.92,-3161.82,16899.1,5885.92125,-1726.329999999998,-0.0860543783635046,0.920764208424652,0.2886116318759441,0.7113883681240559,-0.1576109171463721,0.2934023589147457,-1726.33,False,5,0,4320.6075,631.4950686730128,-37.37750000000051,0.991349017470344,25.0,-0.0220608783635045,4108.583333333333,288.27445556853206,3775.85,4283.23,20020.306666666667,35.17217839903047,7576.633899517866,-3161.82,-0.0795274594545015,200.66666666666663,-1592.2966666666664,0.1343750413814106,0.1684779690915365,0.0030459999999998,-0.362274801951629,0.2494108890096547,0.0,0.0,1.0860543783635046,0.1518893450549626,1,0.0467571855606982,True
71319.72,0.0,71319.72,67718.05000000002,28293.79,11439.910000000002,16853.88,39424.26,101,100,1,3.3666666666666667,3.333333333333333,1376.6115841584156,256.97,7632.295241408541,217788.31,221389.98,150877.97,222197.69,170216.44613861386,3601.669999999984,0.0505003384758098,1.0531862627467858,0.4043258255610154,0.5956741744389847,2.1155154563141862,2.3866673360273127,3601.670000000013,False,4,0,25335.88714285714,3252.4117591807394,2957.9028571428607,1.116747554189227,-4.0,-0.0144799199235133,25872.65,3373.916932528129,22018.81,28293.79,71629.1,495.4299962658801,164889.1112846606,141597.49,0.0881582253807174,98.0,6332.19,0.0361994993655088,0.4462678575106236,-0.0006633312343257,0.0165374808225473,-0.2038924947068323,150877.97,2.1155154563141862,0.9494996615241902,0.2363144443079698,0,0.1815250904137032,True
66423.41,0.0,66423.41,59587.36,47012.32,19652.72,27359.6,12575.04,190,189,1,6.333333333333333,6.3,663.2145789473685,216.4,4846.40631618286,202896.81,209732.86,154020.35,220443.76,182052.05968421052,6836.050000000003,0.1029162760538792,1.1147231560518875,0.4180334006064792,0.5819665993935207,2.3187660796095835,2.7407815961904176,6836.049999999988,False,3,0,37713.043333333335,1677.0266011446188,9299.276666666665,1.2465798526115588,-2.0,-0.0338123478899028,42172.23666666667,4198.8104253982965,39506.83,47012.32,63285.74,3050.403481328333,174371.24684910194,140470.79,0.1355070482296925,181.0,8538.463333333335,0.1899795554338326,0.1463705277906737,0.1009863615313035,0.0336922497697227,0.2022485538427356,154020.35,2.3187660796095835,0.8970837239461208,0.4118969501866886,0,0.1935268107231482,True
20000.0,6145.02,26145.02,19736.82,5953.43,4252.72,1700.71,13783.39,133,131,2,4.433333333333334,4.366666666666666,344.9762406015038,39.41,1939.2715081679048,39305.49,45713.69,20129.07,46220.16,27431.26511278195,6408.200000000001,0.2451021265235215,1.32468249697773,0.7143310662928766,0.2856689337071234,0.76990073061715,1.0491965625875197,6408.200000000004,False,2,0,5083.48,830.9437138579236,869.9500000000007,1.1711327673168777,-29.0,0.0303945702840144,5626.483333333333,581.8152499147244,4954.74,5971.279999999999,23934.213333333333,2175.2856798437624,22797.230093653445,12589.62,0.1844925004360704,163.66666666666666,4524.339999999999,0.2015625441496427,0.0368602347203168,0.0957062763449161,0.1630357489500831,0.3718007510332588,20129.07,0.76990073061715,0.7548978734764785,0.0650490992166003,0,0.1170740188792282,True
31977.8,0.0,31977.8,24318.61,6578.969999999999,5399.17,1179.8,17739.64,169,168,1,5.633333333333334,5.6,333.11485207100594,34.65,2607.273878690863,101939.26,109598.45,78240.54,110218.34,86502.70396449704,7659.190000000002,0.2395158516220628,1.3149518002879277,0.820671016891702,0.1793289831082981,2.446714283033854,2.705086152408766,7659.190000000002,True,3,1,8121.854285714285,2306.450031952836,-1542.8842857142854,0.8100330009086595,-10.0,-0.0131726598775796,7345.619999999999,1480.4074599582382,6405.77,9052.12,32859.76,1251.219550198925,77380.40935071537,60035.93,0.2369720842255261,165.33333333333334,7774.500000000003,0.0270381234418344,0.6445497630331753,-0.0102724568782749,0.075134840099879,0.3193840048486208,78240.54,2.446714283033854,0.7604841483779371,0.0368943454521574,0,0.0612232589535775,True
54636.84,0.0,54636.84,45440.47,17672.420000000002,12228.93,5443.49,27768.05,121,120,1,4.033333333333333,4.0,827.0852066115702,127.85,5340.349390095198,35660.13,44856.5,-7681.97,46954.87,6266.525123966942,9196.370000000004,0.1683181164942921,1.2023828098609015,0.6919782350125223,0.3080217649874776,-0.1406005544976613,0.1146941353849699,9196.370000000004,False,4,0,21992.880000000005,10973.744671186769,-4320.460000000003,0.8035518767892154,-8.0,-0.0115962804151903,23352.233333333337,9576.895535179096,17672.420000000002,34409.3,55040.84666666666,639.6772624795734,702.2367623416491,-27606.35,0.0705625272576761,122.0,3920.5633333333367,-0.0168322857661038,0.3675323827037671,-0.0204652843862745,0.2578894131905858,0.4607804526505451,0.0,0.0,0.8316818835057078,0.0996303959013735,0,0.1088125515105655,True
38061.69,0.0,38061.69,26144.13,12262.920000000004,9250.120000000004,3012.8,13881.21,83,82,1,2.7666666666666666,2.7333333333333334,773.5640963855421,134.45,4310.9400146023945,57210.68,69128.24,33437.96,71499.65,43961.10361445783,11917.560000000003,0.3131116878940479,1.4558407566057852,0.7543162639893272,0.2456837360106727,0.8785201077513899,1.1549961027599622,11917.560000000003,True,2,1,15590.643333333332,1762.3465468138402,-3327.7233333333297,0.7865563811457003,-35.0,0.1097094264333138,15378.176666666668,3072.2483054000254,12262.920000000004,18405.53,37117.97,840.1522964320253,36608.49677417916,16946.84,0.2102556933882463,101.33333333333331,7858.583333333333,-0.2071087179168861,-0.5089552749658137,0.0331398973800507,0.2083100567935918,-0.0474039987373784,33437.96,0.8785201077513899,0.6868883121059521,0.0791557074843497,0,0.2429619929451436,True
59922.11,16236.73,76158.84,60659.41999999998,19917.53,11076.89,8840.640000000001,40741.89000000001,110,108,2,3.6666666666666665,3.6,1243.8023636363637,165.76999999999998,6316.915381142269,117609.35,133108.77,59988.36,135963.98,80713.33845454545,15499.42000000002,0.2035143917633202,1.255515466517814,0.5561377339459261,0.4438622660540741,0.7876742870558429,1.05980262376036,15499.419999999984,True,5,1,14494.7,7147.73242298283,5422.83,1.3741250250091412,-8.0,0.4449538851879587,20091.94,8894.397592827747,11286.03,29072.26,63714.73,10849.885092465263,88150.73861752858,59988.36,0.0254922333014426,118.66666666666669,2880.900000000004,-0.314895711582106,-0.5993771763029722,0.3542611597993828,0.1317873111278991,-1.890846688143395,59988.36,0.7876742870558429,0.7964856082366798,0.1160815999823526,0,0.3772073160292865,True
101762.32,0.0,101762.32,62240.36,58103.55,46179.34000000001,11924.21,4136.81,158,157,1,5.266666666666667,5.233333333333333,1037.9916455696205,313.94500000000005,8073.302214423089,531939.63,571461.59,478466.7,580229.02,516852.3851898734,39521.96000000001,0.3883751864147752,1.634989257774216,0.7947765670083843,0.2052234329916158,4.701806130206151,5.07901534860716,39521.95999999996,True,3,1,63450.95,15250.85310006755,-5347.4000000000015,0.9157238780506832,1.0,0.2074439041872583,64353.28333333333,14828.57907972754,53672.630000000005,81283.67,104168.63666666669,2348.0991602642266,488308.6504126278,415172.56,0.3420864676913515,162.66666666666666,35678.543333333335,-0.2851756078434942,-0.624356599145083,-0.0242347858504995,0.0742978296240119,-0.7996098735018008,478466.7,4.701806130206151,0.6116248135852248,0.1171770651455273,0,0.4863126016242843,True
88026.78,0.0,88026.78,61340.03,35747.42,25334.18,10413.24,25592.61,149,148,1,4.966666666666667,4.933333333333334,1002.4618120805368,215.13,7306.36099873153,268626.68,295313.43,250534.61,338561.39,309180.062885906,26686.75,0.3031662637211085,1.4350625521376497,0.7086995369176293,0.2913004630823707,2.846118079066393,3.512340936313995,26686.75,False,3,0,33640.43,626.7935929793782,2106.989999999998,1.062632671461096,4.0,0.003814487359992,34342.76,1294.695868070951,33197.22,35747.42,86502.55333333333,2258.5680258591565,283033.58159674803,198495.23,0.3070243769314769,149.66666666666666,26567.18333333333,0.0768196855037861,0.1671065771378808,0.0490897326910249,0.0993451208941718,0.1028268842654207,250534.61,2.846118079066393,0.6968337362788914,0.1182962730205512,0,0.1252272559373811,True
51380.9,0.0,51380.9,45945.2,27758.67,12030.75,15727.92,18186.53,85,84,1,2.833333333333333,2.8,1145.0129411764708,196.8,5683.638944892156,104700.58,110136.28,60537.17,111918.07,82094.57741176472,5435.699999999997,0.1057922301867035,1.1183083325352812,0.4334051307213206,0.5665948692786794,1.1782037683263624,1.5977644885894315,5435.699999999997,True,1,1,22203.318333333333,8517.292454425678,5555.351666666666,1.250203667004429,-6.0,-0.1797977989897828,24656.263333333336,6888.556995781718,16762.070000000003,29448.05,50016.943333333336,1252.14599014385,72206.64365024192,43030.77,0.1446369875499992,88.0,7174.149999999999,0.6560406918715882,1.0143236971122072,0.0503146698261409,0.0519166178449059,1.086832543963662,60537.17,1.1782037683263624,0.8942077698132964,0.306104408447497,0,0.367469660578459,True
85111.32,0.0,85111.32,55035.7,31081.95,17756.81,13325.14,23953.75,159,158,1,5.3,5.266666666666667,881.4277987421385,181.58,6858.374184266615,217652.48,247728.1,192458.9,277570.22,242677.886163522,30075.620000000003,0.3533680361202246,1.5464747427578829,0.5712900895857564,0.4287099104142436,2.261260899255234,2.851299758522391,30075.619999999995,True,3,1,43883.325,9984.057620561896,-12801.375,0.7082861200695253,-1.0,0.0755198739200283,41393.37666666667,13553.842051851332,31081.95,56745.29000000001,90414.03666666668,10601.960038371832,217693.52253081868,139597.27,0.2816126505769674,172.0,25066.910000000003,-0.1449936992629747,-0.1971332082099423,0.0191795821416547,0.1381818392328908,0.2143735715713095,192458.9,2.261260899255234,0.6466319638797753,0.1565613128782399,0,0.1421429168052022,True
32735.25,0.0,32735.25,21965.48,8390.67,6125.85,2264.82,13574.81,160,159,1,5.333333333333333,5.3,341.8795624999999,46.54,2669.861403939014,80831.74,91601.51,72473.76,105209.01,96286.69525,10769.770000000004,0.3289961127530721,1.4903043320701397,0.7300787660580145,0.2699212339419856,2.2139363530139526,2.941376505449018,10769.76999999999,True,2,1,6303.81,214.8994993014185,2086.86,1.3310474141828512,-20.0,0.0205936378669781,7042.643333333333,1181.7185866919974,6185.389999999999,8390.67,31165.08,2262.426176099453,84860.3635027233,51565.23,0.3373722301981274,158.66666666666666,10547.626666666669,0.3565304693802655,0.8319784513091806,0.1457180536626647,0.133236894318989,0.4124656451392475,72473.76,2.2139363530139526,0.6710038872469278,0.0691859692533278,0,0.1500411249035151,True
20000.0,3013.78,23013.78,23603.89,11203.89,4979.150000000001,6224.740000000001,12400.0,137,135,2,4.566666666666666,4.5,340.27496350364964,48.54,1848.8463333304096,31123.7,30533.59,10260.28,33060.04,23414.044525547444,-590.1100000000006,-0.0256415938624598,0.9749994598347984,0.4444126102630426,0.5555873897369575,0.445832018903457,1.017392385151307,-590.1100000000006,False,2,0,7508.491666666666,3947.3696216159774,3695.3983333333335,1.4921625404125771,-15.0,0.3418479061375402,10669.94,4570.278386761579,5856.14,14949.79,21004.59333333333,1740.0066942783092,27124.42664530885,10260.28,-0.1019793646208199,144.0,-2065.346666666667,-0.2505653925573537,-0.4465338233084345,0.1506889999999998,-0.0189601493395707,-1.803405659354254,10260.28,0.445832018903457,1.02564159386246,0.2704788174737049,1,0.6468070979670172,True
159125.45,0.0,159125.45,125156.42,77549.18000000001,57992.18,19557.0,47607.240000000005,95,94,1,3.1666666666666665,3.1333333333333333,2992.4407368421053,720.14,16681.83170841287,520633.05,554602.08,478943.65,638069.1,589687.0109473683,33969.03,0.213473269046529,1.271412605122454,0.7478116467511325,0.2521883532488673,3.009849461541193,3.705799486803452,33969.02999999997,True,2,1,63016.44,2868.51943191373,14532.740000000003,1.2306182323215975,14.0,-0.0853850805210567,67327.86,9077.250470731758,60207.24,77549.18000000001,158588.34333333335,1271.626882593068,545801.1104927441,380794.03,0.2754035998489313,88.66666666666667,43653.24333333333,0.2074203498955893,0.4353550773566628,-0.0023688539590625,0.0652456274145485,0.1406523000730097,478943.65,3.009849461541193,0.786526730953471,0.1229030302820824,0,0.2374200790933707,True
76532.68,0.0,76532.68,55490.09,50226.77,41118.060000000005,9108.71,5263.32,134,133,1,4.466666666666667,4.433333333333334,985.244552238806,328.49,6590.34639258568,167677.33,188719.92,188719.92,244210.01,213817.42156716416,21042.58999999999,0.2749490805757748,1.3792134775777078,0.8186483024888919,0.181351697511108,2.4658736633814478,2.7938054902450062,21042.590000000026,False,4,0,49891.155000000006,6035.919776258905,335.614999999998,1.0067269438841413,5.0,0.0760920612502052,50345.45,3120.103305164751,47286.380000000005,53523.20000000001,71855.68,5639.30117682146,195585.9685333392,154059.23,0.2244488036195502,129.66666666666666,16246.909999999996,0.0621825988794235,-0.0561626490044266,0.1667739182945358,0.1254945435975156,0.1787081429425588,188719.92,2.4658736633814478,0.7250509194242252,0.1190172616456133,0,0.2557755697142122,True
20000.0,0.0,20000.0,18211.19,10115.740000000002,4196.83,5918.91,8095.45,110,109,1,3.6666666666666665,3.633333333333333,347.3744545454547,80.41499999999999,1973.4483182986,56721.3,58510.11,39872.15,59872.15,46242.54336363636,1788.8100000000013,0.0894405,1.098225871016666,0.4148811653917557,0.5851188346082441,1.9936075,2.312127168181818,1788.8099999999977,False,2,0,11681.984285714285,4177.408432201544,-1566.2442857142833,0.8659265200664908,-14.0,-0.0207263291733607,11006.746666666668,2959.2924063757764,8595.33,14309.17,21782.15,2942.481311325528,43326.60373462737,32838.03,0.1240066874052681,113.0,2679.953333333336,-0.2930589265484999,-0.2973745220495276,-0.2056699280535537,0.0315368300797054,-0.9578199072205626,39872.15,1.9936075,0.9105595,0.2959455,0,0.2094467402934127,True
36690.08,0.0,36690.08,34283.44,4019.9899999999993,2900.21,1119.7800000000002,30263.45,123,122,1,4.1,4.066666666666666,577.0204878048781,28.82,3642.84581555204,18317.18,20723.82,4933.68,41623.76,23294.37,2406.6399999999994,0.065593751771596,1.070198323155436,0.7214470682762893,0.2785529317237109,0.1344690444937705,0.6348955903066986,2406.6399999999994,False,5,0,4861.1325,930.9065225672948,-841.1425000000004,0.8269657327793472,-23.0,0.0226553198459639,4081.62,160.0750758238158,3961.52,4263.35,36024.25,693.0665817221352,21881.930707081032,2370.64,0.0463912823602571,134.33333333333334,1679.1799999999955,-0.0570818722366216,-0.1157839878080557,0.0170263533711205,0.131387036650838,-0.1332723243863017,4933.68,0.1344690444937705,0.934406248228404,0.0305199661597903,0,0.0415346494049848,True
27141.92,0.0,27141.92,19460.43,13060.450000000004,10478.18,2582.2700000000004,6399.98,128,127,1,4.266666666666667,4.233333333333333,364.08085937499993,87.235,2435.0027729257204,61412.62,69094.11,42318.78,69460.7,49250.647578125,7681.489999999998,0.2830120345207708,1.394723549274091,0.8022832291383527,0.1977167708616471,1.559166779653024,1.8145601924301968,7681.489999999998,True,2,1,12138.685,698.2071473185213,921.765000000003,1.0759361495911628,6.0,-0.0255301596426517,12413.55,570.4147591884358,11982.8,13060.450000000004,26828.946666666667,351.2686495167749,41726.60140706502,27025.53,0.2988424476666533,127.33333333333331,8015.416666666665,0.0707568826143278,0.3448972683003048,0.0091471190776288,0.1250799917020313,0.0528478797101652,42318.78,1.559166779653024,0.7169879654792293,0.0951395479759722,0,0.2430312528778987,True
27025.82,0.0,27025.82,16647.32,6782.21,4685.829999999999,2096.38,9865.11,129,128,1,4.3,4.266666666666667,338.55147286821705,41.76,2475.0690788696625,45567.54,55946.04,30036.45,57062.27,39834.33054263565,10378.5,0.3840216504069071,1.623433681817854,0.690900163810911,0.3090998361890887,1.1113982850474102,1.473936056061783,10378.5,True,1,1,7222.05,1240.7669548710587,-439.84000000000015,0.9390976246356644,-5.0,0.0208504117663856,7551.44,673.7056559804137,6782.21,8036.519999999999,27717.08333333333,655.7572668551476,28310.28630341712,7928.95,0.3717681142086169,127.33333333333331,10300.533333333333,-0.1344353137415306,-0.1372566772295159,-0.0276757712788634,0.2277608139478233,-0.1094331983980735,30036.45,1.1113982850474102,0.6159783495930928,0.0775695242549532,0,0.1457854332070343,True
51010.32,0.0,51010.32,36810.130000000005,12474.249999999998,6030.339999999999,6443.910000000001,24335.879999999997,87,86,1,2.9,2.8666666666666667,1009.4304597701152,137.53,5664.975543640617,180449.88,194650.07,144826.44,195836.76,157387.23712643678,14200.189999999997,0.278378767276896,1.3857685370847643,0.4834230514860613,0.5165769485139389,2.839159605350446,3.085399917633074,14200.190000000002,True,2,1,10301.354285714286,2905.015381323921,2172.8957142857125,1.21093301463275,4.0,-0.0176116548115971,10173.7,2009.764777306038,8759.31,12474.249999999998,48794.66666666666,1920.2020916126016,143180.5179150732,119294.03,0.2930978186845581,82.66666666666667,14285.086666666668,0.3431166918258221,0.8221305426032177,0.0680577363138819,0.0786932637472521,0.2828117134656542,144826.44,2.839159605350446,0.721621232723104,0.1263256141110269,0,0.1710787145095968,True
80919.97,0.0,80919.97,68292.81999999999,55035.87999999999,33163.899999999994,21871.98,13256.940000000002,137,136,1,4.566666666666666,4.533333333333333,1089.1444525547445,272.61,7000.285660685982,332267.31,344894.46,330661.2,411581.17,373931.9282481752,12627.150000000009,0.1560449169716697,1.1848971824563697,0.6025868942224599,0.3974131057775401,4.086274377017194,4.62100922983752,12627.150000000023,False,5,0,38545.01,4047.760062293711,16490.869999999988,1.42783410874715,7.0,-0.1720007917034074,45996.73333333333,8441.92971829508,38317.01,55035.87999999999,80208.69333333333,3161.47491776122,351969.6475322664,280649.31,0.2620607480667895,125.33333333333331,20955.020000000008,0.436330235579446,1.0446892905187166,0.0543020477466631,0.038002986210109,0.5779225492739763,330661.2,4.086274377017194,0.8439550830283302,0.2702914991194386,0,0.3632946478430443,True
39376.47,0.0,39376.47,14987.28,11776.419999999998,9766.04,2010.38,3210.86,149,148,1,4.966666666666667,4.933333333333334,364.8573825503355,67.15,3222.7360766214315,201614.31,226003.5,187001.89,226378.36,195189.6303355705,24389.19,0.6193848762979516,2.6273259724246163,0.8292876782587578,0.1707123217412422,4.749077050329804,4.95701189912581,24389.19,False,4,0,16853.943333333333,3657.499826748686,-5077.523333333334,0.6987338076964381,-36.0,0.087081164870352,15843.24,4613.6989880030105,11776.419999999998,20856.91,39552.49333333334,937.1563455653452,173861.64275606052,141187.74,0.5194591754556722,187.0,20498.393333333337,-0.2094447043881102,-0.1997818723156961,0.0170638211811551,0.1209695383229494,0.0763368423510759,187001.89,4.749077050329804,0.3806151237020484,0.0510553637743555,0,0.1245695656691786,True
20727.55,0.0,20727.55,21194.35,15507.68,12664.970000000005,2842.71,5686.67,118,117,1,3.933333333333333,3.9,355.2703389830508,78.12,1972.4093199716424,61490.84,61024.04,41898.15,62625.7,51997.61381355932,-466.7999999999993,-0.0225207513671417,0.9779752622750876,0.81669018189697,0.1833098181030302,2.021374933361637,2.508623248457214,-466.7999999999956,True,1,1,11290.451666666668,2397.047591103829,4217.228333333333,1.3735216674975064,-12.0,-0.3245057776004827,11856.48,3368.212909318532,8870.529999999999,15507.68,21360.916666666668,988.5876048349554,47397.26829597983,34283.81,0.17644579543856,123.0,3817.766666666668,0.7482247396716997,0.0541713175333657,-0.0061179162546979,-0.0075913745852227,0.9555924731558656,41898.15,2.021374933361637,1.0225207513671415,0.1371464548390909,1,0.4494066718324889,True
36967.64,0.0,36967.64,34791.119999999995,11287.23,9119.989999999998,2167.24,23503.89,136,135,1,4.533333333333333,4.5,527.6379411764706,68.425,3350.3640531365845,9208.01,11384.53,-23326.09,13641.55,-8587.790147058824,2176.520000000004,0.0588763578091542,1.062559641655687,0.807991863371261,0.1920081366287389,-0.6309867224415733,-0.2323056096374781,2176.5200000000004,False,5,0,23178.3375,9996.950678016356,-11891.107500000002,0.4869732352460567,-6.0,0.0076155221266868,19217.74666666667,13976.868230123422,11009.96,35356.05,41169.88,7794.139098431588,-9695.227821944076,-37792.92,-0.0210760738989857,145.33333333333334,-1551.756666666668,0.0251835610665251,-0.338053291957337,0.016190540330661,0.2363724626710874,0.7137811278195987,0.0,0.0,0.9411236421908458,0.0586253274485469,0,0.1016613465705822,True
65567.67,0.0,65567.67,59763.26999999999,22152.31,13743.489999999998,8408.819999999998,37610.96,196,195,1,6.533333333333333,6.5,639.4435714285717,99.56,4946.440312886968,77063.21,82867.61,19485.01,85052.68,38461.94163265306,5804.400000000009,0.0885253357332967,1.0971231995839588,0.6204088873801422,0.3795911126198577,0.2971740493447456,0.5865991826864225,5804.399999999994,True,1,1,31622.665,12506.237014388063,-9470.355000000003,0.7005200225850666,24.0,0.2033185117490337,28465.88,10397.060004573412,22152.31,40465.91,67909.61333333333,2242.4151594727773,37925.86892994478,7837.57,0.0290852982145315,189.0,1832.7733333333308,-0.4525685941574032,-0.6438043978750652,-0.0638150442858205,0.0753199873195002,-1.2289926646561256,19485.01,0.2971740493447456,0.9114746642667032,0.1282464360865652,0,0.407604208146985,True
28788.08,0.0,28788.08,20496.46,16800.43,11423.05,5377.379999999999,3696.03,111,110,1,3.7,3.6666666666666665,444.00486486486494,139.71,2725.71679433131,85447.57,93739.19,67914.73,96702.81,80009.97522522521,8291.620000000003,0.2880226816098886,1.4045391252928556,0.679926049511828,0.320073950488172,2.359126763577147,2.7792744505790314,8291.619999999995,False,4,0,20448.12,4796.87864674867,-3647.689999999999,0.8216124514136264,1.0,-0.0438254829299986,15582.326666666668,1055.1011445512574,14953.11,16800.43,28554.77666666667,564.0258221334643,70749.82997215912,50029.39,0.3248737946818443,109.0,9276.42,0.1235408553805863,0.6058016197233567,0.0314045844136814,0.0970375166900592,0.1262306984052691,67914.73,2.359126763577147,0.7119773183901114,0.1867918944229694,0,0.3107814538773432,True
43573.94,0.0,43573.94,43773.42,34213.89,15107.739999999996,19106.150000000005,9559.53,135,134,1,4.5,4.466666666666667,647.0174814814814,183.62,3825.314825409159,34070.19,33870.71,27538.79,71112.73,51015.55540740741,-199.47999999999595,-0.0045779656372592,0.9954428966253952,0.4415674452685735,0.5584325547314265,0.6320013751338529,1.170781329560912,-199.4800000000032,True,1,1,30134.745000000003,5648.008343659732,4079.144999999997,1.1353635147733951,11.0,-0.1845726838806979,31494.460000000003,4636.428988855535,26141.000000000004,34213.89,46289.28666666666,6102.0817294619455,46375.20003894294,11872.02,0.1085772223094972,128.33333333333334,5235.296666666666,0.0025023081888475,0.4196629125821156,-0.1821359506120098,-0.0058549717509648,-0.3030518022124375,27538.79,0.6320013751338529,1.004577965637259,0.4384765297790377,1,0.3546749366180781,True
27465.61,0.0,27465.61,16488.370000000003,8664.52,5172.02,3492.5,7823.849999999999,144,143,1,4.8,4.766666666666667,305.23597222222224,56.385000000000005,2312.7067950394026,34938.15,45915.39,19207.42,46673.03,26973.96743055556,10977.239999999998,0.3996721718541841,1.6657565302088682,0.5969193908029528,0.4030806091970472,0.6993261755336946,0.9820997032491016,10977.239999999998,True,1,1,10058.134999999998,1172.3476878682363,-1393.614999999998,0.861443995333131,8.0,0.0664191338747192,9593.596666666666,1155.243325033013,8664.52,10887.11,26771.45333333333,1745.4737573602583,16890.8946958264,1712.14,0.3483022803900392,147.0,9354.006666666666,-0.2041487594044699,-0.1196273320107788,-0.0212895528855371,0.3141906483314085,-0.3837913270921034,19207.42,0.6993261755336946,0.6003278281458159,0.1271590181321296,0,0.2462793680488578,True
40016.09,0.0,40016.09,26934.13000000001,14076.68,10006.16,4070.52,12857.45,69,68,1,2.3,2.2666666666666666,970.2930434782606,191.13,4838.128691505177,103256.24,116338.2,95840.25,135856.34,121225.44971014494,13081.959999999988,0.3269174974366558,1.485701969954106,0.71083238377231,0.28916761622769,2.395042844015995,3.0294176595000897,13081.959999999992,True,1,1,17102.645,3209.267766025456,-3025.965,0.8230703496447479,-5.0,0.1075039001537195,16093.99,2863.8880083027007,14076.68,19371.94,39648.83,1851.02018108934,111302.6436960632,76700.6,0.270229900389908,74.66666666666667,10697.389999999994,-0.2733469131124709,-0.3260996251804564,-0.0308219999229815,0.1266941349016774,-0.5793189288742514,95840.25,2.395042844015995,0.6730825025633441,0.1017220822923978,0,0.4739055435726848,True
31091.53,0.0,31091.53,25285.210000000003,13924.72,10272.15,3652.57,11360.490000000002,182,181,1,6.066666666666666,6.033333333333333,309.7623076923076,66.005,2397.983330035312,49479.85,55286.17,38262.62,69354.15,58849.80384615384,5806.319999999996,0.186749252931586,1.2296330542637377,0.7376916735130042,0.2623083264869957,1.230644487421494,1.8927921477699503,5806.32,True,1,1,15895.676666666666,3948.990410020433,-1970.956666666667,0.8760067464885106,9.0,0.0462955828646822,16155.143333333332,3695.455977607276,13924.72,20420.800000000003,29875.38666666667,1118.549318730887,55460.09883999642,34144.71,0.0757157549317463,163.66666666666666,2359.7533333333304,-0.013823742502608,0.2243100922781953,0.0488301009208942,0.1173471625318185,0.2947288117557952,38262.62,1.230644487421494,0.8132507470684139,0.1174779755129451,0,0.1494994278743359,True
116979.05,0.0,116979.05,97972.68,40672.35,23817.19,16855.159999999996,57300.33,89,88,1,2.966666666666667,2.933333333333333,2415.1879775280904,417.43,13343.64749341476,105196.15,124202.52,54004.28,170983.33,141632.86370786515,19006.37000000001,0.162476699887715,1.19399663253062,0.5855867684065464,0.4144132315934534,0.4616577070851575,1.2107540940695376,19006.37000000001,True,1,1,57034.27571428572,10804.756662706252,-16361.925714285717,0.7131211800382792,-1.0,-0.0873657531275938,52277.30666666667,10224.186695137818,40672.35,59958.01,130274.57,18423.15348903116,121416.06490662572,10904.33,0.151808425994567,96.66666666666669,20696.93333333333,-0.2763127927409844,-0.3289023925567204,-0.2268611809318811,0.1806755285245707,-0.2136614472410254,54004.28,0.4616577070851575,0.8375233001122849,0.1440869967742087,0,0.2613932255790961,True
44321.84,0.0,44321.84,38405.9,6257.799999999999,4769.27,1488.53,32148.1,147,146,1,4.9,4.866666666666666,562.7737414965986,34.84,3966.2233612800105,73720.7,79636.64,58726.28,103048.12,83143.52619047619,5915.939999999995,0.1334768592639654,1.154037270315238,0.7621320591901308,0.2378679408098693,1.324996435166049,1.8759042086356568,5915.940000000002,False,3,0,7624.391428571429,2281.013795577372,-1366.5914285714298,0.8207605890418607,-26.0,-0.0688990432147714,8153.626666666667,3800.17353584456,5674.339999999999,12528.740000000002,47772.66333333333,7167.117025975884,76368.47479030785,42323.84,0.151976201452548,160.33333333333334,7470.936666666666,-0.5005243943125965,-0.5156322198142618,-0.2087137848047933,0.0802480171783501,-1.708488668571806,58726.28,1.324996435166049,0.8665231407360345,0.0335845713986603,0,0.2371462803181109,True
28621.38,0.0,28621.38,20581.389999999992,16862.429999999997,11850.18,5012.25,3718.96,126,125,1,4.2,4.166666666666667,390.4981746031746,114.415,2547.6534738565683,81351.44,89391.43,76214.24,104835.62,91513.80793650792,8039.990000000009,0.2809085376037077,1.3906436834441216,0.7027563642962493,0.2972436357037509,2.6628429516676,3.1973932751148944,8039.989999999991,False,4,0,14758.977142857142,1559.1662917695712,2103.4528571428546,1.142520232722283,1.0,-0.0245419739644662,16005.319999999998,1402.8777695508616,14386.35,16862.429999999997,29179.72333333333,484.9291160915614,82199.42314513227,56430.38,0.3236656829442274,131.66666666666666,9455.443333333338,0.0056807405896517,0.3836095169478191,-0.0296383390324923,0.0988303341649514,-0.1598115489764997,76214.24,2.6628429516676,0.7190914623962923,0.1751225831878127,0,0.26807987825384,True
25073.2,0.0,25073.2,16985.48,13367.85,6797.510000000001,6570.339999999999,3617.63,148,147,1,4.933333333333334,4.9,284.1802702702703,74.735,2059.357474205135,62436.89,70524.61,45852.73,70925.93,54023.45594594595,8087.720000000001,0.322564331636967,1.4761549276205324,0.508496878705252,0.4915031212947482,1.8287546065121325,2.154629482712456,8087.720000000001,True,3,1,14308.64,2009.3333638199515,-940.7900000000008,0.9342502152545594,-5.0,0.030040252932977,14402.98,2878.855999055875,12184.82,17656.27,26469.56,3144.2473975818125,45255.8878476474,29643.33,0.321284314815327,147.33333333333334,8448.949999999999,-0.2428836894768827,-0.1418914241906183,-0.1661761468353655,0.1295343185735227,-0.6919219190116647,45852.73,1.8287546065121325,0.677435668363033,0.2620463283505894,0,0.2060470039990001,True
40371.21,0.0,40371.21,26968.58,11289.28,9502.62,1786.66,15679.3,118,117,1,3.933333333333333,3.9,570.676186440678,86.095,3865.954679561544,111752.73,125155.36,86453.26,126824.47,98764.47406779662,13402.629999999996,0.331984847617894,1.4969720318978603,0.8417383570962895,0.1582616429037104,2.1414582322402524,2.446408568576385,13402.630000000005,True,2,1,16705.772,8506.347741294145,-5416.492000000002,0.6757712244606234,-17.0,0.4444341973578513,19626.05,10586.051077965762,11289.28,31536.410000000003,41615.41,1096.9318985698185,96364.1379151529,76450.08,0.1548641990769368,127.0,6310.059999999997,-0.6420239336056324,-0.9113461769384744,-0.0488139156921443,0.1199311193560999,-1.6066081780142778,86453.26,2.1414582322402524,0.6680151523821061,0.0442557951569943,0,0.7293828653443695,True
144582.03,0.0,144582.03,120021.81,109210.25,46982.29,62227.96,10811.56,153,152,1,5.1,5.066666666666666,1729.436862745098,594.45,11662.494517366256,335881.52,360441.74,218049.53,362631.56,276212.3017647059,24560.22,0.1698704880544283,1.2046313082597238,0.4302003703864793,0.5697996296135207,1.508137145397668,1.9104193084348444,24560.21999999997,True,1,1,132071.76333333334,25671.818931552814,-22861.513333333336,0.826900824549199,-71.0,0.0327229038076772,118420.38666666666,21843.881681908864,102689.88999999998,143361.02,155497.2333333333,20086.31600634207,248508.05360665557,159886.47,0.1715288287333847,187.33333333333331,26265.286666666656,-0.2382151717391519,-0.2825318979965114,-0.1908226880551088,0.0731216769532303,-0.6342729530845211,218049.53,1.508137145397668,0.8301295119455716,0.430398992184575,0,0.2095790649398416,True
37134.94,0.0,37134.94,30601.320000000003,11228.14,9278.28,1949.86,19373.18,134,133,1,4.466666666666667,4.433333333333334,505.49447761194034,66.85,3331.2276639282936,130766.86,137300.48,100499.36,137634.3,110489.27052238806,6533.619999999999,0.1759426567001319,1.2135077833243797,0.8263416736877168,0.1736583263122832,2.706328864406405,2.9753453357508604,6533.62000000001,False,3,0,13636.52,3977.4934397306074,-2408.379999999999,0.8233874918234272,-12.0,-0.0380567609906068,11303.76,156.06519118624948,11199.91,11483.23,38482.513333333336,1171.4114702500428,101507.67523276736,83753.98,0.2023742911743912,139.66666666666666,7805.573333333333,-0.0222141331315318,0.0211685101390983,-0.0540673894332009,0.0499638822863837,-0.0475107649794662,100499.36,2.706328864406405,0.824057343299868,0.0525074229283795,0,0.1206431761569941,True
29733.76,0.0,29733.76,24090.0,13058.62,8240.51,4818.11,11031.38,172,171,1,5.733333333333333,5.7,312.92883720930234,57.620000000000005,2344.0736061896387,83793.6,89437.36,60053.44,89787.2,70067.90534883722,5643.759999999998,0.189809832325276,1.2342781237027811,0.6310398801711055,0.3689601198288946,2.019705546826234,2.356510086475347,5643.759999999995,True,1,1,13709.716666666664,2209.5860430029256,-651.0966666666664,0.9525083790936598,0.0,-0.0178493344701393,12781.456666666663,1235.0836778264584,11431.34,13854.41,31288.853333333333,3953.062528335888,61826.181223954045,42731.41,0.2340015210784169,161.66666666666666,7476.0166666666655,0.1423525151032161,0.2272156493167432,0.0488165356958174,0.0673531152737201,0.3172477289737454,60053.44,2.019705546826234,0.810190167674724,0.1620417330334273,0,0.163138171818428,True
32494.63,0.0,32494.63,26064.11,6765.629999999999,4681.510000000001,2084.12,19298.48,178,177,1,5.933333333333334,5.9,328.98168539325843,32.635000000000005,2580.872428238188,31022.99,37453.51,37453.51,63517.62,43502.41735955057,6430.52,0.1978948521648038,1.2467193393520823,0.691954777308248,0.3080452226917523,1.152606138306545,1.3387571226245865,6430.52,False,2,0,9085.59,5591.090859331477,-2319.960000000001,0.7446549976391186,-24.0,-0.03267173781769,9915.933333333332,4619.998563986069,6765.629999999999,15219.5,36189.53666666667,4296.226757764692,38108.0084126487,16419.58,0.1948594746955355,191.66666666666663,6975.123333333337,-0.1284403433354761,-0.2265682985482291,-0.0760757037983544,0.2072824057255602,0.361512020408405,37453.51,1.152606138306545,0.8021051478351962,0.064137366697205,0,0.0896790411834522,True
64208.08,0.0,64208.08,51300.04,49966.92000000001,31737.19,18229.730000000007,1333.12,192,191,1,6.4,6.366666666666666,601.6047916666666,184.965,4682.320398260957,162276.52,175184.56,115706.87,179914.95,146311.8363020833,12908.04,0.2010345115443414,1.2516185172565168,0.6351640245186213,0.3648359754813785,1.8020608932707531,2.2787137740621324,12908.040000000008,True,1,1,37120.90666666667,1628.0710109001186,12846.013333333343,1.3460587169566265,15.0,-0.2971546747399587,41993.77333333334,6926.20880601599,37464.92,49966.92000000001,70497.89333333333,6569.948730320001,113381.56180862716,56184.06,0.3764080521999222,180.0,27171.0,0.3336988307995856,0.161842685572543,-0.1695377170619252,0.0795434854038033,0.3618330624416207,115706.87,1.8020608932707531,0.7989654884556585,0.2839164478987692,0,0.4957825112752737,True
57269.84,0.0,57269.84,40778.32,30475.120000000003,23712.94,6762.18,10303.2,84,83,1,2.8,2.7666666666666666,1167.2399999999998,362.025,6242.560117374613,139287.47,155778.99,99474.29,156744.13,116783.30023809524,16491.519999999997,0.287961691529084,1.404418818627153,0.7781081747996399,0.2218918252003601,1.7369402463844843,2.039176296600362,16491.51999999999,True,2,1,43320.79,14296.079499633808,-12845.669999999998,0.7034756291378805,-19.0,0.0373233081601944,42237.19666666666,21688.48150328725,28970.64,67265.83,62869.78,14119.051894624505,102668.0026947988,48990.17,0.1852799859659197,109.66666666666669,10329.383333333326,0.0519311965493343,0.7075910274313333,0.0927329715302862,0.118399163973615,0.6212423906578439,99474.29,1.7369402463844843,0.712038308470916,0.1180757620415911,0,0.1914715239317694,True
25698.33,0.0,25698.33,19364.78,15250.3,7829.02,7421.279999999999,4114.48,173,172,1,5.766666666666667,5.733333333333333,260.48040462427747,72.97,1957.9883867075955,49060.92,55394.47,48008.76,73707.09,62244.40734104047,6333.550000000003,0.2464576491935469,1.3270654249622251,0.5133682616079684,0.4866317383920315,1.8681665306656112,2.422118765734601,6333.550000000003,True,3,1,16863.69,2615.019134576264,-1613.3899999999994,0.9043275819230548,4.0,0.0086276475802247,17231.13,2911.5689230550583,15250.3,20574.09,25793.603333333333,386.85133906105847,57701.91676060175,40922.69,0.1715708757707539,176.0,4447.993333333335,-0.0389879639548805,-0.2326944013929054,-0.019865602255447,0.1290956223405512,0.1897021020456082,48008.76,1.8681665306656112,0.753542350806453,0.2887845241305563,0,0.3100587682412574,True
20000.0,0.0,20000.0,16342.42,9434.500000000002,4252.19,5182.31,6907.92,120,119,1,4.0,3.966666666666667,302.8535,67.905,1853.8921990858432,40108.6,43766.18,35659.18,55659.18,49149.959416666665,3657.58,0.1828789999999999,1.2238089585263383,0.4507064497323651,0.5492935502676346,1.782959,2.4574979708333333,3657.5800000000017,False,4,0,10613.61,503.1961234946073,-1179.109999999997,0.8889058482457903,9.0,0.0540882513209052,10046.086666666668,572.9112044054733,9434.500000000002,10570.28,20020.666666666668,35.7957166898156,45933.68300648375,30116.34,0.1531999162263649,106.33333333333331,3066.6600000000003,-0.1074503229810371,0.1408924494697652,-0.0030904196989333,0.0911919139536159,-0.150554962255995,35659.18,1.782959,0.817121,0.2591155,0,0.2323718113546518,True
77823.55,0.0,77823.55,72218.32,51699.43000000001,25482.01,26217.42,20518.89,158,157,1,5.266666666666667,5.233333333333333,949.6320886075948,286.77,6228.548324543781,105415.57,111020.8,36093.61,113917.16,69974.84968354431,5605.229999999996,0.0720248562292519,1.0776150705250411,0.4928876391867375,0.5071123608132623,0.4637877609027087,0.8991474904902732,5605.229999999996,False,2,0,48986.57166666666,8667.490836228015,2712.8583333333445,1.0553796324387268,8.0,-0.051373420059865,48271.10333333333,4000.09892183097,43876.32,51699.43000000001,77206.63333333335,2730.5920245311872,59832.86084747292,24932.02,0.1092670764367128,154.0,8416.640000000001,0.0499998375224119,0.1577376234191594,-0.0220222205215417,0.0531726954566578,-0.072189990612673,36093.61,0.4637877609027087,0.927975143770748,0.3368828587233555,0,0.1911143026407673,True
54475.92,7527.65,62003.57,45922.81999999999,24283.93,15657.57,8626.359999999999,21638.89,129,127,2,4.3,4.233333333333333,836.6386821705426,172.77,4941.335006556834,184805.33,200886.08,143852.61,205604.58,169242.3262015504,16080.750000000007,0.2593520018282819,1.3501690444968322,0.6447708422812947,0.3552291577187053,2.320069795981102,2.7295577690373376,16080.75,False,2,0,27962.286666666667,13310.537861250636,-3678.3566666666666,0.8684529376829697,-24.0,0.0240022444189203,33090.943333333336,18440.367763809198,20705.33,54283.57,63746.34333333333,9362.937552319429,159651.41197613094,127111.72,0.1555843586453474,142.33333333333334,9016.510000000004,0.1728347241990346,0.1411706498818661,0.1196580039019641,0.0870145357820577,0.7914056840677389,143852.61,2.320069795981102,0.7406479981717181,0.1391268276971793,0,0.208462344470852,True
112087.09,0.0,112087.09,86739.41999999998,49304.740000000005,27816.11,21488.630000000005,37434.68,178,177,1,5.933333333333334,5.9,1117.002865168539,248.255,8715.717903296307,267374.32,292721.99,183568.5,295655.59,218334.7238764045,25347.670000000013,0.22614263605202,1.2922278013848838,0.5641670557435248,0.4358329442564752,1.6377309822210568,1.947902509347013,25347.669999999984,True,3,1,52186.17857142857,8197.612179255673,-2881.4385714285672,0.944785407740008,-35.0,0.1459280548134376,55495.86333333334,8640.679562223873,49304.740000000005,65367.40000000001,111434.36,868.582998854952,199480.4944004428,149196.12,0.1660957802535945,191.0,18503.81666666668,-0.24572891074144,-0.3817161018412165,0.0028597768974976,0.0948021859391732,-0.5072715587354266,183568.5,1.6377309822210568,0.77385736394798,0.1917136933432744,0,0.2914725728743776,True
20362.0,0.0,20362.0,17750.37,11350.37,6499.39,4850.9800000000005,6400.0,135,134,1,4.5,4.466666666666667,282.3138518518519,55.17,1803.42384875828,32002.08,34613.71,27273.01,47635.01,38711.13555555557,2611.630000000001,0.1282599941066693,1.1471310175506202,0.5726148134377999,0.4273851865622002,1.3394072291523424,1.90114603455238,2611.6299999999974,True,1,1,7066.084999999999,532.0766396394397,4284.285000000002,1.6063166520074414,31.0,-0.1796240058933306,8494.18,2501.982966029146,6689.85,11350.37,20138.37,195.48133082215327,32611.421896354717,13929.29,0.2611282986306595,126.0,5244.1900000000005,0.5251117930967768,3.5053728487707927,0.0181,0.0816081329713567,0.4126324400470078,27273.01,1.3394072291523424,0.8717400058933307,0.2382369118947058,0,0.4279012045225077,True
21230.8,0.0,21230.8,16916.91,9694.430000000002,4044.16,5650.27,7222.48,116,115,1,3.8666666666666663,3.8333333333333335,328.8595689655172,69.975,1999.380221614511,49934.13,54248.02,33017.22,54248.02,39439.17663793103,4313.889999999999,0.203190176535976,1.2550046078154935,0.4171632576644526,0.5828367423355473,1.5551566591932475,1.8576396856421344,4313.889999999999,True,1,1,13563.950000000004,3934.204254860188,-3869.52,0.7147202695380034,-10.0,0.0296951765359759,11775.050000000005,3943.472403339476,9307.62,16323.100000000002,20780.076666666664,678.2863507644423,37004.95722490333,25815.13,0.0870931358816703,121.66666666666669,1782.5466666666664,0.0415584220241052,0.0506832834050181,0.0615399999999999,0.0863916123100572,0.4713468813241156,33017.22,1.5551566591932475,0.796809823464024,0.2661355200934491,0,0.1016432483291242,True
29770.43,0.0,29770.43,25180.570000000003,11066.48,7413.700000000001,3652.78,14114.09,135,134,1,4.5,4.466666666666667,407.0444444444444,70.42,2762.525940721769,65196.47,69786.33,42070.0,71840.43,50629.57518518519,4589.859999999997,0.1541751328415477,1.1822778435913086,0.6699239505244666,0.3300760494755332,1.413147206808904,1.7006665736835238,4589.860000000001,True,1,1,12067.876666666663,856.3877904002753,-1001.3966666666638,0.917019646924908,-26.0,0.0927656220071492,12344.77,1299.024058784131,11066.48,13663.58,29611.66,151.16765163223474,47990.34243232881,36298.6,0.1063732084381882,152.33333333333334,3152.799999999998,-0.190074636369092,-0.4386530550146993,0.0059246314169005,0.0704004373242908,-0.3005510977543858,42070.0,1.413147206808904,0.8458248671584523,0.1226982613284389,0,0.2277280291010935,True
32705.49,7269.74,39975.23,34350.54,16169.38,7825.040000000001,8344.34,18181.16,159,157,2,5.3,5.233333333333333,467.4576729559749,82.83,2794.617846895634,25320.01,30944.7,18539.14,58514.37,39479.71113207547,5624.690000000002,0.1407043811880507,1.1637438596307366,0.4839418703747454,0.5160581296252547,0.4637656869016138,0.9876043522970466,5624.690000000002,False,3,0,13866.017499999998,1909.4675640847304,2303.362500000003,1.1661156492843026,6.0,0.0668302533857209,13536.266666666665,2286.8123101237115,12047.819999999998,16169.38,35882.63333333333,3740.6723906583097,33404.87783226045,11918.53,0.1139598163636691,154.0,4165.206666666665,0.3421000645759984,0.6675306404263783,0.2247219307450159,0.2221440670837018,0.3698430517608656,18539.14,0.4637656869016138,0.8592956188119493,0.2087377608584115,0,0.2137413981836148,True
81731.62,0.0,81731.62,57124.16,23556.4,16081.820000000002,7474.580000000001,33567.76,114,113,1,3.8,3.7666666666666666,1218.0331578947369,158.22000000000003,7901.414962924663,308799.6,333407.06,251675.44,333407.06,268918.3356140351,24607.46,0.301076376560259,1.4307714984342876,0.6826942996383148,0.3173057003616851,3.079290976980513,3.290260680187608,24607.46000000002,False,6,0,20413.95333333333,7907.12939363374,3142.4466666666667,1.153936212910581,1.0,-0.0108590514277299,24617.623333333337,1197.2802171728042,23556.4,25915.59,82711.25666666667,1325.7094334858907,245312.64168932824,201270.8,0.2964049758024767,120.66666666666669,24525.873333333337,-0.0338166628932182,0.3758043615909057,-0.0295435382927311,0.0796874736884374,0.0254029033987315,251675.44,3.079290976980513,0.6989236234397409,0.0914527327367303,0,0.1184982267448229,True
51476.62,0.0,51476.62,45769.82,7691.059999999999,6153.4,1537.66,38078.76,167,166,1,5.566666666666666,5.533333333333333,582.3140119760479,37.78,4399.058958831397,49990.74,55697.54,9231.38,60708.0,32305.752215568864,5706.800000000003,0.110861979671548,1.1246847813690333,0.8000717716413602,0.1999282283586397,0.1793315101108036,0.6275810691449606,5706.800000000003,False,7,0,8182.495,1315.38545217362,-491.4350000000004,0.9399406904617724,14.0,-0.0170501871657561,8526.246666666666,1284.200403260073,7691.059999999999,10004.98,52894.06333333333,1964.352517149948,26306.33689600397,-5970.35,0.118691641401463,156.0,6289.056666666666,-0.2312768241415774,-0.0625510589784547,-0.0663759933328919,0.1141571419026803,-0.5005094474812961,9231.38,0.1793315101108036,0.889138020328452,0.029871036598751,0,0.0905782185168869,True
29408.21,0.0,29408.21,31341.46,3721.58,2101.58,1620.0,27619.88,192,191,1,6.4,6.366666666666666,316.40453125,20.0,2404.085981580576,-7527.13,-9460.38,-21146.82,8261.39,-7499.140260416668,-1933.25,-0.0657384451484806,0.9383165302446024,0.5647010140854153,0.4352989859145846,-0.7190787878623011,-0.2550015883461342,-1933.249999999999,False,8,0,3043.788571428572,1357.3764908384674,677.7914285714282,1.2226801936684168,186.0,-0.0577632906396699,2410.9966666666664,2090.6270715345995,0.0,3721.58,28627.173333333336,1074.8247061885645,-6214.853045676028,-21146.82,-0.0481830696507653,126.33333333333331,-1403.7033333333336,,,0.0732394571800294,0.2568375994568979,,0.0,0.0,1.0657384451484806,0.0550866577734585,1,0.2374860647844739,True
20000.0,0.0,20000.0,15970.659999999998,4125.49,3225.43,900.0600000000001,11845.17,111,110,1,3.7,3.6666666666666665,324.06000000000006,29.56,2032.96468367438,15894.84,19924.18,7886.53,27886.53,21898.366846846853,4029.340000000002,0.2014670000000001,1.2522963985207876,0.7818295523683247,0.2181704476316752,0.3943264999999999,1.0949183423423428,4029.34,True,1,1,7433.73,1044.0855888288083,-3308.2400000000007,0.5549690397687298,1.0,-0.0545237993136401,6330.983333333334,2047.732402178892,4125.49,8172.01,21639.960000000003,2840.4940423806565,18883.357883162887,1270.47,0.1521995997712133,112.66666666666669,3463.806666666665,-0.383836784682135,-0.1154288409941917,-0.1974279169883643,0.2534998779478119,-0.2031517390201742,7886.53,0.3943264999999999,0.7985329999999999,0.045003,0,0.2310524652067728,True
20062.89,0.0,20062.89,14811.03,6876.6,5241.34,1635.26,7934.43,146,145,1,4.866666666666666,4.833333333333333,238.86246575342463,39.225,1695.567663648906,40039.66,45291.52,26159.3,46222.19,33723.31171232877,5251.860000000001,0.2617698646605748,1.35459113917128,0.7621993426984265,0.2378006573015734,1.3038649965184477,1.6808800582731982,5251.859999999993,True,2,1,8973.225,1785.565062503557,-2096.625,0.7663465476459133,28.0,0.0380308646605748,8562.436666666666,2328.9869233710474,6876.6,11219.92,20020.963333333333,36.309558429335226,28900.04667105874,16723.92,0.1759304548868582,154.66666666666666,3524.0966666666664,-0.0940863862654611,-0.2109722557297949,0.0031444999999998,0.1311664484663455,0.2293677916609411,26159.3,1.3038649965184477,0.7382301353394252,0.0815067021750106,0,0.1451501491173593,True
34369.6,0.0,34369.6,30407.560000000005,16913.750000000004,9992.89,6920.860000000001,13493.81,149,148,1,4.966666666666667,4.933333333333334,434.7460402684564,98.91,2863.878600815546,95665.22,99627.26,87738.31,122107.91,106294.9998657718,3962.0399999999936,0.1152774544946695,1.130297860137413,0.5908145739413199,0.40918542605868,2.5527882198221685,3.092704013598407,3962.0399999999936,False,6,0,18110.03,3095.530985824562,-1196.2799999999952,0.933943786951209,0.0,-0.0044198832145994,16892.899999999998,657.1631145309202,16225.559999999998,17539.39,34279.44666666666,480.35744871223073,102196.62071999603,80168.72,0.1136203861400808,144.66666666666666,3892.736666666664,0.0424139444185598,0.0972029557384352,0.0180448098956171,0.0414156785506789,0.1173213385753693,87738.31,2.5527882198221685,0.8847225455053305,0.2013657418183511,0,0.1588977529197545,True
23895.69,0.0,23895.69,18331.58,7222.539999999999,5436.56,1785.9799999999998,11109.04,151,150,1,5.033333333333333,5.0,279.65079470198674,36.26,2029.8454899548465,37535.75,43099.86,20170.21,44065.9,28003.25086092715,5564.110000000001,0.2328499407215276,1.303525937207813,0.7527213417994225,0.2472786582005776,0.8440940604770149,1.171895469891313,5564.110000000001,False,3,0,7261.456,537.534610727533,-38.91600000000108,0.9946407442254004,-34.0,0.0011121064755907,7442.526666666666,531.1526675385658,7056.71,8048.33,24245.22,598.2301026361079,22272.15622795117,8732.5,0.2348804743049803,170.0,5693.653333333333,-0.1026038942240192,-0.087440154104777,-0.041718432562105,0.1482349493482879,-0.2431254687254511,20170.21,0.8440940604770149,0.7671500592784724,0.0747406749920173,0,0.1022801011314731,True
20052.5,0.0,20052.5,16490.72,2867.54,2530.52,337.02,13623.18,118,117,1,3.933333333333333,3.9,309.68830508474576,20.0,2024.384211193724,68076.32,71638.1,52123.66,72176.16,58692.57635593219,3561.779999999999,0.1776227403066948,1.2159869308314009,0.882470689162139,0.117529310837861,2.599359680837801,2.92694558563432,3561.779999999999,True,5,1,3839.515714285714,1005.6083702558224,-971.9757142857144,0.7468493980453637,12.0,0.0066322672567087,3210.5733333333333,452.7305575431546,2867.54,3723.72,20427.66333333333,448.7938290945296,55110.13636850114,44738.47,0.1759907495267973,111.33333333333331,3593.9099999999985,-0.2299259879905041,-0.4698776229276119,-0.0416896656367906,0.0523203956970645,-0.454648562864043,52123.66,2.599359680837801,0.8223772596933051,0.0168068819349208,0,0.0952506137481159,True
51459.8,0.0,51459.8,50812.09,30213.620000000003,14607.92,15605.7,20598.47,176,175,1,5.866666666666666,5.833333333333333,581.0902840909091,143.245,4069.190698641464,59475.24,60122.95,39507.65,90967.45,71099.16221590909,647.7100000000064,0.0125867181761298,1.0127471631259413,0.4834879104192082,0.5165120895807916,0.7677381179095139,1.3816447443617947,647.7099999999991,False,3,0,23834.00333333333,4223.188728393904,6379.616666666672,1.2676686991037038,-6.0,-0.0904709453903215,27123.256666666664,3984.058765785635,22626.81,30213.620000000003,51206.53333333333,3699.148303722536,68488.15104466602,30747.04,0.0678244911197296,166.33333333333334,3484.806666666671,0.0590367670615585,0.2933668712368276,-0.0604817669584064,0.010890414229518,-0.2018276676510677,39507.65,0.7677381179095139,0.98741328182387,0.303260020443142,0,0.1230449427008678,True
38798.02,0.0,38798.02,34529.75,27276.46,10576.32,16700.14,7253.29,163,162,1,5.433333333333334,5.4,449.86361963190177,129.26,3048.2534281896824,44133.59,48401.86,11260.18,50058.2,27496.193435582823,4268.269999999997,0.1100125728065503,1.123611378593821,0.3877453305890867,0.6122546694109133,0.2902256352257151,0.7087009449343762,4268.270000000004,True,1,1,33784.93666666667,11368.704342854266,-6508.476666666669,0.8073556647188228,-32.0,-0.062960065340119,33563.083333333336,11544.864951849087,26525.89,46886.90000000001,43605.68,6634.512776617439,21009.022035381447,-12475.04,0.0750138681939656,172.0,2789.306666666664,0.028295751810778,0.1017260670160493,-0.0500946403751436,0.0967125040133831,0.4625537215208677,11260.18,0.2902256352257151,0.8899874271934496,0.4304379450291535,0,0.1797904283758144,True
47185.76,0.0,47185.76,42036.810000000005,17385.17,9906.96,7478.209999999999,24651.64,111,110,1,3.7,3.6666666666666665,803.8069369369367,125.05,4813.501129500004,59672.77,64821.72,19711.56,66897.32,35110.37846846847,5148.949999999997,0.1091208449328779,1.122486696778371,0.5698512007647898,0.4301487992352102,0.4177438277988953,0.7440884383014806,5148.950000000004,False,2,0,16789.309999999998,4743.796023751441,595.8600000000006,1.0354904400478635,-10.0,-0.0343445916518678,16090.116666666663,1486.6526351953723,14466.75,17385.17,47798.19333333333,552.651816999931,27730.31969387097,6616.9,0.1473351904795868,112.33333333333331,7056.436666666661,0.0588813912170653,-0.0961304397749455,-0.015920003520399,0.0862864251148389,-0.0760265874236103,19711.56,0.4177438277988953,0.890879155067122,0.1584844665000627,0,0.1594413437204483,True
55859.55,0.0,55859.55,48398.14,33956.23,18219.91,15736.32,14441.91,175,174,1,5.833333333333333,5.8,595.7582285714286,176.57,4268.825882190229,103710.33,111171.74,84660.43,140519.98,114500.32017142858,7461.4100000000035,0.1335744738366135,1.1541672882470275,0.5365704614440413,0.4634295385559586,1.5155945581373282,2.0497895198122538,7461.4100000000035,True,2,1,29906.731428571427,6112.832235318388,4049.498571428576,1.1354042510830815,-35.0,0.1494409493658701,31107.936666666665,4388.78213000297,26053.8,33956.23,51199.49333333334,4443.581080776335,108933.61472632598,77735.32,0.1064781803895784,183.0,5649.64666666667,0.0192848124709954,-0.2256849296532136,0.1882530476085737,0.0719447137040254,-0.2593685893360351,84660.43,1.5155945581373282,0.8664255261633865,0.281712258691665,0,0.2837471038002833,True
70325.51,0.0,70325.51,62657.09000000001,38495.05,19803.11,18691.94,24162.04,201,200,1,6.7,6.666666666666667,661.604975124378,178.42,5096.533189986416,190206.7,197875.12,197875.12,260532.21,220129.0774129353,7668.419999999984,0.109041797208438,1.122387107348905,0.5144326348452593,0.4855673651547406,2.8137033062397987,3.130145482243006,7668.419999999984,True,2,1,32992.39428571429,4506.425159698305,5502.655714285713,1.1667855829629303,37.0,-0.1102650585369195,32007.230000000007,5618.645035700329,28745.550000000003,38495.05,68152.39,2009.4082355011788,207125.89385163295,175344.27,0.1768504872282879,186.66666666666663,11983.119999999994,0.3391655404053844,0.7863246147950431,0.0377082668708079,0.0403162454319432,0.3404003789747367,197875.12,2.8137033062397987,0.8909582027915619,0.265791744702598,0,0.3701859818011267,True
20000.0,0.0,20000.0,14163.31,7540.04,5062.67,2477.3700000000003,6623.27,158,157,1,5.266666666666667,5.233333333333333,216.22348101265823,37.99,1629.243781868323,45713.41,51550.1,33238.8,53238.8,39909.383987341775,5836.689999999999,0.2918344999999999,1.4120992903495015,0.6714380825565912,0.3285619174434088,1.6619400000000002,1.9954691993670888,5836.689999999995,False,3,0,7613.33,194.36951201255795,-73.28999999999996,0.9903734633859296,9.0,-0.0120272238891859,7588.900000000001,143.80621787669662,7475.89,7750.77,20084.463333333333,146.29478470995895,33397.62108976728,21218.58,0.2923314079630619,157.66666666666666,5872.293333333332,0.0085809181247984,0.0464252827925288,-0.0125109919870204,0.1276800396207589,0.0440457816157806,33238.8,1.6619400000000002,0.7081655000000001,0.1238685,0,0.1240232045180704,True
44579.92,0.0,44579.92,34920.0,12998.48,9847.3,3151.18,21921.52,139,138,1,4.633333333333334,4.6,571.941870503597,79.95,4043.197995807739,89530.09,99190.01,99190.01,134110.01,108252.56683453236,9659.919999999998,0.2166876925754913,1.2766300114547535,0.7575731931733556,0.2424268068266443,2.224993001333336,2.428280868035034,9659.919999999998,True,1,1,9356.55,348.815775159324,3641.93,1.389238554809198,42.0,-0.0709711191845099,10570.526666666668,2117.086267522732,9109.9,12998.48,43596.58666666667,966.7786762922198,96574.57961462904,65718.32,0.2550498867569834,114.66666666666669,11104.54,0.4268521059506691,1.4148638603428587,0.0233535295659714,0.1078957923531629,0.4782203998527019,99190.01,2.224993001333336,0.7833123074245086,0.0706860846766885,0,0.1684500262566157,True
71032.35,0.0,71032.35,46663.53999999999,42673.43,24062.31,18611.120000000003,3990.11,177,176,1,5.9,5.866666666666666,664.9485310734462,204.62,5326.252004271465,235714.23,260083.04,190384.57,261416.92,216094.34858757065,24368.81000000001,0.3430663634245525,1.5222237747071914,0.5638710082597063,0.4361289917402937,2.6802516036707216,3.042196247027877,24368.81,False,4,0,49633.05666666667,6058.526846728776,-6959.626666666671,0.859778399033386,32.0,-0.0200767123811706,45392.01666666666,4163.579121156863,42673.43,50185.31,72976.81666666667,1716.683408008977,189087.80371368397,137213.49,0.3234282824379229,159.66666666666666,23594.69,-0.0148642655788183,-0.0008476983031535,-0.0437558433900781,0.1033828547389776,0.1219885305880279,190384.57,2.6802516036707216,0.6569336365754476,0.262009070515054,0,0.2265427995287189,True
20000.0,0.0,20000.0,16140.06,13871.679999999998,8460.57,5411.110000000001,2268.38,98,97,1,3.2666666666666666,3.2333333333333334,368.77612244897966,117.535,2012.3799789353557,80525.46,84385.4,78506.15,98506.15,89412.08765306123,3859.939999999999,0.1929969999999999,1.2391527664705086,0.6099167512514707,0.3900832487485294,3.9253075,4.470604382653061,3859.939999999988,False,2,0,12309.862857142856,3598.439010565155,1561.8171428571422,1.1268752674974678,-3.0,-0.1108965000000002,11950.123333333331,1791.8479347961772,10324.94,13871.679999999998,20000.0,8.223065088433263e-05,83816.11776514423,66038.63,0.2890748333333334,94.0,5781.496666666667,0.1903189960313203,0.3936066920606467,0.0,0.0479344048453742,0.0616199430586155,78506.15,3.9253075,0.807003,0.2705555,0,0.37022263251256,True
41146.12,0.0,41146.12,39954.55,10580.62,5412.66,5167.959999999999,29373.93,163,162,1,5.433333333333334,5.4,497.5501226993865,34.34,3543.7531869054387,53506.19,54697.76,35607.26,76753.38,57841.06220858896,1191.5699999999997,0.0289594741861443,1.0298231365388923,0.5115635945719628,0.4884364054280373,0.8653856062248396,1.4057476673034774,1191.5699999999997,False,6,0,4416.421666666666,932.7677615230206,6164.198333333333,2.395744971513514,-2.0,-0.0808807402352667,6386.54,3836.501764263896,3054.18,10580.62,37655.84,4470.930204599488,53597.17668874816,31345.42,0.0481904440134943,160.0,1895.37,0.9151067365090626,4.775095823974431,0.0495109812411873,0.0222697598165744,0.1061694767535799,35607.26,0.8653856062248396,0.9710405258138556,0.125600178096987,0,0.2342190762471918,True
32609.05,0.0,32609.05,28292.91,14030.489999999998,11177.73,2852.76,14262.42,185,184,1,6.166666666666667,6.133333333333334,329.1997837837838,71.93,2478.750612810544,47428.93,51745.07,21403.99,54013.04,34292.89724324324,4316.139999999999,0.1323601883526199,1.1525519997766225,0.7966742430235866,0.2033257569764135,0.6563818939834187,1.0516374209994843,4316.139999999999,False,2,0,15292.86,1844.257355495702,-1262.3700000000026,0.9174536352258504,-8.0,-0.0596536406043536,14173.446666666665,349.4414930046699,13918.149999999998,14571.7,34295.00666666667,1483.1281163248632,27366.47110423658,6851.03,0.1699382425110608,192.33333333333331,5859.139999999999,0.0080714750164354,0.2964733684784586,-0.0650415711658564,0.0910022638081862,0.0529221101516634,21403.99,0.6563818939834187,0.8676398116473801,0.0874836893439091,0,0.1120369563494775,True
61448.09,0.0,61448.09,49803.15,34814.21000000001,16289.95,18524.26,14988.94,138,137,1,4.6,4.566666666666666,806.1684057971014,218.075,5291.335665637465,126335.83,137980.77,84853.57,146301.66,109768.4494927536,11644.940000000002,0.1895085754496193,1.2338193467682266,0.467910947857211,0.5320890521427888,1.3808984136040685,1.7863606418483249,11644.939999999988,True,2,1,37550.23857142857,7893.897791656178,-2736.028571428564,0.9271368525069672,11.0,0.0321761278418504,39393.293333333335,3966.442251997791,34814.21000000001,41764.45,65286.513333333336,3327.2876801433267,97648.03565277884,55772.65,0.1676632499402629,140.0,10904.28,-0.1664152167692856,0.022900072061426,-0.0876261030490419,0.0921744844673122,-0.1703388997766588,84853.57,1.3808984136040685,0.8104914245503806,0.3014619331536587,0,0.2163927516997493,True
51502.27,0.0,51502.27,46778.78999999999,15590.240000000002,5593.1,9997.14,31188.55,185,184,1,6.166666666666667,6.133333333333334,531.248972972973,79.47,4008.814949914794,149694.16,154417.64,113211.22,164713.49,142488.38362162162,4723.480000000003,0.0917140157123172,1.1009748221362716,0.3587565040692125,0.6412434959307873,2.1981792258865487,2.766642783349581,4723.4800000000105,False,2,0,13906.4375,1670.5785090276363,1683.8025000000016,1.121080794416255,25.0,-0.0301120402200834,14807.4,1948.507363804408,12589.22,16242.74,51784.71333333334,2099.631572355808,136600.39891895183,101907.16,0.1117281579998082,172.0,5788.763333333332,-0.0401717936752049,0.2403953526460238,-0.0464532679938834,0.0315542035841611,-0.3303819893823257,113211.22,2.1981792258865487,0.9082859842876828,0.1941106673550505,0,0.1324736336231077,True
26229.05,0.0,26229.05,27441.17,2000.0,1440.0,560.0,25441.17,105,104,1,3.5,3.466666666666667,511.1449523809523,20.0,2985.585343535645,45261.3,44049.18,17860.13,45241.3,22147.634380952382,-1212.119999999999,-0.0462128822812873,0.9558284140217054,0.72,0.28,0.6809293512346044,0.8443933112694658,-1212.1200000000026,True,1,1,2485.893333333333,447.1822817002779,-485.89333333333343,0.8045397496272298,-1.0,-0.0951488555576661,2043.4433333333332,48.70162249180331,2000.0,2096.09,28152.826666666664,1673.7578694163997,20449.06631487721,14629.35,0.0214012170695138,102.33333333333331,668.2133333333344,-0.0458424972210163,-0.209363396348953,-0.09411808182313,-0.02678049459472,-0.0762469726024857,17860.13,0.6809293512346044,1.0462128822812873,0.0213503729643277,1,0.0264767441955902,True
43585.07,0.0,43585.07,52279.08,18723.48,2435.51,16287.97,33555.6,94,93,1,3.1333333333333333,3.1,1019.8313829787236,50.24,5035.15807803032,70876.01,62182.0,43267.52,86852.59,66470.21276595746,-8694.010000000002,-0.1994722045874883,0.8337000192046226,0.1300778487759754,0.8699221512240246,0.9927142482506052,1.52506839534633,-8694.009999999995,True,1,1,6328.06,2090.765130616063,12395.419999999998,2.9588025397989277,-13.0,-0.3552049260285617,10787.17,6873.21857029878,6770.32,18723.48,45729.61666666667,2091.8259497944287,68216.43628826077,30405.6,0.0248045764075043,100.66666666666669,1386.846666666667,1.765523638469083,4.931655462246079,-0.0874988485147935,-0.1226650597289548,1.7797044935139232,43267.52,0.9927142482506052,1.1994722045874884,0.3737052619165232,1,0.5067715806769996,True
36266.07,0.0,36266.07,26580.92,10114.56,7069.780000000001,3044.78,16466.36,157,156,1,5.233333333333333,5.2,400.2992993630573,55.11,2951.7955744371616,101333.49,111018.64,95073.74,131339.81,116507.448089172,9685.15,0.267058162078218,1.3643647398208942,0.6989705928878764,0.3010294071121234,2.621561696649237,3.2125744005118837,9685.149999999994,True,2,1,11208.003333333332,238.3088513533087,-1093.4433333333309,0.902440845098488,-6.0,0.0868342013828515,10758.42,564.6430401590002,10114.56,11169.26,35521.58666666667,1776.2220668692648,108362.371177521,79691.54,0.2321347916459541,158.0,8296.806666666664,-0.0797784457723462,0.3184233202419666,0.0827544532243873,0.0955769903908372,-0.0638579640215407,95073.74,2.621561696649237,0.7329418379217819,0.0839567121554665,0,0.1271772646104311,True
21010.1,0.0,21010.1,17669.739999999998,7912.82,4810.960000000001,3101.86,9756.92,69,68,1,2.3,2.2666666666666666,560.5773913043479,109.8,2624.111482686961,15534.06,18874.42,8531.62,29541.72,22593.503043478264,3340.3600000000006,0.1589882961052066,1.1890440945933558,0.6079956324041241,0.3920043675958761,0.4060723175996307,1.075363898481124,3340.3599999999988,True,1,1,7224.99,205.90949468152215,687.8299999999999,1.095201515849849,-3.0,-0.0104163018828713,7454.266666666666,422.9689464172674,7079.39,7912.82,20790.336666666662,452.2783691857648,19007.19049058277,1257.18,0.1721020559602461,73.33333333333333,3579.15,0.1177262447753266,-0.0844812268859446,0.0365033939034551,0.2150345756357319,0.1572346152042882,8531.62,0.4060723175996307,0.8410117038947934,0.1476366128671448,0,0.1456583338410745,True
40686.14,0.0,40686.14,27000.78,12137.07,9429.28,2707.79,14863.71,121,120,1,4.033333333333333,4.0,559.3960330578512,88.05,3833.637547004255,146323.26,160008.62,119682.26,160368.4,126892.44950413222,13685.36,0.3363641770883156,1.50685054283617,0.7768992021962468,0.2231007978037533,2.9415978021016493,3.118812684224461,13685.359999999986,False,3,0,14839.168,2931.04856232714,-2702.098,0.8179077155808196,0.0,0.0776890779091823,15152.213333333331,3788.142144433512,12137.07,19404.18,43108.82666666667,5885.665554007747,114942.24887519678,87054.92,0.3023979381233168,118.0,13092.90333333333,-0.1277951965413833,-0.0628117136854637,0.048040025583979,0.0935282606470084,0.1550711755495784,119682.26,2.9415978021016493,0.6636358229116844,0.0665531308696278,0,0.1267481617685553,True
53103.24,10395.57,63498.81,53807.06999999999,29484.42,15757.85,13726.569999999998,24322.65,94,92,2,3.1333333333333333,3.066666666666667,1247.934893617021,259.295,5790.477824593505,35761.98,45453.72,-17234.73,46264.08,7064.307127659575,9691.740000000003,0.1526286870572851,1.180120196100624,0.5344466670872278,0.4655533329127721,-0.2714181572851523,0.111251016005805,9691.739999999998,False,3,0,22919.14,710.6847414993447,6565.2800000000025,1.2864540292524067,-14.0,0.0182615834976873,25107.566666666666,3823.633118780271,22416.610000000004,29484.42,57207.12,5557.527321147414,-1398.818655612263,-24017.14,0.1348587310887912,103.0,7776.903333333338,0.2588521655372997,0.0471119797268739,0.1512711631628387,0.2710068066701003,0.2140166618639079,0.0,0.0,0.847371312942715,0.2161705077622714,0,0.3179164235725555,True
44209.42,13233.49,57442.91,57198.4,41205.26000000001,14838.81,26366.450000000004,15993.14,171,169,2,5.7,5.633333333333334,670.4170175438599,172.53,3708.926988057628,34967.02,35211.53,-14748.78,42694.13,11134.323157894738,244.5099999999948,0.0042565740489121,1.004274769923634,0.3601193148641702,0.6398806851358297,-0.2567554464075723,0.1938328534869619,244.51000000000204,False,5,0,25999.5425,4804.554037253788,15205.71750000001,1.584845579494332,28.0,-0.1485793303478447,30439.27,9404.229005734607,23827.61,41205.26000000001,49933.246666666666,7495.788738020385,9047.679967249896,-14748.78,0.0730204030946852,160.33333333333334,3500.8366666666648,0.5676375901942334,0.7568790375510992,0.1510354987494344,0.0069925890167363,0.4645080694407881,0.0,0.0,0.995743425951088,0.4590026863193387,0,0.4556735082815498,True
20000.0,0.0,20000.0,16331.539999999995,8688.13,6027.8200000000015,2660.3099999999995,7643.41,122,121,1,4.066666666666666,4.033333333333333,297.7995081967213,64.53,1844.1513272805191,24246.64,27915.1,8866.57,28866.57,16405.676147540988,3668.4600000000023,0.1834230000000001,1.2246242546630632,0.69379947123259,0.3062005287674102,0.4433284999999999,0.8202838073770494,3668.459999999999,True,1,1,10537.72,751.291163664262,-1849.59,0.8244791093329487,20.0,0.0226137900296944,9874.936666666666,1159.2871130713609,8688.13,11004.59,20358.226666666666,511.0003532614557,12834.26128056317,1825.72,0.1393043440708986,117.0,2839.8800000000024,-0.1252465493164076,0.0278769473293767,-0.0450447611394334,0.1512976643361718,-0.0277872164380358,8866.57,0.4433284999999999,0.8165769999999999,0.1330154999999999,0,0.1635709572870348,True
46403.06,8552.87,54955.93,48014.61,21179.84,11658.79,9521.05,26834.770000000004,136,134,2,4.533333333333333,4.466666666666667,757.1363235294117,143.26,4351.353820116525,92720.88,99662.2,45975.12,100514.08,63134.16669117647,6941.32,0.1263070245558577,1.1445668308042074,0.5504663869037726,0.4495336130962273,0.8365816027496942,1.1488144535298823,6941.319999999992,False,6,0,11224.185,2411.987606840052,9955.655,1.8869824401504431,25.0,0.0320623484582161,16206.913333333332,4396.619677847217,12835.71,21179.84,48232.943333333336,5920.3643011670565,59451.00539440724,43501.01,0.1061993705651007,129.33333333333334,5191.259999999999,0.650071558176369,0.2536324338985907,0.2547523039173043,0.0748625336601636,0.771225750624396,45975.12,0.8365816027496942,0.8736929754441423,0.1732488195541409,0,0.2736840878171461,True
27188.49,0.0,27188.49,17272.850000000002,13214.54,8930.800000000001,4283.739999999999,4058.31,102,101,1,3.4,3.3666666666666667,435.89549019607847,106.665,2688.8394967698164,73146.16,83061.8,57447.73,84636.22,67517.02411764704,9915.64,0.3646999152950384,1.5740592895787318,0.6758313191378588,0.3241686808621411,2.112943013753246,2.483294368964479,9915.64,False,3,0,14686.954000000002,3251.532492468745,-1472.414000000001,0.899746809311175,-15.0,-0.0103185572028051,12695.55,457.2121488981043,12352.21,13214.54,26867.36333333333,331.7519049431269,57643.05370695072,37944.29,0.3764607842834948,105.0,10113.503333333332,0.0554828712689399,0.1851607976804405,0.0249782099923396,0.1355592692767466,0.0419071629543954,57447.73,2.112943013753246,0.6353000847049616,0.1575571133225861,0,0.1815660096338762,True
78707.06,0.0,78707.06,54568.33,34865.46,24749.2,10116.259999999998,19702.869999999995,101,100,1,3.3666666666666667,3.333333333333333,1319.5583168316828,322.6,7970.8480422995235,152863.55,177002.28,134036.07,212743.13,193261.8697029703,24138.730000000003,0.3066907847910975,1.4423578658170408,0.7098486582422834,0.2901513417577166,1.7029739136489157,2.4554578674768224,24138.73000000001,True,2,1,36141.99399999999,2647.728363442896,-1276.5339999999924,0.9646800339793096,-4.0,0.018561279638895,35331.43,2712.0259950634672,32882.58,38246.25,80849.95333333332,1926.571032413128,168514.15947061492,80437.34,0.3189825185920668,98.0,25815.65333333333,-0.0883953328757721,-0.0831331099532243,-0.03313055055512,0.1579103062829563,-0.2515111832743723,134036.07,1.7029739136489157,0.6933092152089024,0.1285305282651899,0,0.1745201052098337,True
47830.77,0.0,47830.77,28126.23,21407.67,16807.079999999998,4600.59,6718.56,51,50,1,1.7,1.6666666666666667,1489.3529411764705,404.04,6657.192878291958,227199.38,246903.92,223988.99,271819.76,252370.59450980395,19704.54,0.4119636794473516,1.700575228176688,0.7850961828167194,0.2149038171832806,4.682947608830048,5.276323055426538,19704.540000000008,False,2,0,20926.742,6818.58537739831,480.92799999999625,1.0229815037620282,-2.0,-0.055489075000888,23818.81333333333,5428.718224832949,20013.32,30035.450000000004,55526.426666666666,11342.52797521052,234910.20734249757,170165.85,0.4477568338044779,56.0,24989.053333333333,0.069671099048034,-0.3248792642714694,-0.0471248256344198,0.0867279655428636,0.4033478044078673,223988.99,4.682947608830048,0.5880363205526484,0.0961847363109563,0,0.4089330676503654,True
25965.42,4763.0,30728.42,21615.94,19824.66,13258.62,6566.04,1791.28,185,183,2,6.166666666666667,6.1,282.9424864864865,100.23,1933.7339441221757,42679.19,51791.67,24334.82,54791.02,37076.51767567568,9112.48,0.2965489276702154,1.421562976211074,0.6687943198017015,0.3312056801982985,0.7919320290467262,1.2065871813674662,9112.479999999996,True,2,1,20378.78,2338.674002456664,-554.119999999999,0.9728089709001226,5.0,0.1403762058028859,21017.016666666663,1633.3211872235458,19824.66,22878.68,27235.11333333333,3116.3773590714745,32693.439440922797,16288.0,0.1518578836771501,186.0,4426.816666666668,-0.0257055953716658,-0.1237791232239821,0.1712132762116751,0.2135110811615683,0.0849201050621004,24334.82,0.7919320290467262,0.7034510723297847,0.2136797140887816,0,0.1665452680100538,True
101913.06,0.0,101913.06,83406.5,50437.36,37092.74,13344.62,32969.14000000001,144,143,1,4.8,4.766666666666667,1286.941388888889,297.39,8724.962581996715,383308.58,401815.14,309904.66,411817.72,348223.4791666667,18506.56,0.1815916429160305,1.2218839059305928,0.7354219174040829,0.264578082595917,3.040872877332895,3.4168680556414133,18506.56,True,2,1,53420.53166666667,12581.429074275173,-2983.171666666669,0.9441568330828106,14.0,-0.0606120069539627,48261.66,4772.404735298551,42789.11000000001,51558.51,103200.63333333336,4029.978211620192,326639.7855235043,261754.26,0.2130253492521664,131.33333333333334,21969.83333333333,0.1787429091186985,-0.192777679984853,0.0194182798385704,0.0482811003082686,0.3488292828327565,309904.66,3.040872877332895,0.8184083570839694,0.1309412159736936,0,0.2090373404710285,True
36623.06,0.0,36623.06,26232.33,15691.04,10777.96,4913.08,10541.29,139,138,1,4.633333333333334,4.6,452.19705035971225,107.45,3197.4269167597085,75178.91,85569.64,64497.59,101120.65,92436.41366906474,10390.73,0.2837209670628287,1.3961039678900045,0.6868862739499739,0.3131137260500259,1.7611196333676105,2.5239948182665444,10390.729999999996,False,3,0,18322.81,3207.78810726332,-2631.769999999997,0.8563664634409244,-11.0,-0.0074397417322191,15547.1,556.5692657701973,14932.7,16017.559999999998,36732.77,855.3085485952042,80810.87622606572,42906.25,0.2897452263083396,145.0,10644.379999999996,0.0507838502079329,-0.062641541112029,0.0190733329233634,0.138213363295637,0.1185132671728138,64497.59,1.7611196333676105,0.7162790329371713,0.1341526349791634,0,0.2178060108623297,True
55758.73,0.0,55758.73,44098.380000000005,24945.63,19349.14,5596.490000000001,19152.75,109,108,1,3.633333333333333,3.6,916.1202752293578,187.56,5444.966502529594,218888.75,230549.1,177015.53,232774.26,196546.50110091743,11660.35,0.209121513348672,1.264416742746559,0.7756524890331493,0.2243475109668507,3.174669329807189,3.5249457995352014,11660.350000000006,True,2,1,27769.355,7014.121443664204,-2823.725000000002,0.8983150670946444,1.0,-0.0547021121114613,23490.876666666667,1425.8051078718277,22095.9,24945.63,56886.78,1053.3141660966603,181044.54697866933,149118.33,0.2500024322242504,118.0,14243.15333333333,0.0646375970398318,0.2106094266116072,-0.036060391431322,0.0532706683189521,0.0042100969153746,177015.53,3.174669329807189,0.790878486651328,0.1003697537587387,0,0.1404660463815716,True
81343.12,0.0,81343.12,58260.03,43926.07,27724.29,16201.78,14333.96,69,68,1,2.3,2.2666666666666666,2023.234057971014,629.27,9780.32915548502,231819.88,254902.97,215170.52,296513.64,267588.70130434784,23083.09,0.2837743376452735,1.396208000579471,0.6311579888662928,0.3688420111337072,2.645220886535948,3.289629181968283,23083.09,False,2,0,39231.3975,10134.579603921668,4694.672500000001,1.1196662061299243,9.0,-0.1430952397636,38626.426666666666,5338.924214823938,33249.07,43926.07,82586.16333333333,1092.227687999773,240548.21966870077,151607.08,0.3582123275073675,62.0,29625.77666666667,0.3211217637064736,0.1211458789613795,-0.0202343831302732,0.0995733843016397,0.4620645672411857,215170.52,2.645220886535948,0.7162256623547265,0.1991782464208405,0,0.3603254328711759,True
48216.05,0.0,48216.05,31673.4,15059.49,12267.13,2792.36,16613.91,114,113,1,3.8,3.7666666666666666,700.7846491228067,117.225,4629.2367091385295,151743.65,168286.3,138654.1,186870.15,175075.49605263158,16542.65,0.3430942601063338,1.522288418673082,0.8145780501198912,0.1854219498801088,2.87568351202556,3.631062603689676,16542.649999999994,True,1,1,17799.942,3654.76521579978,-2740.4519999999998,0.8460415208094498,-15.0,0.021142648515502,15030.369999999995,2535.9753948530274,12479.96,17551.659999999993,47397.41,3473.1392985741318,158684.82772522388,108052.23,0.3325242639670127,125.33333333333331,15753.13,-0.1419905581580314,-0.2343069616435051,-0.0431064080606332,0.1090170824281608,-0.548378078630853,138654.1,2.87568351202556,0.6569057398936661,0.0579134956098643,0,0.1065268842784438,True
27121.73,0.0,27121.73,21768.46,8917.43,5589.35,3328.08,12851.03,127,126,1,4.233333333333333,4.2,384.962125984252,61.68,2482.2276695501487,28324.05,33677.32,23967.33,51089.06,39034.01929133858,5353.27,0.1973793707112341,1.2459186364124977,0.6267893328010424,0.3732106671989575,0.8836947348122706,1.4392156876179574,5353.27,False,4,0,8822.064285714285,5734.888254348284,95.36571428571553,1.0108099092454068,-16.0,0.1252400841815731,5249.843333333333,3177.010209652039,3345.34,8917.43,21117.983333333334,5224.163662849132,33548.32049274753,20481.35,0.1332925150464786,130.33333333333334,3017.110000000001,1.5575118448072138,1.346924671734623,0.5403054971541377,0.1890008667545779,1.515238114782762,23967.33,0.8836947348122706,0.8026206292887659,0.1227089864842692,0,0.3944005232514809,True
26653.91,0.0,26653.91,20702.87,7111.32,5399.529999999999,1711.7900000000002,13591.55,155,154,1,5.166666666666667,5.133333333333334,305.52761290322576,38.71,2217.215318363515,85577.62,91528.66,78281.44,104935.35,94399.89412903224,5951.040000000001,0.2232708071723811,1.287450000893596,0.75928660220606,0.2407133977939398,2.936958967746196,3.541690285929241,5951.040000000008,False,3,0,8973.866666666667,108.6507645317472,-1862.546666666667,0.7924476999881136,-7.0,0.0001287732652137,8320.136666666665,1049.016400459655,7111.32,8991.679999999998,28452.660000000003,1583.0958522780606,88752.33294627622,64413.58,0.2296249967572713,157.0,6540.973333333334,-0.209122210754831,-0.3502484314090179,-0.0831115694689638,0.0695396763780065,-0.2242812696670862,78281.44,2.936958967746196,0.7767291928276189,0.0642228476047229,0,0.2038560046047216,True
43046.27,0.0,43046.27,21110.55,14209.73,10340.899999999998,3868.83,6900.82,68,67,1,2.2666666666666666,2.2333333333333334,943.4826470588235,197.7,5222.84736924979,175799.89,197735.61,155213.3,198259.57,165910.04294117645,21935.72,0.5095846864316003,2.039088038918929,0.7277337430056727,0.2722662569943271,3.6057316928969687,3.854225765465311,21935.71999999997,False,2,0,13219.493333333334,1625.5036180929685,990.2366666666658,1.0749073086008338,-15.0,-0.0571778444752945,12925.97,1119.5327720080377,12152.47,14209.73,44209.8,1294.5427620206265,141665.21913494586,105818.08,0.5509262554672579,71.0,24383.01,0.1692873958956491,-0.2373864604030655,-0.0212054155109978,0.12477664235171,0.1904895663716025,155213.3,3.6057316928969687,0.4904153135683998,0.0898760798554671,0,0.3162368350377835,True
21539.09,0.0,21539.09,25327.980000000003,5258.29,1280.0,3978.29,20069.69,137,136,1,4.566666666666666,4.533333333333333,342.0954014598541,20.0,2070.139165619284,37725.27,33936.38,17580.17,39119.26,27368.773795620444,-3788.890000000003,-0.1759076172670249,0.8504069412562706,0.2434251439156075,0.7565748560843925,0.8161983630691918,1.2706559931557202,-3788.89,True,3,1,2742.4525,698.2284823453807,2515.8375,1.917367757509018,19.0,-0.3124700781346575,3808.38,1439.627591879233,2379.26,5258.29,23602.81333333333,3488.5043021950432,25919.346940894804,13017.62,-0.0255954287903992,126.33333333333331,-275.25666666667166,0.3882944035653277,1.5731962096956758,-0.2204618940319023,-0.1004337410971478,-0.203624932698889,17580.17,0.8161983630691918,1.1759076172670249,0.1847009321192306,1,0.1979786271250899,True
51837.81,0.0,51837.81,40510.33,11137.93,9136.53,2001.4,29372.4,196,195,1,6.533333333333333,6.5,471.1639795918367,51.185,3886.361942986635,96587.53,107915.01,56752.76,108590.57,69399.58260204081,11327.479999999996,0.2185177190162932,1.2796195439533569,0.8203077232483952,0.1796922767516046,1.094813997736401,1.3387830736298625,11327.479999999996,True,2,1,10042.485,1734.173897021288,1095.4449999999997,1.109081069078022,23.0,0.0731693580399382,9764.25,1766.2991832925698,7771.820000000001,11137.93,48151.95333333333,4277.737010573853,63003.57198879006,41880.57,0.1850398466976966,169.0,9015.303333333328,0.4331173393104832,1.019372414488951,0.1927365625094912,0.1172768368753192,0.6846034223308048,56752.76,1.094813997736401,0.7814822809837068,0.0386088841330295,0,0.1479778451681538,True
111089.55,0.0,111089.55,109516.6,26605.82,8759.7,17846.12,82910.78,161,160,1,5.366666666666666,5.333333333333333,1370.2245341614905,56.71,9849.585052104476,383523.71,385096.66,383380.51,494470.06,404056.540310559,1572.949999999997,0.0141592976117015,1.0143626628291966,0.3292399933548374,0.6707600066451626,3.4510942748440336,3.6372146643006382,1572.9499999999534,False,3,0,16505.120000000003,3333.058114014816,10100.699999999995,1.6119737390579405,-23.0,-0.240306789445416,19810.786666666667,6209.920696573613,14429.9,26605.82,124200.90666666666,12459.48970309111,390739.9503650153,295542.11,0.164596416714265,178.66666666666666,21479.339999999986,0.4462325729046175,3.2637862530492097,-0.1824781748605978,0.0041013109724037,0.1713353109693305,383380.51,3.4510942748440336,0.9858407023882984,0.1606462534054733,0,0.2574325901465971,True
71085.07,19218.46,90303.53,45649.26,25468.710000000003,21785.47,3683.24,20180.550000000003,120,118,2,4.0,3.933333333333333,1132.9399166666667,188.48,6765.83879138842,143635.24,188289.51,99525.44,189059.24,121907.68525,44654.27,0.4944908576663614,1.9782035897186503,0.8553817605995747,0.144618239400425,1.1021212570538494,1.3499769638019687,44654.27000000002,False,2,0,19892.995000000003,5430.926561835467,5575.715,1.2802853466760535,10.0,0.1527805823822952,21751.56666666667,5011.022608254061,16052.75,25468.710000000003,76387.76666666666,12354.758468405327,95275.68879636104,49325.42,0.4446710262143685,115.66666666666669,34455.65,0.0731240235214407,-0.2470106245745161,0.3536951810485285,0.3108865902267439,-0.4053292010039522,99525.44,1.1021212570538494,0.5055091423336386,0.040787331347955,0,0.1555501614093248,True
245496.48,0.0,245496.48,168618.4,105818.58,87084.9,18733.68,62799.82000000001,78,77,1,2.6,2.566666666666667,5309.165128205127,1165.565,27948.071717532635,601753.8,678631.88,440103.34,685599.82,523013.5656410256,76878.08000000002,0.3131534920582161,1.4559293647668343,0.8229641713203864,0.1770358286796137,1.7927073333189951,2.1304320356895774,76878.07999999996,True,1,1,121277.69833333336,17469.0823572086,-15459.11833333336,0.8725312357854634,-1.0,0.0257969687516879,111565.14,5962.638019165638,105818.58,117722.6,248596.38,4152.088373228299,437939.0516596344,291889.08,0.2987274377203027,78.33333333333333,74231.42000000001,-0.1011192413351387,-0.6340292574519413,-0.030860183332301,0.1277567004977782,-0.1602115440669103,440103.34,1.7927073333189951,0.6868465079417839,0.0763093629692776,0,0.3449187194565819,True
31417.58,0.0,31417.58,29043.09,5642.02,4787.969999999999,854.05,23401.070000000003,189,188,1,6.3,6.266666666666667,319.8977248677249,25.23,2518.2171569220563,60546.12,62920.61,46325.08,77742.66,64902.86550264552,2374.4900000000016,0.0755783863683963,1.0817574851711715,0.8486269102200983,0.1513730897799015,1.4744954894679985,2.0658136464567134,2374.489999999998,False,8,0,6284.747142857143,3001.286902345471,-642.7271428571421,0.8977322192528261,6.0,-0.0442166123224005,4968.196666666667,918.553920046794,3921.91,5642.02,31234.823333333334,1518.2770166979906,61922.73347963108,40436.67,0.0911137944582032,178.0,2865.556666666666,0.0564274827455784,-0.0368870945915469,-0.0378480681214389,0.0392178722600224,-0.305322276937841,46325.08,1.4744954894679985,0.9244216136316036,0.027183825106835,0,0.043086837595527,True
70520.65,0.0,70520.65,59221.1,27086.19,19654.329999999994,7431.859999999999,32134.91,104,103,1,3.466666666666667,3.433333333333333,1247.516826923077,223.165,7169.72893227055,118973.11,130272.66,95643.71,166164.36,142049.66528846155,11299.549999999996,0.1602303722384861,1.19080277130955,0.7256218021065346,0.2743781978934652,1.3562511122628622,2.0142988654877905,11299.550000000005,False,5,0,22510.888,10176.66384243481,4575.302,1.2032484013958045,-1.0,0.0169559371089549,26104.076666666664,1924.408743519248,23886.77,27339.27,67549.54,4229.153563078524,128226.44104456656,79096.29,0.1367086012959661,101.66666666666669,9310.553333333328,-0.0092570138120001,-0.3250157578003383,0.0158499655864547,0.0949756629880482,-0.1537930896397491,95643.71,1.3562511122628622,0.8397696277615139,0.105385585640518,0,0.1885082083457583,True
42550.76,0.0,42550.76,27267.69,11189.030000000002,9017.62,2171.41,16078.66,116,115,1,3.8666666666666663,3.8333333333333335,601.8831896551724,83.66,4029.578448808284,125972.24,141255.31,116695.63,159246.39,147434.2877586207,15283.07,0.3591726681262567,1.560482754498089,0.8059340264526951,0.1940659735473047,2.742504011679227,3.464903746927685,15283.069999999992,True,2,1,9965.75,1015.9427389375828,1223.2800000000025,1.1227484133156065,25.0,-0.0162499745033786,10373.51,1007.4097861347196,9247.37,11189.030000000002,42195.58666666667,886.5120112741492,131499.44700941653,84915.2,0.3732284175725138,115.0,15743.416666666666,0.0472570064198023,-0.4100727828928958,-0.0069704528227206,0.1213209354695923,-0.1081125743366719,116695.63,2.742504011679227,0.6408273318737433,0.0510310509142492,0,0.1768311717031515,True
45839.38,0.0,45839.38,40423.31,6867.71,4303.77,2563.9400000000005,33555.6,101,100,1,3.3666666666666667,3.333333333333333,854.0860396039606,59.35,4905.484165999535,58021.46,63437.53,30405.6,76244.98,65191.33376237623,5416.07,0.1181532123689282,1.1339838325955989,0.6266674044186491,0.373332595581351,0.6633074007545477,1.422168750152734,5416.07,False,2,0,5837.1050000000005,3484.968700010088,1030.6049999999996,1.176560983569766,21.0,-0.0564926886685185,6180.64,2535.0645571069786,3372.86,8301.35,46498.24,3927.924281640368,58139.68392079208,29104.38,0.1442753182100886,85.33333333333333,6762.0,-0.1726996211459582,-0.2123652941104188,-0.0961185615076568,0.0933459792290645,-1.6339194761058442,30405.6,0.6633074007545477,0.8818467876310718,0.055933129985615,0,0.0869769262907532,True
21914.31,0.0,21914.31,17626.309999999998,4724.99,4308.51,416.48,12901.32,145,144,1,4.833333333333333,4.8,272.6939310344827,27.83,1974.4475557152327,3572.16,7860.16,-6205.94,15708.37,10208.377655172411,4288.000000000004,0.1956712303513094,1.2432726985965867,0.9118558981077208,0.0881441018922791,-0.2831912115873143,0.4658315801488805,4288.0,False,4,0,7405.263333333333,4611.037315445768,-2680.273333333333,0.6380583359853509,-34.0,0.0369967357272907,4740.986666666667,307.2674600951672,4442.030000000001,5055.9400000000005,21246.65333333333,721.2798157673179,6211.127836374311,-12754.78,0.1691900904823975,154.66666666666666,3604.346666666668,-0.0654576597032402,-0.4636583732550353,0.0267194402551349,1.2003941592761804,-0.2036624894770148,0.0,0.0,0.8043287696486906,0.0190049333061364,0,0.0405395569596323,True
20493.16,0.0,20493.16,18143.28,6286.23,2316.2200000000003,3970.01,11857.05,187,186,1,6.233333333333333,6.2,206.61197860962568,26.89,1569.3906112530033,64139.58,66489.46,47020.38,67513.54,54159.085614973264,2349.880000000001,0.1146665521569148,1.129517926196366,0.3684593150425613,0.6315406849574388,2.2944426335421184,2.642788404276025,2349.8800000000047,True,4,1,6361.424,2314.7950292261294,-75.19400000000041,0.988179690585001,5.0,-0.0196580462776319,7364.006666666665,2741.2168811740034,5325.4800000000005,10480.31,22098.849999999995,3217.687703165116,50572.96694876172,40365.37,0.1299548835304872,177.0,2877.793333333333,-0.4001866357006615,-0.4351305243597568,-0.2057958276024971,0.0366369720537615,-1.3681425758224908,47020.38,2.2944426335421184,0.8853334478430852,0.19372366194379,0,0.3048579893814326,True
159743.48,0.0,159743.48,148540.77000000002,71317.01999999999,36233.17,35083.85,77223.75,104,103,1,3.466666666666667,3.433333333333333,2964.2716346153848,574.4100000000001,16198.558682432702,350558.07,361760.78,361760.78,510301.55,406964.9926923078,11202.709999999992,0.0701293724163264,1.0754184187950553,0.5080578240649989,0.4919421759350013,2.264635652109244,2.547615669148486,11202.71000000002,False,4,0,40649.24333333333,16074.783959457538,30667.776666666658,1.754448893800647,-12.0,-0.0650756303706956,56835.64666666667,13251.557248751304,45314.64,71317.01999999999,148506.44333333333,13058.526224908854,384786.2579675067,330061.6,0.0973659663575097,108.0,14447.04666666667,0.3237429114057504,0.4442333127644604,0.0537481653479161,0.0319567882148599,0.134827364465512,361760.78,2.264635652109244,0.9298706275836736,0.2196261781701512,0,0.1417968655344943,True
42870.65,0.0,42870.65,44927.25,43483.7,19004.69,24479.01,1443.55,100,99,1,3.333333333333333,3.3,877.979,308.58000000000004,4330.454237216375,132167.12,130110.52,88292.94,131956.9,114159.53729999998,-2056.5999999999985,-0.0479722140905257,0.9542237728772628,0.4370531946453498,0.5629468053546501,2.0595195081016966,2.662883284951359,-2056.5999999999917,False,2,0,44347.478,7986.463415822427,-863.7779999999984,0.9805225000618976,6.0,0.2352438836353842,44840.00333333333,7328.438606008338,38284.45999999999,52751.850000000006,44154.63333333333,2793.43906008948,116201.84248234122,88292.94,-0.0566846224057936,94.33333333333331,-2128.919999999996,-0.1756933643085504,-0.3372103223919878,0.0150733863016656,-0.0155606023646425,-0.5535853340529328,88292.94,2.0595195081016966,1.047972214090526,0.570996940797492,1,0.3318107038955513,True
85530.08,0.0,85530.08,80221.64,23445.21,12485.56,10959.65,56776.43,189,188,1,6.3,6.266666666666667,876.9932275132276,113.42,6756.706738270742,223808.98,229117.42,147436.11,232966.19,171097.2166137566,5308.440000000002,0.0620651822142572,1.066172170003007,0.5325420416366499,0.4674579583633501,1.7237924949912355,2.0004332582613813,5308.440000000002,True,2,1,29554.36666666667,6378.593582870234,-6109.1566666666695,0.7932908955360234,-22.0,-0.0394374129942331,28524.733333333334,7293.569860941439,23445.21,36882.14,94706.82666666666,11280.625128698908,162577.3695761571,111235.79,0.0969031814360866,188.66666666666663,9405.66333333334,-0.0713609816670198,-0.0766980116359986,-0.0630884925400421,0.023718619333326,0.2441112224946692,147436.11,1.7237924949912355,0.9379348177857428,0.1281379603526619,0,0.0510601859132307,True
28849.25,10587.93,39437.18,24473.660000000007,14664.08,7972.359999999999,6691.719999999999,9809.58,122,120,2,4.066666666666666,4.0,523.859344262295,115.99,2837.2653046393657,67084.88,82048.4,50469.52,89394.82,72878.96991803279,14963.519999999991,0.3794267237160464,1.611413250000204,0.5436658828920736,0.4563341171079262,1.2797446470564071,1.8479761970311464,14963.51999999999,True,2,1,13409.918,2562.0095952533056,1254.1619999999984,1.093524956677587,-4.0,0.1153648073368087,13286.23,1308.373349965521,12060.660000000002,14664.08,33331.706666666665,5317.222209851055,61941.73736446196,35362.65,0.2998485408070291,125.0,10235.896666666662,0.215860491880212,0.2840640447023423,0.3270692352990663,0.2230535405295499,0.2975792436647093,50469.52,1.2797446470564071,0.6205732762839535,0.169680489325048,0,0.1576426073303325,True
65990.19,0.0,65990.19,55409.2,19192.57,10733.820000000002,8458.75,36216.630000000005,201,200,1,6.7,6.666666666666667,603.9770646766168,83.62,4897.552191539856,48759.71,59340.7,-4663.34,61326.85,13139.837860696518,10580.990000000003,0.1603418629344756,1.1909608873616655,0.5592695506646583,0.4407304493353418,-0.0706671703779001,0.1991180486174766,10580.989999999998,False,5,0,18149.5325,6306.926483802685,1043.0374999999983,1.0574691111189778,1.0,0.2154260612993321,21294.27666666667,5071.725876014331,17611.260000000002,27079.000000000004,63572.0,3164.0691244503523,9372.7411667438,-11164.89,0.0912476440981637,191.0,6061.093333333333,-0.291237859595997,0.3186324104140587,0.1000002166989186,0.2170027262262224,-0.8288336931706533,0.0,0.0,0.8396581370655244,0.1281819312840287,0,0.3675637621555983,True
114447.1,0.0,114447.1,62157.83000000001,37636.17,29655.13,7981.040000000001,24521.66,116,115,1,3.8666666666666663,3.8333333333333335,1522.4562931034484,288.41,10672.580260354593,441241.91,493531.18,384612.06,499059.16,419967.76206896553,52289.27,0.4568859324526352,1.8412338397270305,0.7879422906209639,0.2120577093790362,3.3606099237114786,3.669536074474281,52289.27000000002,True,2,1,32855.06285714286,5007.459990380068,4781.107142857138,1.1455211686444149,-1.0,-0.006155354907509,36472.73,3965.2860293804742,32055.870000000003,39726.15,110495.8,4653.414569743402,371363.6097413443,286323.96,0.4482032597579173,119.66666666666669,49501.41,0.1740804414292918,-0.1277828352981161,0.0861797515968765,0.1185047676001584,0.3671593076169288,384612.06,3.3606099237114786,0.5431140675473647,0.0697356245811383,0,0.200698567722636,True
48314.94,0.0,48314.94,31764.680000000008,10298.169999999998,9421.14,877.03,21466.51,91,90,1,3.033333333333333,3.0,879.9958241758244,92.28,5339.636072621236,150205.83,166756.09,133087.77,181402.71,172164.43054945054,16550.259999999995,0.3425495302281239,1.5210271282443264,0.914836325288862,0.085163674711138,2.7545883323046656,3.563378750950545,16550.26000000001,True,1,1,9845.99,4063.643481548712,452.1799999999985,1.04592529547562,-26.0,0.0680846059076043,11417.246666666666,987.9893926724768,10298.169999999998,12168.81,47218.29,999.2372191327236,157092.40630794215,106491.51,0.3030828276875135,103.0,14334.533333333327,-0.1537241521562092,-0.4933771582723423,0.0421837416545924,0.1101838723570185,-0.1863128514593769,133087.77,2.7545883323046656,0.657450469771876,0.0181523561863059,0,0.1065282560754187,True
22952.44,0.0,22952.44,14115.219999999998,5539.070000000001,4437.089999999999,1101.98,8576.150000000001,84,83,1,2.8,2.7666666666666666,441.2816666666667,58.495000000000005,2547.9721561853817,76300.04,85137.26,72115.72,95068.16,88318.59333333332,8837.220000000001,0.3850231173679139,1.6260773831367843,0.8010532454004009,0.1989467545995988,3.1419631202608524,3.8478956195216423,8837.220000000001,False,6,0,6610.706666666666,1399.740442848839,-1071.6366666666654,0.8378937803926158,1.0,0.0685815341397198,6478.826666666667,842.9349852944358,5539.070000000001,7168.209999999999,23315.54333333333,560.6450633273383,80730.84142070392,56092.02,0.3542368206605594,82.0,8260.566666666666,-0.2272729175066018,-0.1532219643762775,-0.0034949945599649,0.1158219576293799,-0.2925124704995282,72115.72,3.1419631202608524,0.614976882632086,0.0480114532485435,0,0.2116872592181122,True
65871.8,0.0,65871.8,40103.77,18756.42,12847.57,5908.849999999999,21347.35,170,169,1,5.666666666666667,5.633333333333334,623.3857058823529,102.44,5175.635696299923,225275.46,251043.49,209433.9,275305.7,260787.6564705882,25768.03,0.3911845433098837,1.6425338565426642,0.6849691998792946,0.3150308001207053,3.179416685136887,3.95901822131152,25768.03,True,2,1,22791.448333333334,5541.138106311436,-4035.028333333332,0.8229586696589196,6.0,0.0479688228733464,24580.93333333333,7510.239973964437,18756.42,33057.36,71648.55,9988.74176573307,238325.10888313336,157573.14,0.3601201079597418,165.66666666666666,25720.266666666677,-0.1446758678682401,0.0476182877770035,-0.0002959419528829,0.1143845405975423,0.1919614195618512,209433.9,3.179416685136887,0.6088154566901163,0.0897022701672035,0,0.2095981494636709,True
65838.96,0.0,65838.96,50338.54999999999,13024.17,11097.589999999998,1926.58,37314.38,109,108,1,3.633333333333333,3.6,1065.8487155963303,106.08,6881.834549215906,206948.02,222448.43,206774.43,272613.39,231700.0358715596,15500.410000000018,0.2354291440812554,1.3079232516629904,0.8520765622684592,0.1479234377315406,3.140608995038803,3.5191934360986195,15500.410000000003,False,3,0,24459.715,1025.6371729076525,-11435.545,0.5324743154202737,3.0,-0.1207550672360036,20647.866666666665,6642.02747316159,13024.17,25184.95,84846.29,16467.640410602242,215899.15558911776,173173.39,0.3086172006026654,108.0,26884.043333333346,-0.4512553045189951,-0.5165068474242793,-0.3056682473931301,0.0749000159556974,-0.3936625755280699,206774.43,3.140608995038803,0.7645708559187445,0.029262005353669,0,0.2827520919176033,True
41690.85,0.0,41690.85,39326.05,27530.9,16247.0,11283.9,11795.15,121,120,1,4.033333333333333,4.0,669.5611570247935,149.74,3863.672610758704,45172.34,47537.14,42730.42,84421.27,56852.50165289256,2364.800000000003,0.0567222783896227,1.060133168726582,0.5901369007188286,0.4098630992811713,1.0249352076055058,1.3636685664334636,2364.800000000003,False,4,0,18780.7875,2842.4594419431305,8750.112500000003,1.4659076463114236,38.0,-0.150584031026387,22641.36,4989.618105256155,17557.35,27530.9,41247.44666666666,2689.528915559991,52294.11377720248,25209.59,0.1663062312523863,99.0,6810.936666666666,0.2056010226035143,0.3670230036005213,-0.045707809883418,0.0523506198704784,-0.0950411585912558,42730.42,1.0249352076055058,0.9432777216103772,0.2706565109610382,0,0.265185572340902,True
75276.34,0.0,75276.34,58578.63000000001,21205.8,16095.62,5110.18,37372.83,87,86,1,2.9,2.8666666666666667,1538.5628735632188,221.25,8768.352368504335,187093.58,203791.29,151979.21,227255.55,213251.4164367816,16697.709999999985,0.2218188344438635,1.2850478066830853,0.759019702156957,0.2409802978430429,2.0189505759711484,2.8329142521645125,16697.71000000002,True,3,1,23278.353333333333,11254.482691569016,-2072.5533333333333,0.9109664973438842,0.0,-0.0248137513147007,18601.43333333333,2965.087748858916,15374.49,21205.8,74090.26,1924.9014025918675,195170.1887189738,115769.09,0.2448391191353086,88.66666666666667,18115.996666666662,0.1030893138320256,-0.3336636645642821,0.0020125084608817,0.0892479047116423,-0.1472942761277063,151979.21,2.0189505759711484,0.7781811655561365,0.0678856065531347,0,0.2073898694033944,True
119461.27,0.0,119461.27,101393.9,58233.55,44181.13,14052.419999999998,43160.35,170,169,1,5.666666666666667,5.633333333333334,1299.1480588235293,302.46000000000004,9506.153242762395,227783.24,245850.61,127920.19,247381.46,160573.78305882352,18067.37000000001,0.1512403978293551,1.1781899108329004,0.7586885910269938,0.241311408973006,1.0708088906136692,1.3441493051164073,18067.369999999995,True,3,1,65691.24333333333,9732.723728804456,-7457.693333333329,0.8864735548467064,-2.0,-0.0182360147220927,64646.17999999999,10561.924659781474,58233.55,76836.53,127522.14,14694.887296774345,137846.21064420356,84788.83,0.1535326101680319,164.33333333333334,19715.61,-0.2421111416666004,-0.3726718638883272,-0.1731834817575249,0.0793182588850698,-0.5473351954298549,127920.19,1.0708088906136692,0.8487596021706448,0.1176315972532352,0,0.1834558472489922,True
63834.87,12856.37,76691.24,47729.08,43181.51,22166.63,21014.880000000005,4547.57,68,66,2,2.2666666666666666,2.2,1829.710588235294,613.7149999999999,7784.374404781706,212905.08,241867.24,166609.27,242614.24,192558.8519117647,28962.16000000001,0.3776462605116309,1.606803231908095,0.5133361478095602,0.4866638521904399,2.172468068060968,2.510832422474388,28962.160000000003,False,3,0,36659.688,5101.0323475812265,6521.822,1.1779017322787908,-2.0,0.0734104844036961,40282.33666666667,2556.68220955076,38350.34,43181.51,66323.24,9178.45535797827,174833.08719868935,135721.35,0.3192316910534025,73.0,21493.33333333334,0.0983424714537597,0.1013816745604276,0.2165002287345114,0.1360332031532549,0.0731844154886756,166609.27,2.172468068060968,0.6223537394883691,0.2740193012917773,0,0.187086335093499,True
77724.75,0.0,77724.75,60108.39,41079.13,32472.25,8606.88,19029.26,189,188,1,6.3,6.266666666666667,729.2758730158729,198.96,5737.663632650146,160172.23,177788.59,160084.16,237808.91,203185.03677248675,17616.36,0.2266505842733492,1.2930765571994192,0.7904804702533866,0.2095195297466134,2.0596291400101,2.614161342075552,17616.359999999986,True,1,1,33923.11,1880.564626701242,7156.019999999997,1.210948229687667,40.0,-0.0070734666997886,36308.45,4340.253725809124,32593.35,41079.13,72978.53000000001,4116.971798288145,182395.05921084716,143615.48,0.2422689160880763,166.66666666666666,17640.820000000007,0.1652705155636975,-0.1468681884548556,0.0972046706554365,0.109983859249509,0.0836735026760993,160084.16,2.0596291400101,0.7733494157266507,0.1107353835168334,0,0.1727922928976808,True
37147.87,0.0,37147.87,24026.81,13894.29,11440.979999999998,2453.3100000000004,10132.52,118,117,1,3.933333333333333,3.9,518.4294915254237,110.345,3483.8626481062406,107990.85,121111.91,84403.96,121551.83,94856.4820338983,13121.060000000003,0.3532116377062804,1.5461007932388864,0.8234303444076666,0.1765696555923332,2.27210766054689,2.553483740357073,13121.059999999998,True,1,1,12654.626666666663,1064.8018494693442,1239.663333333334,1.097961272662331,2.0,-0.0239823693289007,12680.606666666668,1107.4170742919462,11725.05,13894.29,36659.88999999999,467.86958995002334,81185.32494673597,57984.44,0.3778253862665586,109.33333333333331,13846.763333333334,0.1184795628570141,0.2848591180475546,0.0257555336678345,0.1215015901810199,0.0589975137399527,84403.96,2.27210766054689,0.6467883622937196,0.0660417407512194,0,0.2843112863682723,True
30847.73,0.0,30847.73,25959.550000000003,6661.07,4091.37,2569.7000000000003,19298.48,204,203,1,6.8,6.766666666666667,278.46705882352944,27.435,2304.452800821908,37453.51,42341.69,37433.51,68281.24,48447.30882352941,4888.179999999997,0.1584615788584766,1.1882998742274036,0.6142211386458931,0.3857788613541068,1.2134931808596614,1.5705307594279845,4888.18,False,3,0,8505.6,4710.175325675255,-1844.5300000000009,0.7831393434913468,26.0,-0.0394332733063271,7063.123333333333,608.0767653292878,6661.07,7762.67,32837.53,2181.5560662059497,43128.89128544912,31022.99,0.1956410070019247,194.66666666666663,6475.926666666667,-0.0154545844215541,0.2329904228163446,-0.0506822204161119,0.1305132683158401,0.112985758913922,37433.51,1.2134931808596614,0.8415384211415233,0.0833027260028533,0,0.0715018677500262,True
